sa4_code,sa4_name,date,unemployed
101,Capital Region,2012-01-01,4.6
101,Capital Region,2012-02-01,4.4
101,Capital Region,2012-03-01,4.1
101,Capital Region,2012-04-01,4.1
101,Capital Region,2012-05-01,4.5
101,Capital Region,2012-06-01,4.8
101,Capital Region,2012-07-01,4.6
101,Capital Region,2012-08-01,4.0
101,Capital Region,2012-09-01,5.3
101,Capital Region,2012-10-01,4.7
101,Capital Region,2012-11-01,4.3
101,Capital Region,2012-12-01,4.7
101,Capital Region,2013-01-01,5.0
101,Capital Region,2013-02-01,4.7
101,Capital Region,2013-03-01,5.6
101,Capital Region,2013-04-01,4.8
101,Capital Region,2013-05-01,5.0
101,Capital Region,2013-06-01,4.9
101,Capital Region,2013-07-01,4.7
101,Capital Region,2013-08-01,4.6
101,Capital Region,2013-09-01,4.8
101,Capital Region,2013-10-01,5.1
101,Capital Region,2013-11-01,4.9
101,Capital Region,2013-12-01,4.9
101,Capital Region,2014-01-01,6.1
101,Capital Region,2014-02-01,6.0
101,Capital Region,2014-03-01,5.4
101,Capital Region,2014-04-01,5.3
101,Capital Region,2014-05-01,5.7
101,Capital Region,2014-06-01,5.6
101,Capital Region,2014-07-01,4.9
101,Capital Region,2014-08-01,5.6
101,Capital Region,2014-09-01,5.7
101,Capital Region,2014-10-01,6.0
101,Capital Region,2014-11-01,5.8
101,Capital Region,2014-12-01,4.8
101,Capital Region,2015-01-01,6.9
101,Capital Region,2015-02-01,6.9
101,Capital Region,2015-03-01,6.4
101,Capital Region,2015-04-01,6.2
101,Capital Region,2015-05-01,5.7
101,Capital Region,2015-06-01,5.4
101,Capital Region,2015-07-01,5.3
101,Capital Region,2015-08-01,6.0
101,Capital Region,2015-09-01,5.7
101,Capital Region,2015-10-01,5.2
101,Capital Region,2015-11-01,5.1
101,Capital Region,2015-12-01,4.5
101,Capital Region,2016-01-01,5.8
101,Capital Region,2016-02-01,5.1
101,Capital Region,2016-03-01,5.5
101,Capital Region,2016-04-01,4.8
101,Capital Region,2016-05-01,4.7
101,Capital Region,2016-06-01,4.9
101,Capital Region,2016-07-01,4.5
101,Capital Region,2016-08-01,4.6
101,Capital Region,2016-09-01,4.2
101,Capital Region,2016-10-01,4.5
101,Capital Region,2016-11-01,4.3
101,Capital Region,2016-12-01,4.4
101,Capital Region,2017-01-01,5.0
101,Capital Region,2017-02-01,5.3
101,Capital Region,2017-03-01,4.6
101,Capital Region,2017-04-01,4.2
101,Capital Region,2017-05-01,4.3
101,Capital Region,2017-06-01,4.2
101,Capital Region,2017-07-01,5.0
101,Capital Region,2017-08-01,4.3
101,Capital Region,2017-09-01,4.4
101,Capital Region,2017-10-01,4.3
101,Capital Region,2017-11-01,4.7
101,Capital Region,2017-12-01,4.5
101,Capital Region,2018-01-01,5.6
101,Capital Region,2018-02-01,5.2
101,Capital Region,2018-03-01,5.3
101,Capital Region,2018-04-01,4.9
101,Capital Region,2018-05-01,5.1
101,Capital Region,2018-06-01,4.7
101,Capital Region,2018-07-01,5.0
101,Capital Region,2018-08-01,5.0
101,Capital Region,2018-09-01,4.6
101,Capital Region,2018-10-01,4.6
101,Capital Region,2018-11-01,4.2
101,Capital Region,2018-12-01,4.5
101,Capital Region,2019-01-01,4.1
101,Capital Region,2019-02-01,4.4
101,Capital Region,2019-03-01,4.4
101,Capital Region,2019-04-01,4.4
101,Capital Region,2019-05-01,4.4
101,Capital Region,2019-06-01,4.1
101,Capital Region,2019-07-01,4.5
101,Capital Region,2019-08-01,4.4
101,Capital Region,2019-09-01,4.5
101,Capital Region,2019-10-01,4.3
101,Capital Region,2019-11-01,4.3
101,Capital Region,2019-12-01,4.1
101,Capital Region,2020-01-01,4.6
101,Capital Region,2020-02-01,5.0
101,Capital Region,2020-03-01,4.9
101,Capital Region,2020-04-01,5.5
101,Capital Region,2020-05-01,5.6
101,Capital Region,2020-06-01,6.1
101,Capital Region,2020-07-01,6.0
101,Capital Region,2020-08-01,4.9
101,Capital Region,2020-09-01,6.2
101,Capital Region,2020-10-01,5.2
101,Capital Region,2020-11-01,5.6
101,Capital Region,2020-12-01,4.6
101,Capital Region,2021-01-01,5.6
101,Capital Region,2021-02-01,5.0
101,Capital Region,2021-03-01,4.5
101,Capital Region,2021-04-01,4.4
101,Capital Region,2021-05-01,4.2
101,Capital Region,2021-06-01,4.9
101,Capital Region,2021-07-01,3.8
101,Capital Region,2021-08-01,3.9
101,Capital Region,2021-09-01,4.4
101,Capital Region,2021-10-01,4.6
101,Capital Region,2021-11-01,4.0
101,Capital Region,2021-12-01,3.6
101,Capital Region,2022-01-01,4.0
101,Capital Region,2022-02-01,4.0
101,Capital Region,2022-03-01,4.0
101,Capital Region,2022-04-01,3.4
101,Capital Region,2022-05-01,3.6
101,Capital Region,2022-06-01,3.4
101,Capital Region,2022-07-01,3.3
101,Capital Region,2022-08-01,3.3
101,Capital Region,2022-09-01,2.8
101,Capital Region,2022-10-01,3.2
101,Capital Region,2022-11-01,3.2
101,Capital Region,2022-12-01,3.2
101,Capital Region,2023-01-01,3.4
101,Capital Region,2023-02-01,3.0
101,Capital Region,2023-03-01,3.1
101,Capital Region,2023-04-01,3.4
101,Capital Region,2023-05-01,2.7
101,Capital Region,2023-06-01,3.1
101,Capital Region,2023-07-01,3.4
101,Capital Region,2023-08-01,3.3
101,Capital Region,2023-09-01,3.1
101,Capital Region,2023-10-01,3.5
101,Capital Region,2023-11-01,3.1
101,Capital Region,2023-12-01,3.2
101,Capital Region,2024-01-01,4.3
101,Capital Region,2024-02-01,3.2
101,Capital Region,2024-03-01,3.9
101,Capital Region,2024-04-01,3.9
101,Capital Region,2024-05-01,3.3
101,Capital Region,2024-06-01,3.5
101,Capital Region,2024-07-01,3.8
101,Capital Region,2024-08-01,4.1
101,Capital Region,2024-09-01,3.7
101,Capital Region,2024-10-01,3.7
101,Capital Region,2024-11-01,3.7
101,Capital Region,2024-12-01,3.4
101,Capital Region,2025-01-01,4.0
101,Capital Region,2025-02-01,4.1
101,Capital Region,2025-03-01,4.2
101,Capital Region,2025-04-01,3.8
101,Capital Region,2025-05-01,3.9
101,Capital Region,2025-06-01,3.9
101,Capital Region,2025-07-01,3.9
101,Capital Region,2025-08-01,4.3
101,Capital Region,2025-09-01,3.9
101,Capital Region,2025-10-01,3.6
101,Capital Region,2025-11-01,3.7
101,Capital Region,2025-12-01,3.8
101,Capital Region,2026-01-01,4.2
101,Capital Region,2026-02-01,4.1
101,Capital Region,2026-03-01,4.4
102,Central Coast,2012-01-01,8.8
102,Central Coast,2012-02-01,9.1
102,Central Coast,2012-03-01,8.5
102,Central Coast,2012-04-01,8.6
102,Central Coast,2012-05-01,7.9
102,Central Coast,2012-06-01,8.6
102,Central Coast,2012-07-01,8.2
102,Central Coast,2012-08-01,7.4
102,Central Coast,2012-09-01,8.4
102,Central Coast,2012-10-01,7.7
102,Central Coast,2012-11-01,8.3
102,Central Coast,2012-12-01,7.6
102,Central Coast,2013-01-01,8.0
102,Central Coast,2013-02-01,10.1
102,Central Coast,2013-03-01,10.0
102,Central Coast,2013-04-01,9.2
102,Central Coast,2013-05-01,9.9
102,Central Coast,2013-06-01,8.9
102,Central Coast,2013-07-01,9.3
102,Central Coast,2013-08-01,9.8
102,Central Coast,2013-09-01,9.3
102,Central Coast,2013-10-01,10.0
102,Central Coast,2013-11-01,10.5
102,Central Coast,2013-12-01,9.5
102,Central Coast,2014-01-01,10.1
102,Central Coast,2014-02-01,10.5
102,Central Coast,2014-03-01,8.9
102,Central Coast,2014-04-01,8.7
102,Central Coast,2014-05-01,10.8
102,Central Coast,2014-06-01,10.2
102,Central Coast,2014-07-01,9.1
102,Central Coast,2014-08-01,9.6
102,Central Coast,2014-09-01,10.1
102,Central Coast,2014-10-01,8.7
102,Central Coast,2014-11-01,9.8
102,Central Coast,2014-12-01,10.0
102,Central Coast,2015-01-01,10.7
102,Central Coast,2015-02-01,11.0
102,Central Coast,2015-03-01,9.8
102,Central Coast,2015-04-01,9.6
102,Central Coast,2015-05-01,9.0
102,Central Coast,2015-06-01,8.9
102,Central Coast,2015-07-01,10.3
102,Central Coast,2015-08-01,10.4
102,Central Coast,2015-09-01,10.9
102,Central Coast,2015-10-01,9.9
102,Central Coast,2015-11-01,9.3
102,Central Coast,2015-12-01,8.9
102,Central Coast,2016-01-01,10.5
102,Central Coast,2016-02-01,10.2
102,Central Coast,2016-03-01,10.1
102,Central Coast,2016-04-01,9.2
102,Central Coast,2016-05-01,8.8
102,Central Coast,2016-06-01,9.3
102,Central Coast,2016-07-01,9.7
102,Central Coast,2016-08-01,9.2
102,Central Coast,2016-09-01,8.6
102,Central Coast,2016-10-01,8.8
102,Central Coast,2016-11-01,8.8
102,Central Coast,2016-12-01,9.4
102,Central Coast,2017-01-01,11.0
102,Central Coast,2017-02-01,10.8
102,Central Coast,2017-03-01,10.5
102,Central Coast,2017-04-01,9.1
102,Central Coast,2017-05-01,8.6
102,Central Coast,2017-06-01,9.6
102,Central Coast,2017-07-01,9.7
102,Central Coast,2017-08-01,9.3
102,Central Coast,2017-09-01,9.1
102,Central Coast,2017-10-01,8.8
102,Central Coast,2017-11-01,8.2
102,Central Coast,2017-12-01,8.8
102,Central Coast,2018-01-01,10.3
102,Central Coast,2018-02-01,10.7
102,Central Coast,2018-03-01,10.0
102,Central Coast,2018-04-01,9.4
102,Central Coast,2018-05-01,9.3
102,Central Coast,2018-06-01,8.9
102,Central Coast,2018-07-01,9.6
102,Central Coast,2018-08-01,9.2
102,Central Coast,2018-09-01,8.9
102,Central Coast,2018-10-01,9.0
102,Central Coast,2018-11-01,7.6
102,Central Coast,2018-12-01,9.0
102,Central Coast,2019-01-01,8.2
102,Central Coast,2019-02-01,9.7
102,Central Coast,2019-03-01,9.7
102,Central Coast,2019-04-01,9.9
102,Central Coast,2019-05-01,10.3
102,Central Coast,2019-06-01,9.7
102,Central Coast,2019-07-01,9.9
102,Central Coast,2019-08-01,9.0
102,Central Coast,2019-09-01,9.5
102,Central Coast,2019-10-01,9.3
102,Central Coast,2019-11-01,9.1
102,Central Coast,2019-12-01,9.2
102,Central Coast,2020-01-01,9.9
102,Central Coast,2020-02-01,10.3
102,Central Coast,2020-03-01,10.2
102,Central Coast,2020-04-01,12.0
102,Central Coast,2020-05-01,10.8
102,Central Coast,2020-06-01,11.0
102,Central Coast,2020-07-01,11.2
102,Central Coast,2020-08-01,10.9
102,Central Coast,2020-09-01,11.6
102,Central Coast,2020-10-01,11.2
102,Central Coast,2020-11-01,11.4
102,Central Coast,2020-12-01,10.7
102,Central Coast,2021-01-01,11.2
102,Central Coast,2021-02-01,11.0
102,Central Coast,2021-03-01,10.9
102,Central Coast,2021-04-01,9.7
102,Central Coast,2021-05-01,9.6
102,Central Coast,2021-06-01,9.9
102,Central Coast,2021-07-01,7.8
102,Central Coast,2021-08-01,8.5
102,Central Coast,2021-09-01,6.9
102,Central Coast,2021-10-01,9.2
102,Central Coast,2021-11-01,8.7
102,Central Coast,2021-12-01,6.4
102,Central Coast,2022-01-01,8.1
102,Central Coast,2022-02-01,7.0
102,Central Coast,2022-03-01,7.8
102,Central Coast,2022-04-01,6.5
102,Central Coast,2022-05-01,6.6
102,Central Coast,2022-06-01,6.6
102,Central Coast,2022-07-01,6.5
102,Central Coast,2022-08-01,6.6
102,Central Coast,2022-09-01,6.3
102,Central Coast,2022-10-01,5.5
102,Central Coast,2022-11-01,6.2
102,Central Coast,2022-12-01,5.8
102,Central Coast,2023-01-01,6.5
102,Central Coast,2023-02-01,6.3
102,Central Coast,2023-03-01,6.6
102,Central Coast,2023-04-01,6.3
102,Central Coast,2023-05-01,5.8
102,Central Coast,2023-06-01,5.0
102,Central Coast,2023-07-01,7.4
102,Central Coast,2023-08-01,6.5
102,Central Coast,2023-09-01,5.8
102,Central Coast,2023-10-01,6.5
102,Central Coast,2023-11-01,6.2
102,Central Coast,2023-12-01,6.2
102,Central Coast,2024-01-01,8.1
102,Central Coast,2024-02-01,6.6
102,Central Coast,2024-03-01,8.1
102,Central Coast,2024-04-01,7.2
102,Central Coast,2024-05-01,7.0
102,Central Coast,2024-06-01,7.4
102,Central Coast,2024-07-01,8.1
102,Central Coast,2024-08-01,7.0
102,Central Coast,2024-09-01,6.8
102,Central Coast,2024-10-01,7.3
102,Central Coast,2024-11-01,7.2
102,Central Coast,2024-12-01,6.8
102,Central Coast,2025-01-01,8.6
102,Central Coast,2025-02-01,8.6
102,Central Coast,2025-03-01,7.4
102,Central Coast,2025-04-01,7.1
102,Central Coast,2025-05-01,7.8
102,Central Coast,2025-06-01,8.5
102,Central Coast,2025-07-01,7.8
102,Central Coast,2025-08-01,7.5
102,Central Coast,2025-09-01,7.7
102,Central Coast,2025-10-01,7.2
102,Central Coast,2025-11-01,7.2
102,Central Coast,2025-12-01,6.3
102,Central Coast,2026-01-01,8.7
102,Central Coast,2026-02-01,7.9
102,Central Coast,2026-03-01,9.2
103,New South Wales - Central West,2012-01-01,4.7
103,New South Wales - Central West,2012-02-01,5.0
103,New South Wales - Central West,2012-03-01,4.0
103,New South Wales - Central West,2012-04-01,3.9
103,New South Wales - Central West,2012-05-01,4.2
103,New South Wales - Central West,2012-06-01,4.5
103,New South Wales - Central West,2012-07-01,4.4
103,New South Wales - Central West,2012-08-01,3.9
103,New South Wales - Central West,2012-09-01,4.6
103,New South Wales - Central West,2012-10-01,4.5
103,New South Wales - Central West,2012-11-01,4.5
103,New South Wales - Central West,2012-12-01,4.6
103,New South Wales - Central West,2013-01-01,4.7
103,New South Wales - Central West,2013-02-01,5.2
103,New South Wales - Central West,2013-03-01,5.3
103,New South Wales - Central West,2013-04-01,5.0
103,New South Wales - Central West,2013-05-01,5.0
103,New South Wales - Central West,2013-06-01,4.7
103,New South Wales - Central West,2013-07-01,4.8
103,New South Wales - Central West,2013-08-01,4.9
103,New South Wales - Central West,2013-09-01,4.7
103,New South Wales - Central West,2013-10-01,5.0
103,New South Wales - Central West,2013-11-01,5.1
103,New South Wales - Central West,2013-12-01,4.9
103,New South Wales - Central West,2014-01-01,5.4
103,New South Wales - Central West,2014-02-01,5.9
103,New South Wales - Central West,2014-03-01,5.1
103,New South Wales - Central West,2014-04-01,5.1
103,New South Wales - Central West,2014-05-01,5.2
103,New South Wales - Central West,2014-06-01,5.3
103,New South Wales - Central West,2014-07-01,5.7
103,New South Wales - Central West,2014-08-01,5.3
103,New South Wales - Central West,2014-09-01,5.3
103,New South Wales - Central West,2014-10-01,5.7
103,New South Wales - Central West,2014-11-01,5.9
103,New South Wales - Central West,2014-12-01,6.0
103,New South Wales - Central West,2015-01-01,6.7
103,New South Wales - Central West,2015-02-01,6.9
103,New South Wales - Central West,2015-03-01,6.6
103,New South Wales - Central West,2015-04-01,5.9
103,New South Wales - Central West,2015-05-01,5.9
103,New South Wales - Central West,2015-06-01,5.8
103,New South Wales - Central West,2015-07-01,5.7
103,New South Wales - Central West,2015-08-01,6.2
103,New South Wales - Central West,2015-09-01,6.1
103,New South Wales - Central West,2015-10-01,5.7
103,New South Wales - Central West,2015-11-01,5.2
103,New South Wales - Central West,2015-12-01,5.0
103,New South Wales - Central West,2016-01-01,5.8
103,New South Wales - Central West,2016-02-01,5.3
103,New South Wales - Central West,2016-03-01,5.6
103,New South Wales - Central West,2016-04-01,5.1
103,New South Wales - Central West,2016-05-01,4.9
103,New South Wales - Central West,2016-06-01,5.4
103,New South Wales - Central West,2016-07-01,4.6
103,New South Wales - Central West,2016-08-01,5.1
103,New South Wales - Central West,2016-09-01,4.5
103,New South Wales - Central West,2016-10-01,4.6
103,New South Wales - Central West,2016-11-01,4.6
103,New South Wales - Central West,2016-12-01,4.9
103,New South Wales - Central West,2017-01-01,5.0
103,New South Wales - Central West,2017-02-01,5.2
103,New South Wales - Central West,2017-03-01,5.3
103,New South Wales - Central West,2017-04-01,4.4
103,New South Wales - Central West,2017-05-01,4.4
103,New South Wales - Central West,2017-06-01,4.4
103,New South Wales - Central West,2017-07-01,4.9
103,New South Wales - Central West,2017-08-01,4.7
103,New South Wales - Central West,2017-09-01,4.7
103,New South Wales - Central West,2017-10-01,4.7
103,New South Wales - Central West,2017-11-01,3.9
103,New South Wales - Central West,2017-12-01,5.0
103,New South Wales - Central West,2018-01-01,5.9
103,New South Wales - Central West,2018-02-01,5.4
103,New South Wales - Central West,2018-03-01,5.4
103,New South Wales - Central West,2018-04-01,5.0
103,New South Wales - Central West,2018-05-01,5.1
103,New South Wales - Central West,2018-06-01,5.2
103,New South Wales - Central West,2018-07-01,5.1
103,New South Wales - Central West,2018-08-01,4.9
103,New South Wales - Central West,2018-09-01,4.6
103,New South Wales - Central West,2018-10-01,4.6
103,New South Wales - Central West,2018-11-01,4.5
103,New South Wales - Central West,2018-12-01,4.4
103,New South Wales - Central West,2019-01-01,4.1
103,New South Wales - Central West,2019-02-01,4.9
103,New South Wales - Central West,2019-03-01,4.5
103,New South Wales - Central West,2019-04-01,4.6
103,New South Wales - Central West,2019-05-01,4.8
103,New South Wales - Central West,2019-06-01,4.5
103,New South Wales - Central West,2019-07-01,4.0
103,New South Wales - Central West,2019-08-01,4.5
103,New South Wales - Central West,2019-09-01,4.7
103,New South Wales - Central West,2019-10-01,5.1
103,New South Wales - Central West,2019-11-01,4.4
103,New South Wales - Central West,2019-12-01,4.1
103,New South Wales - Central West,2020-01-01,5.2
103,New South Wales - Central West,2020-02-01,4.8
103,New South Wales - Central West,2020-03-01,5.0
103,New South Wales - Central West,2020-04-01,5.6
103,New South Wales - Central West,2020-05-01,5.1
103,New South Wales - Central West,2020-06-01,5.5
103,New South Wales - Central West,2020-07-01,5.8
103,New South Wales - Central West,2020-08-01,5.4
103,New South Wales - Central West,2020-09-01,6.0
103,New South Wales - Central West,2020-10-01,5.2
103,New South Wales - Central West,2020-11-01,5.1
103,New South Wales - Central West,2020-12-01,5.1
103,New South Wales - Central West,2021-01-01,5.1
103,New South Wales - Central West,2021-02-01,4.7
103,New South Wales - Central West,2021-03-01,4.5
103,New South Wales - Central West,2021-04-01,4.6
103,New South Wales - Central West,2021-05-01,4.0
103,New South Wales - Central West,2021-06-01,4.3
103,New South Wales - Central West,2021-07-01,4.0
103,New South Wales - Central West,2021-08-01,4.2
103,New South Wales - Central West,2021-09-01,4.0
103,New South Wales - Central West,2021-10-01,4.7
103,New South Wales - Central West,2021-11-01,3.7
103,New South Wales - Central West,2021-12-01,3.6
103,New South Wales - Central West,2022-01-01,4.3
103,New South Wales - Central West,2022-02-01,4.1
103,New South Wales - Central West,2022-03-01,3.4
103,New South Wales - Central West,2022-04-01,3.4
103,New South Wales - Central West,2022-05-01,3.7
103,New South Wales - Central West,2022-06-01,3.3
103,New South Wales - Central West,2022-07-01,3.5
103,New South Wales - Central West,2022-08-01,3.4
103,New South Wales - Central West,2022-09-01,3.0
103,New South Wales - Central West,2022-10-01,3.1
103,New South Wales - Central West,2022-11-01,3.4
103,New South Wales - Central West,2022-12-01,3.1
103,New South Wales - Central West,2023-01-01,3.2
103,New South Wales - Central West,2023-02-01,3.7
103,New South Wales - Central West,2023-03-01,3.6
103,New South Wales - Central West,2023-04-01,3.3
103,New South Wales - Central West,2023-05-01,3.2
103,New South Wales - Central West,2023-06-01,3.4
103,New South Wales - Central West,2023-07-01,3.0
103,New South Wales - Central West,2023-08-01,3.6
103,New South Wales - Central West,2023-09-01,3.3
103,New South Wales - Central West,2023-10-01,3.3
103,New South Wales - Central West,2023-11-01,3.6
103,New South Wales - Central West,2023-12-01,3.8
103,New South Wales - Central West,2024-01-01,4.0
103,New South Wales - Central West,2024-02-01,3.6
103,New South Wales - Central West,2024-03-01,4.1
103,New South Wales - Central West,2024-04-01,3.9
103,New South Wales - Central West,2024-05-01,3.9
103,New South Wales - Central West,2024-06-01,3.9
103,New South Wales - Central West,2024-07-01,4.1
103,New South Wales - Central West,2024-08-01,4.3
103,New South Wales - Central West,2024-09-01,3.5
103,New South Wales - Central West,2024-10-01,3.6
103,New South Wales - Central West,2024-11-01,3.6
103,New South Wales - Central West,2024-12-01,4.0
103,New South Wales - Central West,2025-01-01,4.7
103,New South Wales - Central West,2025-02-01,4.4
103,New South Wales - Central West,2025-03-01,3.8
103,New South Wales - Central West,2025-04-01,3.9
103,New South Wales - Central West,2025-05-01,4.2
103,New South Wales - Central West,2025-06-01,4.3
103,New South Wales - Central West,2025-07-01,4.3
103,New South Wales - Central West,2025-08-01,4.3
103,New South Wales - Central West,2025-09-01,4.2
103,New South Wales - Central West,2025-10-01,4.1
103,New South Wales - Central West,2025-11-01,3.9
103,New South Wales - Central West,2025-12-01,3.8
103,New South Wales - Central West,2026-01-01,4.5
103,New South Wales - Central West,2026-02-01,4.3
103,New South Wales - Central West,2026-03-01,4.6
104,Coffs Harbour - Grafton,2012-01-01,4.1
104,Coffs Harbour - Grafton,2012-02-01,4.3
104,Coffs Harbour - Grafton,2012-03-01,3.9
104,Coffs Harbour - Grafton,2012-04-01,3.7
104,Coffs Harbour - Grafton,2012-05-01,4.1
104,Coffs Harbour - Grafton,2012-06-01,3.7
104,Coffs Harbour - Grafton,2012-07-01,3.8
104,Coffs Harbour - Grafton,2012-08-01,3.6
104,Coffs Harbour - Grafton,2012-09-01,4.3
104,Coffs Harbour - Grafton,2012-10-01,4.1
104,Coffs Harbour - Grafton,2012-11-01,3.7
104,Coffs Harbour - Grafton,2012-12-01,3.9
104,Coffs Harbour - Grafton,2013-01-01,4.3
104,Coffs Harbour - Grafton,2013-02-01,4.6
104,Coffs Harbour - Grafton,2013-03-01,4.4
104,Coffs Harbour - Grafton,2013-04-01,4.1
104,Coffs Harbour - Grafton,2013-05-01,4.3
104,Coffs Harbour - Grafton,2013-06-01,4.0
104,Coffs Harbour - Grafton,2013-07-01,4.0
104,Coffs Harbour - Grafton,2013-08-01,4.1
104,Coffs Harbour - Grafton,2013-09-01,3.8
104,Coffs Harbour - Grafton,2013-10-01,4.0
104,Coffs Harbour - Grafton,2013-11-01,4.1
104,Coffs Harbour - Grafton,2013-12-01,4.1
104,Coffs Harbour - Grafton,2014-01-01,4.6
104,Coffs Harbour - Grafton,2014-02-01,4.9
104,Coffs Harbour - Grafton,2014-03-01,4.3
104,Coffs Harbour - Grafton,2014-04-01,4.0
104,Coffs Harbour - Grafton,2014-05-01,4.4
104,Coffs Harbour - Grafton,2014-06-01,4.3
104,Coffs Harbour - Grafton,2014-07-01,4.3
104,Coffs Harbour - Grafton,2014-08-01,4.5
104,Coffs Harbour - Grafton,2014-09-01,4.5
104,Coffs Harbour - Grafton,2014-10-01,4.3
104,Coffs Harbour - Grafton,2014-11-01,4.9
104,Coffs Harbour - Grafton,2014-12-01,4.5
104,Coffs Harbour - Grafton,2015-01-01,5.2
104,Coffs Harbour - Grafton,2015-02-01,5.4
104,Coffs Harbour - Grafton,2015-03-01,5.1
104,Coffs Harbour - Grafton,2015-04-01,4.9
104,Coffs Harbour - Grafton,2015-05-01,4.5
104,Coffs Harbour - Grafton,2015-06-01,4.5
104,Coffs Harbour - Grafton,2015-07-01,4.4
104,Coffs Harbour - Grafton,2015-08-01,4.4
104,Coffs Harbour - Grafton,2015-09-01,4.5
104,Coffs Harbour - Grafton,2015-10-01,4.2
104,Coffs Harbour - Grafton,2015-11-01,3.8
104,Coffs Harbour - Grafton,2015-12-01,3.9
104,Coffs Harbour - Grafton,2016-01-01,4.2
104,Coffs Harbour - Grafton,2016-02-01,4.5
104,Coffs Harbour - Grafton,2016-03-01,4.0
104,Coffs Harbour - Grafton,2016-04-01,3.7
104,Coffs Harbour - Grafton,2016-05-01,3.2
104,Coffs Harbour - Grafton,2016-06-01,3.9
104,Coffs Harbour - Grafton,2016-07-01,3.6
104,Coffs Harbour - Grafton,2016-08-01,3.6
104,Coffs Harbour - Grafton,2016-09-01,3.3
104,Coffs Harbour - Grafton,2016-10-01,3.5
104,Coffs Harbour - Grafton,2016-11-01,3.4
104,Coffs Harbour - Grafton,2016-12-01,3.6
104,Coffs Harbour - Grafton,2017-01-01,3.9
104,Coffs Harbour - Grafton,2017-02-01,4.0
104,Coffs Harbour - Grafton,2017-03-01,4.0
104,Coffs Harbour - Grafton,2017-04-01,3.5
104,Coffs Harbour - Grafton,2017-05-01,3.5
104,Coffs Harbour - Grafton,2017-06-01,3.5
104,Coffs Harbour - Grafton,2017-07-01,3.6
104,Coffs Harbour - Grafton,2017-08-01,3.6
104,Coffs Harbour - Grafton,2017-09-01,3.3
104,Coffs Harbour - Grafton,2017-10-01,3.7
104,Coffs Harbour - Grafton,2017-11-01,3.5
104,Coffs Harbour - Grafton,2017-12-01,3.5
104,Coffs Harbour - Grafton,2018-01-01,4.4
104,Coffs Harbour - Grafton,2018-02-01,4.3
104,Coffs Harbour - Grafton,2018-03-01,4.2
104,Coffs Harbour - Grafton,2018-04-01,4.0
104,Coffs Harbour - Grafton,2018-05-01,4.0
104,Coffs Harbour - Grafton,2018-06-01,3.9
104,Coffs Harbour - Grafton,2018-07-01,4.0
104,Coffs Harbour - Grafton,2018-08-01,3.8
104,Coffs Harbour - Grafton,2018-09-01,3.7
104,Coffs Harbour - Grafton,2018-10-01,3.6
104,Coffs Harbour - Grafton,2018-11-01,3.5
104,Coffs Harbour - Grafton,2018-12-01,3.5
104,Coffs Harbour - Grafton,2019-01-01,3.5
104,Coffs Harbour - Grafton,2019-02-01,3.5
104,Coffs Harbour - Grafton,2019-03-01,3.6
104,Coffs Harbour - Grafton,2019-04-01,3.4
104,Coffs Harbour - Grafton,2019-05-01,3.6
104,Coffs Harbour - Grafton,2019-06-01,3.4
104,Coffs Harbour - Grafton,2019-07-01,3.4
104,Coffs Harbour - Grafton,2019-08-01,3.6
104,Coffs Harbour - Grafton,2019-09-01,3.5
104,Coffs Harbour - Grafton,2019-10-01,3.7
104,Coffs Harbour - Grafton,2019-11-01,3.5
104,Coffs Harbour - Grafton,2019-12-01,3.5
104,Coffs Harbour - Grafton,2020-01-01,3.9
104,Coffs Harbour - Grafton,2020-02-01,4.1
104,Coffs Harbour - Grafton,2020-03-01,3.7
104,Coffs Harbour - Grafton,2020-04-01,3.9
104,Coffs Harbour - Grafton,2020-05-01,4.3
104,Coffs Harbour - Grafton,2020-06-01,4.6
104,Coffs Harbour - Grafton,2020-07-01,4.6
104,Coffs Harbour - Grafton,2020-08-01,4.3
104,Coffs Harbour - Grafton,2020-09-01,4.6
104,Coffs Harbour - Grafton,2020-10-01,4.2
104,Coffs Harbour - Grafton,2020-11-01,4.0
104,Coffs Harbour - Grafton,2020-12-01,3.9
104,Coffs Harbour - Grafton,2021-01-01,3.6
104,Coffs Harbour - Grafton,2021-02-01,4.1
104,Coffs Harbour - Grafton,2021-03-01,3.9
104,Coffs Harbour - Grafton,2021-04-01,3.7
104,Coffs Harbour - Grafton,2021-05-01,3.4
104,Coffs Harbour - Grafton,2021-06-01,3.7
104,Coffs Harbour - Grafton,2021-07-01,3.1
104,Coffs Harbour - Grafton,2021-08-01,3.1
104,Coffs Harbour - Grafton,2021-09-01,3.1
104,Coffs Harbour - Grafton,2021-10-01,2.9
104,Coffs Harbour - Grafton,2021-11-01,3.4
104,Coffs Harbour - Grafton,2021-12-01,2.9
104,Coffs Harbour - Grafton,2022-01-01,3.2
104,Coffs Harbour - Grafton,2022-02-01,3.4
104,Coffs Harbour - Grafton,2022-03-01,3.3
104,Coffs Harbour - Grafton,2022-04-01,2.9
104,Coffs Harbour - Grafton,2022-05-01,3.0
104,Coffs Harbour - Grafton,2022-06-01,2.8
104,Coffs Harbour - Grafton,2022-07-01,2.5
104,Coffs Harbour - Grafton,2022-08-01,2.8
104,Coffs Harbour - Grafton,2022-09-01,2.8
104,Coffs Harbour - Grafton,2022-10-01,2.4
104,Coffs Harbour - Grafton,2022-11-01,2.6
104,Coffs Harbour - Grafton,2022-12-01,2.5
104,Coffs Harbour - Grafton,2023-01-01,2.8
104,Coffs Harbour - Grafton,2023-02-01,2.9
104,Coffs Harbour - Grafton,2023-03-01,2.6
104,Coffs Harbour - Grafton,2023-04-01,2.5
104,Coffs Harbour - Grafton,2023-05-01,2.8
104,Coffs Harbour - Grafton,2023-06-01,2.3
104,Coffs Harbour - Grafton,2023-07-01,2.7
104,Coffs Harbour - Grafton,2023-08-01,2.9
104,Coffs Harbour - Grafton,2023-09-01,2.8
104,Coffs Harbour - Grafton,2023-10-01,2.9
104,Coffs Harbour - Grafton,2023-11-01,2.6
104,Coffs Harbour - Grafton,2023-12-01,2.6
104,Coffs Harbour - Grafton,2024-01-01,3.4
104,Coffs Harbour - Grafton,2024-02-01,2.9
104,Coffs Harbour - Grafton,2024-03-01,3.2
104,Coffs Harbour - Grafton,2024-04-01,3.1
104,Coffs Harbour - Grafton,2024-05-01,2.9
104,Coffs Harbour - Grafton,2024-06-01,2.9
104,Coffs Harbour - Grafton,2024-07-01,3.1
104,Coffs Harbour - Grafton,2024-08-01,3.0
104,Coffs Harbour - Grafton,2024-09-01,3.0
104,Coffs Harbour - Grafton,2024-10-01,3.0
104,Coffs Harbour - Grafton,2024-11-01,2.9
104,Coffs Harbour - Grafton,2024-12-01,3.0
104,Coffs Harbour - Grafton,2025-01-01,3.3
104,Coffs Harbour - Grafton,2025-02-01,3.2
104,Coffs Harbour - Grafton,2025-03-01,3.4
104,Coffs Harbour - Grafton,2025-04-01,2.8
104,Coffs Harbour - Grafton,2025-05-01,3.2
104,Coffs Harbour - Grafton,2025-06-01,3.4
104,Coffs Harbour - Grafton,2025-07-01,3.0
104,Coffs Harbour - Grafton,2025-08-01,3.3
104,Coffs Harbour - Grafton,2025-09-01,3.2
104,Coffs Harbour - Grafton,2025-10-01,3.1
104,Coffs Harbour - Grafton,2025-11-01,2.9
104,Coffs Harbour - Grafton,2025-12-01,2.9
104,Coffs Harbour - Grafton,2026-01-01,3.4
104,Coffs Harbour - Grafton,2026-02-01,3.5
104,Coffs Harbour - Grafton,2026-03-01,3.2
105,Far West and Orana,2012-01-01,2.2
105,Far West and Orana,2012-02-01,2.5
105,Far West and Orana,2012-03-01,2.2
105,Far West and Orana,2012-04-01,2.2
105,Far West and Orana,2012-05-01,2.2
105,Far West and Orana,2012-06-01,2.4
105,Far West and Orana,2012-07-01,2.1
105,Far West and Orana,2012-08-01,2.3
105,Far West and Orana,2012-09-01,2.4
105,Far West and Orana,2012-10-01,2.4
105,Far West and Orana,2012-11-01,2.3
105,Far West and Orana,2012-12-01,2.1
105,Far West and Orana,2013-01-01,2.5
105,Far West and Orana,2013-02-01,2.8
105,Far West and Orana,2013-03-01,2.5
105,Far West and Orana,2013-04-01,2.3
105,Far West and Orana,2013-05-01,2.5
105,Far West and Orana,2013-06-01,2.3
105,Far West and Orana,2013-07-01,2.4
105,Far West and Orana,2013-08-01,2.7
105,Far West and Orana,2013-09-01,2.3
105,Far West and Orana,2013-10-01,2.4
105,Far West and Orana,2013-11-01,2.5
105,Far West and Orana,2013-12-01,2.5
105,Far West and Orana,2014-01-01,2.8
105,Far West and Orana,2014-02-01,2.8
105,Far West and Orana,2014-03-01,2.5
105,Far West and Orana,2014-04-01,2.6
105,Far West and Orana,2014-05-01,2.6
105,Far West and Orana,2014-06-01,2.6
105,Far West and Orana,2014-07-01,2.5
105,Far West and Orana,2014-08-01,2.4
105,Far West and Orana,2014-09-01,2.7
105,Far West and Orana,2014-10-01,2.6
105,Far West and Orana,2014-11-01,2.8
105,Far West and Orana,2014-12-01,2.8
105,Far West and Orana,2015-01-01,3.1
105,Far West and Orana,2015-02-01,3.2
105,Far West and Orana,2015-03-01,2.9
105,Far West and Orana,2015-04-01,2.9
105,Far West and Orana,2015-05-01,2.7
105,Far West and Orana,2015-06-01,2.7
105,Far West and Orana,2015-07-01,2.9
105,Far West and Orana,2015-08-01,3.0
105,Far West and Orana,2015-09-01,2.9
105,Far West and Orana,2015-10-01,2.9
105,Far West and Orana,2015-11-01,2.7
105,Far West and Orana,2015-12-01,2.6
105,Far West and Orana,2016-01-01,3.0
105,Far West and Orana,2016-02-01,2.9
105,Far West and Orana,2016-03-01,2.8
105,Far West and Orana,2016-04-01,2.6
105,Far West and Orana,2016-05-01,2.6
105,Far West and Orana,2016-06-01,2.6
105,Far West and Orana,2016-07-01,2.6
105,Far West and Orana,2016-08-01,2.5
105,Far West and Orana,2016-09-01,2.3
105,Far West and Orana,2016-10-01,2.4
105,Far West and Orana,2016-11-01,2.3
105,Far West and Orana,2016-12-01,2.3
105,Far West and Orana,2017-01-01,2.6
105,Far West and Orana,2017-02-01,2.6
105,Far West and Orana,2017-03-01,2.5
105,Far West and Orana,2017-04-01,2.2
105,Far West and Orana,2017-05-01,2.3
105,Far West and Orana,2017-06-01,2.3
105,Far West and Orana,2017-07-01,2.4
105,Far West and Orana,2017-08-01,2.3
105,Far West and Orana,2017-09-01,2.3
105,Far West and Orana,2017-10-01,2.4
105,Far West and Orana,2017-11-01,2.2
105,Far West and Orana,2017-12-01,2.4
105,Far West and Orana,2018-01-01,2.9
105,Far West and Orana,2018-02-01,2.9
105,Far West and Orana,2018-03-01,2.8
105,Far West and Orana,2018-04-01,2.5
105,Far West and Orana,2018-05-01,2.7
105,Far West and Orana,2018-06-01,2.5
105,Far West and Orana,2018-07-01,2.6
105,Far West and Orana,2018-08-01,2.4
105,Far West and Orana,2018-09-01,2.4
105,Far West and Orana,2018-10-01,2.4
105,Far West and Orana,2018-11-01,2.3
105,Far West and Orana,2018-12-01,2.3
105,Far West and Orana,2019-01-01,2.3
105,Far West and Orana,2019-02-01,2.4
105,Far West and Orana,2019-03-01,2.2
105,Far West and Orana,2019-04-01,2.4
105,Far West and Orana,2019-05-01,2.4
105,Far West and Orana,2019-06-01,2.4
105,Far West and Orana,2019-07-01,2.4
105,Far West and Orana,2019-08-01,2.4
105,Far West and Orana,2019-09-01,2.4
105,Far West and Orana,2019-10-01,2.6
105,Far West and Orana,2019-11-01,2.3
105,Far West and Orana,2019-12-01,2.3
105,Far West and Orana,2020-01-01,2.6
105,Far West and Orana,2020-02-01,2.6
105,Far West and Orana,2020-03-01,2.6
105,Far West and Orana,2020-04-01,2.7
105,Far West and Orana,2020-05-01,2.5
105,Far West and Orana,2020-06-01,2.6
105,Far West and Orana,2020-07-01,2.8
105,Far West and Orana,2020-08-01,2.7
105,Far West and Orana,2020-09-01,2.7
105,Far West and Orana,2020-10-01,2.8
105,Far West and Orana,2020-11-01,2.5
105,Far West and Orana,2020-12-01,2.8
105,Far West and Orana,2021-01-01,2.8
105,Far West and Orana,2021-02-01,2.7
105,Far West and Orana,2021-03-01,2.6
105,Far West and Orana,2021-04-01,2.2
105,Far West and Orana,2021-05-01,2.3
105,Far West and Orana,2021-06-01,2.4
105,Far West and Orana,2021-07-01,2.2
105,Far West and Orana,2021-08-01,2.2
105,Far West and Orana,2021-09-01,2.1
105,Far West and Orana,2021-10-01,2.3
105,Far West and Orana,2021-11-01,2.1
105,Far West and Orana,2021-12-01,2.0
105,Far West and Orana,2022-01-01,2.2
105,Far West and Orana,2022-02-01,2.1
105,Far West and Orana,2022-03-01,2.1
105,Far West and Orana,2022-04-01,1.9
105,Far West and Orana,2022-05-01,2.1
105,Far West and Orana,2022-06-01,1.9
105,Far West and Orana,2022-07-01,1.9
105,Far West and Orana,2022-08-01,1.8
105,Far West and Orana,2022-09-01,2.0
105,Far West and Orana,2022-10-01,1.8
105,Far West and Orana,2022-11-01,1.8
105,Far West and Orana,2022-12-01,1.9
105,Far West and Orana,2023-01-01,2.0
105,Far West and Orana,2023-02-01,2.1
105,Far West and Orana,2023-03-01,2.1
105,Far West and Orana,2023-04-01,2.1
105,Far West and Orana,2023-05-01,1.8
105,Far West and Orana,2023-06-01,1.8
105,Far West and Orana,2023-07-01,2.0
105,Far West and Orana,2023-08-01,2.2
105,Far West and Orana,2023-09-01,2.0
105,Far West and Orana,2023-10-01,1.9
105,Far West and Orana,2023-11-01,1.9
105,Far West and Orana,2023-12-01,2.1
105,Far West and Orana,2024-01-01,2.3
105,Far West and Orana,2024-02-01,2.3
105,Far West and Orana,2024-03-01,2.3
105,Far West and Orana,2024-04-01,2.2
105,Far West and Orana,2024-05-01,2.1
105,Far West and Orana,2024-06-01,2.0
105,Far West and Orana,2024-07-01,2.3
105,Far West and Orana,2024-08-01,2.3
105,Far West and Orana,2024-09-01,2.1
105,Far West and Orana,2024-10-01,2.2
105,Far West and Orana,2024-11-01,2.2
105,Far West and Orana,2024-12-01,2.1
105,Far West and Orana,2025-01-01,2.4
105,Far West and Orana,2025-02-01,2.4
105,Far West and Orana,2025-03-01,2.4
105,Far West and Orana,2025-04-01,2.1
105,Far West and Orana,2025-05-01,2.2
105,Far West and Orana,2025-06-01,2.4
105,Far West and Orana,2025-07-01,2.2
105,Far West and Orana,2025-08-01,2.4
105,Far West and Orana,2025-09-01,2.4
105,Far West and Orana,2025-10-01,2.5
105,Far West and Orana,2025-11-01,1.8
105,Far West and Orana,2025-12-01,2.1
105,Far West and Orana,2026-01-01,2.5
105,Far West and Orana,2026-02-01,2.4
105,Far West and Orana,2026-03-01,2.5
106,Hunter Valley exc Newcastle,2012-01-01,5.2
106,Hunter Valley exc Newcastle,2012-02-01,5.3
106,Hunter Valley exc Newcastle,2012-03-01,5.4
106,Hunter Valley exc Newcastle,2012-04-01,4.5
106,Hunter Valley exc Newcastle,2012-05-01,5.4
106,Hunter Valley exc Newcastle,2012-06-01,5.6
106,Hunter Valley exc Newcastle,2012-07-01,5.1
106,Hunter Valley exc Newcastle,2012-08-01,4.9
106,Hunter Valley exc Newcastle,2012-09-01,6.1
106,Hunter Valley exc Newcastle,2012-10-01,5.8
106,Hunter Valley exc Newcastle,2012-11-01,5.2
106,Hunter Valley exc Newcastle,2012-12-01,5.6
106,Hunter Valley exc Newcastle,2013-01-01,5.5
106,Hunter Valley exc Newcastle,2013-02-01,6.9
106,Hunter Valley exc Newcastle,2013-03-01,6.9
106,Hunter Valley exc Newcastle,2013-04-01,6.4
106,Hunter Valley exc Newcastle,2013-05-01,6.7
106,Hunter Valley exc Newcastle,2013-06-01,6.7
106,Hunter Valley exc Newcastle,2013-07-01,6.2
106,Hunter Valley exc Newcastle,2013-08-01,5.8
106,Hunter Valley exc Newcastle,2013-09-01,7.0
106,Hunter Valley exc Newcastle,2013-10-01,7.0
106,Hunter Valley exc Newcastle,2013-11-01,6.7
106,Hunter Valley exc Newcastle,2013-12-01,6.3
106,Hunter Valley exc Newcastle,2014-01-01,7.9
106,Hunter Valley exc Newcastle,2014-02-01,8.2
106,Hunter Valley exc Newcastle,2014-03-01,7.3
106,Hunter Valley exc Newcastle,2014-04-01,7.4
106,Hunter Valley exc Newcastle,2014-05-01,8.0
106,Hunter Valley exc Newcastle,2014-06-01,7.6
106,Hunter Valley exc Newcastle,2014-07-01,7.3
106,Hunter Valley exc Newcastle,2014-08-01,7.9
106,Hunter Valley exc Newcastle,2014-09-01,8.3
106,Hunter Valley exc Newcastle,2014-10-01,8.2
106,Hunter Valley exc Newcastle,2014-11-01,8.9
106,Hunter Valley exc Newcastle,2014-12-01,7.8
106,Hunter Valley exc Newcastle,2015-01-01,10.1
106,Hunter Valley exc Newcastle,2015-02-01,10.6
106,Hunter Valley exc Newcastle,2015-03-01,10.1
106,Hunter Valley exc Newcastle,2015-04-01,8.8
106,Hunter Valley exc Newcastle,2015-05-01,8.9
106,Hunter Valley exc Newcastle,2015-06-01,9.0
106,Hunter Valley exc Newcastle,2015-07-01,8.9
106,Hunter Valley exc Newcastle,2015-08-01,8.7
106,Hunter Valley exc Newcastle,2015-09-01,8.0
106,Hunter Valley exc Newcastle,2015-10-01,8.2
106,Hunter Valley exc Newcastle,2015-11-01,8.0
106,Hunter Valley exc Newcastle,2015-12-01,7.5
106,Hunter Valley exc Newcastle,2016-01-01,8.5
106,Hunter Valley exc Newcastle,2016-02-01,7.4
106,Hunter Valley exc Newcastle,2016-03-01,7.8
106,Hunter Valley exc Newcastle,2016-04-01,7.4
106,Hunter Valley exc Newcastle,2016-05-01,7.0
106,Hunter Valley exc Newcastle,2016-06-01,7.1
106,Hunter Valley exc Newcastle,2016-07-01,7.8
106,Hunter Valley exc Newcastle,2016-08-01,7.2
106,Hunter Valley exc Newcastle,2016-09-01,6.1
106,Hunter Valley exc Newcastle,2016-10-01,6.8
106,Hunter Valley exc Newcastle,2016-11-01,6.7
106,Hunter Valley exc Newcastle,2016-12-01,7.0
106,Hunter Valley exc Newcastle,2017-01-01,7.2
106,Hunter Valley exc Newcastle,2017-02-01,8.6
106,Hunter Valley exc Newcastle,2017-03-01,7.4
106,Hunter Valley exc Newcastle,2017-04-01,6.3
106,Hunter Valley exc Newcastle,2017-05-01,6.2
106,Hunter Valley exc Newcastle,2017-06-01,6.9
106,Hunter Valley exc Newcastle,2017-07-01,6.9
106,Hunter Valley exc Newcastle,2017-08-01,7.9
106,Hunter Valley exc Newcastle,2017-09-01,6.5
106,Hunter Valley exc Newcastle,2017-10-01,6.4
106,Hunter Valley exc Newcastle,2017-11-01,6.3
106,Hunter Valley exc Newcastle,2017-12-01,7.4
106,Hunter Valley exc Newcastle,2018-01-01,8.7
106,Hunter Valley exc Newcastle,2018-02-01,7.9
106,Hunter Valley exc Newcastle,2018-03-01,8.4
106,Hunter Valley exc Newcastle,2018-04-01,7.6
106,Hunter Valley exc Newcastle,2018-05-01,7.8
106,Hunter Valley exc Newcastle,2018-06-01,6.9
106,Hunter Valley exc Newcastle,2018-07-01,7.4
106,Hunter Valley exc Newcastle,2018-08-01,7.6
106,Hunter Valley exc Newcastle,2018-09-01,5.9
106,Hunter Valley exc Newcastle,2018-10-01,6.6
106,Hunter Valley exc Newcastle,2018-11-01,6.5
106,Hunter Valley exc Newcastle,2018-12-01,6.6
106,Hunter Valley exc Newcastle,2019-01-01,6.3
106,Hunter Valley exc Newcastle,2019-02-01,6.8
106,Hunter Valley exc Newcastle,2019-03-01,6.6
106,Hunter Valley exc Newcastle,2019-04-01,6.4
106,Hunter Valley exc Newcastle,2019-05-01,7.2
106,Hunter Valley exc Newcastle,2019-06-01,6.9
106,Hunter Valley exc Newcastle,2019-07-01,6.2
106,Hunter Valley exc Newcastle,2019-08-01,6.6
106,Hunter Valley exc Newcastle,2019-09-01,6.5
106,Hunter Valley exc Newcastle,2019-10-01,6.5
106,Hunter Valley exc Newcastle,2019-11-01,6.9
106,Hunter Valley exc Newcastle,2019-12-01,6.4
106,Hunter Valley exc Newcastle,2020-01-01,6.8
106,Hunter Valley exc Newcastle,2020-02-01,7.1
106,Hunter Valley exc Newcastle,2020-03-01,7.7
106,Hunter Valley exc Newcastle,2020-04-01,8.3
106,Hunter Valley exc Newcastle,2020-05-01,8.1
106,Hunter Valley exc Newcastle,2020-06-01,8.8
106,Hunter Valley exc Newcastle,2020-07-01,9.3
106,Hunter Valley exc Newcastle,2020-08-01,8.1
106,Hunter Valley exc Newcastle,2020-09-01,9.2
106,Hunter Valley exc Newcastle,2020-10-01,8.7
106,Hunter Valley exc Newcastle,2020-11-01,8.0
106,Hunter Valley exc Newcastle,2020-12-01,8.2
106,Hunter Valley exc Newcastle,2021-01-01,7.7
106,Hunter Valley exc Newcastle,2021-02-01,7.4
106,Hunter Valley exc Newcastle,2021-03-01,7.7
106,Hunter Valley exc Newcastle,2021-04-01,6.8
106,Hunter Valley exc Newcastle,2021-05-01,6.8
106,Hunter Valley exc Newcastle,2021-06-01,6.9
106,Hunter Valley exc Newcastle,2021-07-01,5.7
106,Hunter Valley exc Newcastle,2021-08-01,6.7
106,Hunter Valley exc Newcastle,2021-09-01,5.9
106,Hunter Valley exc Newcastle,2021-10-01,7.6
106,Hunter Valley exc Newcastle,2021-11-01,5.9
106,Hunter Valley exc Newcastle,2021-12-01,5.8
106,Hunter Valley exc Newcastle,2022-01-01,6.3
106,Hunter Valley exc Newcastle,2022-02-01,5.6
106,Hunter Valley exc Newcastle,2022-03-01,6.2
106,Hunter Valley exc Newcastle,2022-04-01,4.9
106,Hunter Valley exc Newcastle,2022-05-01,5.9
106,Hunter Valley exc Newcastle,2022-06-01,5.3
106,Hunter Valley exc Newcastle,2022-07-01,5.3
106,Hunter Valley exc Newcastle,2022-08-01,5.5
106,Hunter Valley exc Newcastle,2022-09-01,5.0
106,Hunter Valley exc Newcastle,2022-10-01,4.4
106,Hunter Valley exc Newcastle,2022-11-01,5.2
106,Hunter Valley exc Newcastle,2022-12-01,4.4
106,Hunter Valley exc Newcastle,2023-01-01,5.6
106,Hunter Valley exc Newcastle,2023-02-01,5.9
106,Hunter Valley exc Newcastle,2023-03-01,5.6
106,Hunter Valley exc Newcastle,2023-04-01,4.6
106,Hunter Valley exc Newcastle,2023-05-01,4.9
106,Hunter Valley exc Newcastle,2023-06-01,4.4
106,Hunter Valley exc Newcastle,2023-07-01,4.8
106,Hunter Valley exc Newcastle,2023-08-01,5.4
106,Hunter Valley exc Newcastle,2023-09-01,5.3
106,Hunter Valley exc Newcastle,2023-10-01,5.4
106,Hunter Valley exc Newcastle,2023-11-01,5.1
106,Hunter Valley exc Newcastle,2023-12-01,5.2
106,Hunter Valley exc Newcastle,2024-01-01,7.0
106,Hunter Valley exc Newcastle,2024-02-01,6.4
106,Hunter Valley exc Newcastle,2024-03-01,5.6
106,Hunter Valley exc Newcastle,2024-04-01,6.1
106,Hunter Valley exc Newcastle,2024-05-01,6.1
106,Hunter Valley exc Newcastle,2024-06-01,5.9
106,Hunter Valley exc Newcastle,2024-07-01,6.0
106,Hunter Valley exc Newcastle,2024-08-01,6.5
106,Hunter Valley exc Newcastle,2024-09-01,5.8
106,Hunter Valley exc Newcastle,2024-10-01,6.3
106,Hunter Valley exc Newcastle,2024-11-01,5.5
106,Hunter Valley exc Newcastle,2024-12-01,5.7
106,Hunter Valley exc Newcastle,2025-01-01,6.6
106,Hunter Valley exc Newcastle,2025-02-01,6.7
106,Hunter Valley exc Newcastle,2025-03-01,7.6
106,Hunter Valley exc Newcastle,2025-04-01,6.2
106,Hunter Valley exc Newcastle,2025-05-01,6.5
106,Hunter Valley exc Newcastle,2025-06-01,7.0
106,Hunter Valley exc Newcastle,2025-07-01,6.0
106,Hunter Valley exc Newcastle,2025-08-01,7.4
106,Hunter Valley exc Newcastle,2025-09-01,6.2
106,Hunter Valley exc Newcastle,2025-10-01,6.8
106,Hunter Valley exc Newcastle,2025-11-01,6.2
106,Hunter Valley exc Newcastle,2025-12-01,6.4
106,Hunter Valley exc Newcastle,2026-01-01,7.0
106,Hunter Valley exc Newcastle,2026-02-01,6.3
106,Hunter Valley exc Newcastle,2026-03-01,7.7
107,Illawarra,2012-01-01,8.2
107,Illawarra,2012-02-01,9.7
107,Illawarra,2012-03-01,7.9
107,Illawarra,2012-04-01,8.1
107,Illawarra,2012-05-01,9.4
107,Illawarra,2012-06-01,8.5
107,Illawarra,2012-07-01,8.5
107,Illawarra,2012-08-01,7.9
107,Illawarra,2012-09-01,10.2
107,Illawarra,2012-10-01,9.4
107,Illawarra,2012-11-01,8.2
107,Illawarra,2012-12-01,9.5
107,Illawarra,2013-01-01,8.9
107,Illawarra,2013-02-01,10.3
107,Illawarra,2013-03-01,10.2
107,Illawarra,2013-04-01,10.1
107,Illawarra,2013-05-01,10.0
107,Illawarra,2013-06-01,8.4
107,Illawarra,2013-07-01,9.8
107,Illawarra,2013-08-01,9.5
107,Illawarra,2013-09-01,9.8
107,Illawarra,2013-10-01,9.5
107,Illawarra,2013-11-01,9.1
107,Illawarra,2013-12-01,10.6
107,Illawarra,2014-01-01,10.4
107,Illawarra,2014-02-01,10.9
107,Illawarra,2014-03-01,10.8
107,Illawarra,2014-04-01,9.2
107,Illawarra,2014-05-01,9.9
107,Illawarra,2014-06-01,10.7
107,Illawarra,2014-07-01,10.1
107,Illawarra,2014-08-01,10.6
107,Illawarra,2014-09-01,9.7
107,Illawarra,2014-10-01,10.3
107,Illawarra,2014-11-01,10.6
107,Illawarra,2014-12-01,11.2
107,Illawarra,2015-01-01,12.4
107,Illawarra,2015-02-01,12.3
107,Illawarra,2015-03-01,12.7
107,Illawarra,2015-04-01,11.8
107,Illawarra,2015-05-01,11.2
107,Illawarra,2015-06-01,11.2
107,Illawarra,2015-07-01,10.7
107,Illawarra,2015-08-01,10.2
107,Illawarra,2015-09-01,10.3
107,Illawarra,2015-10-01,9.7
107,Illawarra,2015-11-01,8.8
107,Illawarra,2015-12-01,8.6
107,Illawarra,2016-01-01,12.1
107,Illawarra,2016-02-01,9.6
107,Illawarra,2016-03-01,10.0
107,Illawarra,2016-04-01,8.9
107,Illawarra,2016-05-01,8.8
107,Illawarra,2016-06-01,8.8
107,Illawarra,2016-07-01,8.6
107,Illawarra,2016-08-01,8.4
107,Illawarra,2016-09-01,7.8
107,Illawarra,2016-10-01,8.0
107,Illawarra,2016-11-01,7.9
107,Illawarra,2016-12-01,8.6
107,Illawarra,2017-01-01,9.2
107,Illawarra,2017-02-01,9.2
107,Illawarra,2017-03-01,8.6
107,Illawarra,2017-04-01,7.9
107,Illawarra,2017-05-01,8.0
107,Illawarra,2017-06-01,8.1
107,Illawarra,2017-07-01,8.5
107,Illawarra,2017-08-01,8.3
107,Illawarra,2017-09-01,7.2
107,Illawarra,2017-10-01,8.0
107,Illawarra,2017-11-01,7.4
107,Illawarra,2017-12-01,8.9
107,Illawarra,2018-01-01,10.2
107,Illawarra,2018-02-01,9.5
107,Illawarra,2018-03-01,8.8
107,Illawarra,2018-04-01,9.2
107,Illawarra,2018-05-01,8.5
107,Illawarra,2018-06-01,8.1
107,Illawarra,2018-07-01,9.2
107,Illawarra,2018-08-01,8.1
107,Illawarra,2018-09-01,7.2
107,Illawarra,2018-10-01,8.1
107,Illawarra,2018-11-01,8.1
107,Illawarra,2018-12-01,7.7
107,Illawarra,2019-01-01,7.6
107,Illawarra,2019-02-01,8.3
107,Illawarra,2019-03-01,7.8
107,Illawarra,2019-04-01,6.7
107,Illawarra,2019-05-01,8.1
107,Illawarra,2019-06-01,8.3
107,Illawarra,2019-07-01,7.9
107,Illawarra,2019-08-01,7.7
107,Illawarra,2019-09-01,7.7
107,Illawarra,2019-10-01,7.8
107,Illawarra,2019-11-01,7.3
107,Illawarra,2019-12-01,8.2
107,Illawarra,2020-01-01,8.8
107,Illawarra,2020-02-01,8.7
107,Illawarra,2020-03-01,8.7
107,Illawarra,2020-04-01,10.2
107,Illawarra,2020-05-01,10.6
107,Illawarra,2020-06-01,11.5
107,Illawarra,2020-07-01,12.2
107,Illawarra,2020-08-01,10.8
107,Illawarra,2020-09-01,11.6
107,Illawarra,2020-10-01,10.4
107,Illawarra,2020-11-01,10.5
107,Illawarra,2020-12-01,10.4
107,Illawarra,2021-01-01,11.1
107,Illawarra,2021-02-01,8.4
107,Illawarra,2021-03-01,9.8
107,Illawarra,2021-04-01,8.2
107,Illawarra,2021-05-01,8.4
107,Illawarra,2021-06-01,9.0
107,Illawarra,2021-07-01,8.1
107,Illawarra,2021-08-01,7.8
107,Illawarra,2021-09-01,8.1
107,Illawarra,2021-10-01,9.4
107,Illawarra,2021-11-01,7.7
107,Illawarra,2021-12-01,7.0
107,Illawarra,2022-01-01,7.1
107,Illawarra,2022-02-01,6.5
107,Illawarra,2022-03-01,7.4
107,Illawarra,2022-04-01,6.6
107,Illawarra,2022-05-01,7.4
107,Illawarra,2022-06-01,5.6
107,Illawarra,2022-07-01,5.9
107,Illawarra,2022-08-01,6.1
107,Illawarra,2022-09-01,6.3
107,Illawarra,2022-10-01,5.3
107,Illawarra,2022-11-01,5.5
107,Illawarra,2022-12-01,5.9
107,Illawarra,2023-01-01,7.1
107,Illawarra,2023-02-01,5.7
107,Illawarra,2023-03-01,6.3
107,Illawarra,2023-04-01,6.8
107,Illawarra,2023-05-01,5.6
107,Illawarra,2023-06-01,5.8
107,Illawarra,2023-07-01,6.0
107,Illawarra,2023-08-01,6.6
107,Illawarra,2023-09-01,6.5
107,Illawarra,2023-10-01,6.7
107,Illawarra,2023-11-01,6.6
107,Illawarra,2023-12-01,6.4
107,Illawarra,2024-01-01,9.0
107,Illawarra,2024-02-01,7.8
107,Illawarra,2024-03-01,7.5
107,Illawarra,2024-04-01,8.1
107,Illawarra,2024-05-01,7.5
107,Illawarra,2024-06-01,7.0
107,Illawarra,2024-07-01,7.7
107,Illawarra,2024-08-01,8.4
107,Illawarra,2024-09-01,6.9
107,Illawarra,2024-10-01,8.0
107,Illawarra,2024-11-01,6.8
107,Illawarra,2024-12-01,7.6
107,Illawarra,2025-01-01,8.4
107,Illawarra,2025-02-01,8.6
107,Illawarra,2025-03-01,8.6
107,Illawarra,2025-04-01,7.1
107,Illawarra,2025-05-01,8.4
107,Illawarra,2025-06-01,8.8
107,Illawarra,2025-07-01,8.0
107,Illawarra,2025-08-01,8.5
107,Illawarra,2025-09-01,8.7
107,Illawarra,2025-10-01,8.0
107,Illawarra,2025-11-01,7.4
107,Illawarra,2025-12-01,7.3
107,Illawarra,2026-01-01,8.8
107,Illawarra,2026-02-01,9.1
107,Illawarra,2026-03-01,8.3
108,Mid North Coast,2012-01-01,5.0
108,Mid North Coast,2012-02-01,5.6
108,Mid North Coast,2012-03-01,4.9
108,Mid North Coast,2012-04-01,4.1
108,Mid North Coast,2012-05-01,5.2
108,Mid North Coast,2012-06-01,5.5
108,Mid North Coast,2012-07-01,4.8
108,Mid North Coast,2012-08-01,5.0
108,Mid North Coast,2012-09-01,6.0
108,Mid North Coast,2012-10-01,5.3
108,Mid North Coast,2012-11-01,5.4
108,Mid North Coast,2012-12-01,5.4
108,Mid North Coast,2013-01-01,5.5
108,Mid North Coast,2013-02-01,5.7
108,Mid North Coast,2013-03-01,6.4
108,Mid North Coast,2013-04-01,6.0
108,Mid North Coast,2013-05-01,4.7
108,Mid North Coast,2013-06-01,5.6
108,Mid North Coast,2013-07-01,5.4
108,Mid North Coast,2013-08-01,6.1
108,Mid North Coast,2013-09-01,5.6
108,Mid North Coast,2013-10-01,5.8
108,Mid North Coast,2013-11-01,6.0
108,Mid North Coast,2013-12-01,5.4
108,Mid North Coast,2014-01-01,6.4
108,Mid North Coast,2014-02-01,6.6
108,Mid North Coast,2014-03-01,6.1
108,Mid North Coast,2014-04-01,5.7
108,Mid North Coast,2014-05-01,6.2
108,Mid North Coast,2014-06-01,5.7
108,Mid North Coast,2014-07-01,6.0
108,Mid North Coast,2014-08-01,5.9
108,Mid North Coast,2014-09-01,6.4
108,Mid North Coast,2014-10-01,6.3
108,Mid North Coast,2014-11-01,6.1
108,Mid North Coast,2014-12-01,6.1
108,Mid North Coast,2015-01-01,7.4
108,Mid North Coast,2015-02-01,7.6
108,Mid North Coast,2015-03-01,7.4
108,Mid North Coast,2015-04-01,6.0
108,Mid North Coast,2015-05-01,6.7
108,Mid North Coast,2015-06-01,6.8
108,Mid North Coast,2015-07-01,6.8
108,Mid North Coast,2015-08-01,6.9
108,Mid North Coast,2015-09-01,5.7
108,Mid North Coast,2015-10-01,5.8
108,Mid North Coast,2015-11-01,6.0
108,Mid North Coast,2015-12-01,5.4
108,Mid North Coast,2016-01-01,6.5
108,Mid North Coast,2016-02-01,5.4
108,Mid North Coast,2016-03-01,5.8
108,Mid North Coast,2016-04-01,5.3
108,Mid North Coast,2016-05-01,5.2
108,Mid North Coast,2016-06-01,5.6
108,Mid North Coast,2016-07-01,4.8
108,Mid North Coast,2016-08-01,5.3
108,Mid North Coast,2016-09-01,4.6
108,Mid North Coast,2016-10-01,4.9
108,Mid North Coast,2016-11-01,4.9
108,Mid North Coast,2016-12-01,5.1
108,Mid North Coast,2017-01-01,5.6
108,Mid North Coast,2017-02-01,5.9
108,Mid North Coast,2017-03-01,5.4
108,Mid North Coast,2017-04-01,4.5
108,Mid North Coast,2017-05-01,4.9
108,Mid North Coast,2017-06-01,5.0
108,Mid North Coast,2017-07-01,5.5
108,Mid North Coast,2017-08-01,5.2
108,Mid North Coast,2017-09-01,4.7
108,Mid North Coast,2017-10-01,5.1
108,Mid North Coast,2017-11-01,4.7
108,Mid North Coast,2017-12-01,5.2
108,Mid North Coast,2018-01-01,5.8
108,Mid North Coast,2018-02-01,6.2
108,Mid North Coast,2018-03-01,5.6
108,Mid North Coast,2018-04-01,5.3
108,Mid North Coast,2018-05-01,5.6
108,Mid North Coast,2018-06-01,5.4
108,Mid North Coast,2018-07-01,5.7
108,Mid North Coast,2018-08-01,5.0
108,Mid North Coast,2018-09-01,4.6
108,Mid North Coast,2018-10-01,4.9
108,Mid North Coast,2018-11-01,4.9
108,Mid North Coast,2018-12-01,4.9
108,Mid North Coast,2019-01-01,4.4
108,Mid North Coast,2019-02-01,5.1
108,Mid North Coast,2019-03-01,5.4
108,Mid North Coast,2019-04-01,4.6
108,Mid North Coast,2019-05-01,4.9
108,Mid North Coast,2019-06-01,4.9
108,Mid North Coast,2019-07-01,4.9
108,Mid North Coast,2019-08-01,5.3
108,Mid North Coast,2019-09-01,4.8
108,Mid North Coast,2019-10-01,5.0
108,Mid North Coast,2019-11-01,5.3
108,Mid North Coast,2019-12-01,4.6
108,Mid North Coast,2020-01-01,5.2
108,Mid North Coast,2020-02-01,5.7
108,Mid North Coast,2020-03-01,5.6
108,Mid North Coast,2020-04-01,6.3
108,Mid North Coast,2020-05-01,5.7
108,Mid North Coast,2020-06-01,5.6
108,Mid North Coast,2020-07-01,6.1
108,Mid North Coast,2020-08-01,6.2
108,Mid North Coast,2020-09-01,6.4
108,Mid North Coast,2020-10-01,5.7
108,Mid North Coast,2020-11-01,5.2
108,Mid North Coast,2020-12-01,5.3
108,Mid North Coast,2021-01-01,5.8
108,Mid North Coast,2021-02-01,5.6
108,Mid North Coast,2021-03-01,5.4
108,Mid North Coast,2021-04-01,4.7
108,Mid North Coast,2021-05-01,4.8
108,Mid North Coast,2021-06-01,5.0
108,Mid North Coast,2021-07-01,4.0
108,Mid North Coast,2021-08-01,4.4
108,Mid North Coast,2021-09-01,4.5
108,Mid North Coast,2021-10-01,4.3
108,Mid North Coast,2021-11-01,4.4
108,Mid North Coast,2021-12-01,4.2
108,Mid North Coast,2022-01-01,4.8
108,Mid North Coast,2022-02-01,3.8
108,Mid North Coast,2022-03-01,4.5
108,Mid North Coast,2022-04-01,4.0
108,Mid North Coast,2022-05-01,4.6
108,Mid North Coast,2022-06-01,3.4
108,Mid North Coast,2022-07-01,3.6
108,Mid North Coast,2022-08-01,3.6
108,Mid North Coast,2022-09-01,3.9
108,Mid North Coast,2022-10-01,3.5
108,Mid North Coast,2022-11-01,3.4
108,Mid North Coast,2022-12-01,3.5
108,Mid North Coast,2023-01-01,3.9
108,Mid North Coast,2023-02-01,3.7
108,Mid North Coast,2023-03-01,4.1
108,Mid North Coast,2023-04-01,3.5
108,Mid North Coast,2023-05-01,3.2
108,Mid North Coast,2023-06-01,3.4
108,Mid North Coast,2023-07-01,3.8
108,Mid North Coast,2023-08-01,4.2
108,Mid North Coast,2023-09-01,3.5
108,Mid North Coast,2023-10-01,3.6
108,Mid North Coast,2023-11-01,3.6
108,Mid North Coast,2023-12-01,4.0
108,Mid North Coast,2024-01-01,4.6
108,Mid North Coast,2024-02-01,4.2
108,Mid North Coast,2024-03-01,4.3
108,Mid North Coast,2024-04-01,3.9
108,Mid North Coast,2024-05-01,4.2
108,Mid North Coast,2024-06-01,4.1
108,Mid North Coast,2024-07-01,3.8
108,Mid North Coast,2024-08-01,4.6
108,Mid North Coast,2024-09-01,3.6
108,Mid North Coast,2024-10-01,4.2
108,Mid North Coast,2024-11-01,4.0
108,Mid North Coast,2024-12-01,3.9
108,Mid North Coast,2025-01-01,4.5
108,Mid North Coast,2025-02-01,4.3
108,Mid North Coast,2025-03-01,5.1
108,Mid North Coast,2025-04-01,3.9
108,Mid North Coast,2025-05-01,4.7
108,Mid North Coast,2025-06-01,4.6
108,Mid North Coast,2025-07-01,4.2
108,Mid North Coast,2025-08-01,4.5
108,Mid North Coast,2025-09-01,4.4
108,Mid North Coast,2025-10-01,4.3
108,Mid North Coast,2025-11-01,3.9
108,Mid North Coast,2025-12-01,3.9
108,Mid North Coast,2026-01-01,4.5
108,Mid North Coast,2026-02-01,4.8
108,Mid North Coast,2026-03-01,5.0
109,Murray,2012-01-01,2.6
109,Murray,2012-02-01,2.9
109,Murray,2012-03-01,2.5
109,Murray,2012-04-01,2.5
109,Murray,2012-05-01,2.7
109,Murray,2012-06-01,2.6
109,Murray,2012-07-01,2.8
109,Murray,2012-08-01,2.5
109,Murray,2012-09-01,2.9
109,Murray,2012-10-01,2.9
109,Murray,2012-11-01,2.7
109,Murray,2012-12-01,2.8
109,Murray,2013-01-01,3.1
109,Murray,2013-02-01,3.2
109,Murray,2013-03-01,2.9
109,Murray,2013-04-01,3.2
109,Murray,2013-05-01,3.2
109,Murray,2013-06-01,3.0
109,Murray,2013-07-01,3.0
109,Murray,2013-08-01,3.2
109,Murray,2013-09-01,3.1
109,Murray,2013-10-01,3.3
109,Murray,2013-11-01,3.2
109,Murray,2013-12-01,2.9
109,Murray,2014-01-01,3.3
109,Murray,2014-02-01,3.6
109,Murray,2014-03-01,3.2
109,Murray,2014-04-01,3.1
109,Murray,2014-05-01,3.3
109,Murray,2014-06-01,3.2
109,Murray,2014-07-01,3.2
109,Murray,2014-08-01,3.3
109,Murray,2014-09-01,3.5
109,Murray,2014-10-01,3.4
109,Murray,2014-11-01,3.6
109,Murray,2014-12-01,3.6
109,Murray,2015-01-01,4.2
109,Murray,2015-02-01,4.1
109,Murray,2015-03-01,3.9
109,Murray,2015-04-01,3.6
109,Murray,2015-05-01,3.5
109,Murray,2015-06-01,3.6
109,Murray,2015-07-01,3.6
109,Murray,2015-08-01,3.8
109,Murray,2015-09-01,3.5
109,Murray,2015-10-01,3.5
109,Murray,2015-11-01,3.5
109,Murray,2015-12-01,3.3
109,Murray,2016-01-01,3.8
109,Murray,2016-02-01,3.5
109,Murray,2016-03-01,3.5
109,Murray,2016-04-01,3.0
109,Murray,2016-05-01,3.2
109,Murray,2016-06-01,2.9
109,Murray,2016-07-01,3.2
109,Murray,2016-08-01,3.0
109,Murray,2016-09-01,2.8
109,Murray,2016-10-01,3.0
109,Murray,2016-11-01,3.0
109,Murray,2016-12-01,3.1
109,Murray,2017-01-01,3.4
109,Murray,2017-02-01,3.4
109,Murray,2017-03-01,3.3
109,Murray,2017-04-01,3.0
109,Murray,2017-05-01,2.9
109,Murray,2017-06-01,3.0
109,Murray,2017-07-01,3.1
109,Murray,2017-08-01,3.3
109,Murray,2017-09-01,3.1
109,Murray,2017-10-01,3.2
109,Murray,2017-11-01,3.0
109,Murray,2017-12-01,3.2
109,Murray,2018-01-01,3.9
109,Murray,2018-02-01,3.6
109,Murray,2018-03-01,3.7
109,Murray,2018-04-01,3.3
109,Murray,2018-05-01,3.5
109,Murray,2018-06-01,3.4
109,Murray,2018-07-01,3.4
109,Murray,2018-08-01,3.2
109,Murray,2018-09-01,3.1
109,Murray,2018-10-01,3.1
109,Murray,2018-11-01,3.0
109,Murray,2018-12-01,3.0
109,Murray,2019-01-01,2.9
109,Murray,2019-02-01,3.2
109,Murray,2019-03-01,3.1
109,Murray,2019-04-01,2.9
109,Murray,2019-05-01,3.2
109,Murray,2019-06-01,3.1
109,Murray,2019-07-01,3.0
109,Murray,2019-08-01,3.0
109,Murray,2019-09-01,3.1
109,Murray,2019-10-01,3.3
109,Murray,2019-11-01,3.0
109,Murray,2019-12-01,2.9
109,Murray,2020-01-01,3.3
109,Murray,2020-02-01,3.2
109,Murray,2020-03-01,3.5
109,Murray,2020-04-01,3.7
109,Murray,2020-05-01,3.9
109,Murray,2020-06-01,3.4
109,Murray,2020-07-01,3.9
109,Murray,2020-08-01,3.9
109,Murray,2020-09-01,4.2
109,Murray,2020-10-01,3.6
109,Murray,2020-11-01,3.6
109,Murray,2020-12-01,3.6
109,Murray,2021-01-01,3.6
109,Murray,2021-02-01,3.5
109,Murray,2021-03-01,3.4
109,Murray,2021-04-01,3.1
109,Murray,2021-05-01,3.1
109,Murray,2021-06-01,3.0
109,Murray,2021-07-01,2.8
109,Murray,2021-08-01,2.9
109,Murray,2021-09-01,2.6
109,Murray,2021-10-01,2.7
109,Murray,2021-11-01,2.8
109,Murray,2021-12-01,2.4
109,Murray,2022-01-01,2.7
109,Murray,2022-02-01,2.8
109,Murray,2022-03-01,2.2
109,Murray,2022-04-01,2.3
109,Murray,2022-05-01,2.6
109,Murray,2022-06-01,2.3
109,Murray,2022-07-01,2.2
109,Murray,2022-08-01,2.2
109,Murray,2022-09-01,2.3
109,Murray,2022-10-01,2.2
109,Murray,2022-11-01,2.2
109,Murray,2022-12-01,2.1
109,Murray,2023-01-01,2.3
109,Murray,2023-02-01,2.4
109,Murray,2023-03-01,2.3
109,Murray,2023-04-01,2.4
109,Murray,2023-05-01,2.2
109,Murray,2023-06-01,2.2
109,Murray,2023-07-01,2.3
109,Murray,2023-08-01,2.4
109,Murray,2023-09-01,2.3
109,Murray,2023-10-01,2.3
109,Murray,2023-11-01,2.3
109,Murray,2023-12-01,2.4
109,Murray,2024-01-01,2.6
109,Murray,2024-02-01,2.6
109,Murray,2024-03-01,2.8
109,Murray,2024-04-01,2.6
109,Murray,2024-05-01,2.4
109,Murray,2024-06-01,2.7
109,Murray,2024-07-01,2.7
109,Murray,2024-08-01,2.4
109,Murray,2024-09-01,2.5
109,Murray,2024-10-01,2.7
109,Murray,2024-11-01,2.4
109,Murray,2024-12-01,2.4
109,Murray,2025-01-01,2.9
109,Murray,2025-02-01,2.9
109,Murray,2025-03-01,2.8
109,Murray,2025-04-01,2.6
109,Murray,2025-05-01,2.8
109,Murray,2025-06-01,2.9
109,Murray,2025-07-01,2.7
109,Murray,2025-08-01,2.9
109,Murray,2025-09-01,2.5
109,Murray,2025-10-01,3.0
109,Murray,2025-11-01,2.4
109,Murray,2025-12-01,2.6
109,Murray,2026-01-01,3.3
109,Murray,2026-02-01,3.1
109,Murray,2026-03-01,3.0
110,New England and North West,2012-01-01,5.2
110,New England and North West,2012-02-01,4.9
110,New England and North West,2012-03-01,4.8
110,New England and North West,2012-04-01,4.8
110,New England and North West,2012-05-01,4.4
110,New England and North West,2012-06-01,5.0
110,New England and North West,2012-07-01,4.8
110,New England and North West,2012-08-01,4.5
110,New England and North West,2012-09-01,5.1
110,New England and North West,2012-10-01,5.2
110,New England and North West,2012-11-01,4.5
110,New England and North West,2012-12-01,4.9
110,New England and North West,2013-01-01,5.3
110,New England and North West,2013-02-01,5.7
110,New England and North West,2013-03-01,5.8
110,New England and North West,2013-04-01,4.9
110,New England and North West,2013-05-01,5.7
110,New England and North West,2013-06-01,4.9
110,New England and North West,2013-07-01,4.7
110,New England and North West,2013-08-01,5.4
110,New England and North West,2013-09-01,5.5
110,New England and North West,2013-10-01,5.6
110,New England and North West,2013-11-01,5.6
110,New England and North West,2013-12-01,5.4
110,New England and North West,2014-01-01,5.8
110,New England and North West,2014-02-01,6.5
110,New England and North West,2014-03-01,5.5
110,New England and North West,2014-04-01,5.8
110,New England and North West,2014-05-01,5.8
110,New England and North West,2014-06-01,6.0
110,New England and North West,2014-07-01,5.9
110,New England and North West,2014-08-01,5.9
110,New England and North West,2014-09-01,6.2
110,New England and North West,2014-10-01,6.1
110,New England and North West,2014-11-01,6.2
110,New England and North West,2014-12-01,6.5
110,New England and North West,2015-01-01,7.5
110,New England and North West,2015-02-01,7.6
110,New England and North West,2015-03-01,7.2
110,New England and North West,2015-04-01,6.2
110,New England and North West,2015-05-01,6.3
110,New England and North West,2015-06-01,6.7
110,New England and North West,2015-07-01,6.1
110,New England and North West,2015-08-01,5.9
110,New England and North West,2015-09-01,6.2
110,New England and North West,2015-10-01,5.8
110,New England and North West,2015-11-01,5.5
110,New England and North West,2015-12-01,5.2
110,New England and North West,2016-01-01,6.3
110,New England and North West,2016-02-01,5.8
110,New England and North West,2016-03-01,6.0
110,New England and North West,2016-04-01,5.5
110,New England and North West,2016-05-01,5.2
110,New England and North West,2016-06-01,4.9
110,New England and North West,2016-07-01,5.4
110,New England and North West,2016-08-01,5.2
110,New England and North West,2016-09-01,5.1
110,New England and North West,2016-10-01,5.2
110,New England and North West,2016-11-01,4.9
110,New England and North West,2016-12-01,4.6
110,New England and North West,2017-01-01,5.7
110,New England and North West,2017-02-01,5.6
110,New England and North West,2017-03-01,5.1
110,New England and North West,2017-04-01,4.6
110,New England and North West,2017-05-01,4.9
110,New England and North West,2017-06-01,4.8
110,New England and North West,2017-07-01,5.1
110,New England and North West,2017-08-01,5.5
110,New England and North West,2017-09-01,4.5
110,New England and North West,2017-10-01,5.2
110,New England and North West,2017-11-01,5.0
110,New England and North West,2017-12-01,5.4
110,New England and North West,2018-01-01,5.9
110,New England and North West,2018-02-01,6.3
110,New England and North West,2018-03-01,5.6
110,New England and North West,2018-04-01,5.7
110,New England and North West,2018-05-01,5.7
110,New England and North West,2018-06-01,5.5
110,New England and North West,2018-07-01,5.6
110,New England and North West,2018-08-01,5.2
110,New England and North West,2018-09-01,4.9
110,New England and North West,2018-10-01,4.8
110,New England and North West,2018-11-01,5.0
110,New England and North West,2018-12-01,4.2
110,New England and North West,2019-01-01,4.8
110,New England and North West,2019-02-01,5.3
110,New England and North West,2019-03-01,4.7
110,New England and North West,2019-04-01,4.8
110,New England and North West,2019-05-01,4.8
110,New England and North West,2019-06-01,5.1
110,New England and North West,2019-07-01,4.6
110,New England and North West,2019-08-01,5.1
110,New England and North West,2019-09-01,5.2
110,New England and North West,2019-10-01,5.1
110,New England and North West,2019-11-01,5.1
110,New England and North West,2019-12-01,5.0
110,New England and North West,2020-01-01,5.3
110,New England and North West,2020-02-01,5.9
110,New England and North West,2020-03-01,5.6
110,New England and North West,2020-04-01,5.9
110,New England and North West,2020-05-01,5.0
110,New England and North West,2020-06-01,5.6
110,New England and North West,2020-07-01,6.0
110,New England and North West,2020-08-01,5.8
110,New England and North West,2020-09-01,6.0
110,New England and North West,2020-10-01,5.6
110,New England and North West,2020-11-01,5.3
110,New England and North West,2020-12-01,5.3
110,New England and North West,2021-01-01,5.7
110,New England and North West,2021-02-01,5.4
110,New England and North West,2021-03-01,5.1
110,New England and North West,2021-04-01,4.9
110,New England and North West,2021-05-01,4.8
110,New England and North West,2021-06-01,4.8
110,New England and North West,2021-07-01,4.5
110,New England and North West,2021-08-01,4.2
110,New England and North West,2021-09-01,4.2
110,New England and North West,2021-10-01,4.8
110,New England and North West,2021-11-01,4.2
110,New England and North West,2021-12-01,4.3
110,New England and North West,2022-01-01,4.6
110,New England and North West,2022-02-01,4.3
110,New England and North West,2022-03-01,4.3
110,New England and North West,2022-04-01,3.9
110,New England and North West,2022-05-01,4.3
110,New England and North West,2022-06-01,3.8
110,New England and North West,2022-07-01,3.6
110,New England and North West,2022-08-01,3.6
110,New England and North West,2022-09-01,3.7
110,New England and North West,2022-10-01,3.5
110,New England and North West,2022-11-01,3.8
110,New England and North West,2022-12-01,3.6
110,New England and North West,2023-01-01,3.6
110,New England and North West,2023-02-01,4.2
110,New England and North West,2023-03-01,4.3
110,New England and North West,2023-04-01,3.6
110,New England and North West,2023-05-01,3.4
110,New England and North West,2023-06-01,3.6
110,New England and North West,2023-07-01,3.9
110,New England and North West,2023-08-01,4.3
110,New England and North West,2023-09-01,3.8
110,New England and North West,2023-10-01,3.8
110,New England and North West,2023-11-01,3.7
110,New England and North West,2023-12-01,3.9
110,New England and North West,2024-01-01,4.9
110,New England and North West,2024-02-01,4.5
110,New England and North West,2024-03-01,4.8
110,New England and North West,2024-04-01,4.5
110,New England and North West,2024-05-01,4.5
110,New England and North West,2024-06-01,4.3
110,New England and North West,2024-07-01,4.2
110,New England and North West,2024-08-01,4.3
110,New England and North West,2024-09-01,4.3
110,New England and North West,2024-10-01,4.5
110,New England and North West,2024-11-01,4.3
110,New England and North West,2024-12-01,4.1
110,New England and North West,2025-01-01,4.8
110,New England and North West,2025-02-01,4.7
110,New England and North West,2025-03-01,4.7
110,New England and North West,2025-04-01,4.8
110,New England and North West,2025-05-01,5.0
110,New England and North West,2025-06-01,4.2
110,New England and North West,2025-07-01,4.6
110,New England and North West,2025-08-01,4.9
110,New England and North West,2025-09-01,4.6
110,New England and North West,2025-10-01,4.8
110,New England and North West,2025-11-01,4.0
110,New England and North West,2025-12-01,4.4
110,New England and North West,2026-01-01,5.1
110,New England and North West,2026-02-01,5.1
110,New England and North West,2026-03-01,5.0
111,Newcastle and Lake Macquarie,2012-01-01,10.2
111,Newcastle and Lake Macquarie,2012-02-01,9.8
111,Newcastle and Lake Macquarie,2012-03-01,9.3
111,Newcastle and Lake Macquarie,2012-04-01,9.5
111,Newcastle and Lake Macquarie,2012-05-01,9.6
111,Newcastle and Lake Macquarie,2012-06-01,8.8
111,Newcastle and Lake Macquarie,2012-07-01,9.4
111,Newcastle and Lake Macquarie,2012-08-01,8.3
111,Newcastle and Lake Macquarie,2012-09-01,11.0
111,Newcastle and Lake Macquarie,2012-10-01,10.6
111,Newcastle and Lake Macquarie,2012-11-01,8.8
111,Newcastle and Lake Macquarie,2012-12-01,10.1
111,Newcastle and Lake Macquarie,2013-01-01,10.8
111,Newcastle and Lake Macquarie,2013-02-01,12.2
111,Newcastle and Lake Macquarie,2013-03-01,10.9
111,Newcastle and Lake Macquarie,2013-04-01,10.3
111,Newcastle and Lake Macquarie,2013-05-01,12.7
111,Newcastle and Lake Macquarie,2013-06-01,9.9
111,Newcastle and Lake Macquarie,2013-07-01,11.0
111,Newcastle and Lake Macquarie,2013-08-01,11.0
111,Newcastle and Lake Macquarie,2013-09-01,11.0
111,Newcastle and Lake Macquarie,2013-10-01,11.0
111,Newcastle and Lake Macquarie,2013-11-01,10.0
111,Newcastle and Lake Macquarie,2013-12-01,11.2
111,Newcastle and Lake Macquarie,2014-01-01,12.5
111,Newcastle and Lake Macquarie,2014-02-01,13.8
111,Newcastle and Lake Macquarie,2014-03-01,12.5
111,Newcastle and Lake Macquarie,2014-04-01,11.5
111,Newcastle and Lake Macquarie,2014-05-01,11.4
111,Newcastle and Lake Macquarie,2014-06-01,11.6
111,Newcastle and Lake Macquarie,2014-07-01,13.0
111,Newcastle and Lake Macquarie,2014-08-01,13.0
111,Newcastle and Lake Macquarie,2014-09-01,12.6
111,Newcastle and Lake Macquarie,2014-10-01,12.9
111,Newcastle and Lake Macquarie,2014-11-01,13.8
111,Newcastle and Lake Macquarie,2014-12-01,13.4
111,Newcastle and Lake Macquarie,2015-01-01,16.1
111,Newcastle and Lake Macquarie,2015-02-01,15.9
111,Newcastle and Lake Macquarie,2015-03-01,14.7
111,Newcastle and Lake Macquarie,2015-04-01,14.5
111,Newcastle and Lake Macquarie,2015-05-01,13.5
111,Newcastle and Lake Macquarie,2015-06-01,12.6
111,Newcastle and Lake Macquarie,2015-07-01,11.7
111,Newcastle and Lake Macquarie,2015-08-01,13.7
111,Newcastle and Lake Macquarie,2015-09-01,12.1
111,Newcastle and Lake Macquarie,2015-10-01,12.5
111,Newcastle and Lake Macquarie,2015-11-01,11.4
111,Newcastle and Lake Macquarie,2015-12-01,11.3
111,Newcastle and Lake Macquarie,2016-01-01,14.0
111,Newcastle and Lake Macquarie,2016-02-01,11.8
111,Newcastle and Lake Macquarie,2016-03-01,10.7
111,Newcastle and Lake Macquarie,2016-04-01,11.6
111,Newcastle and Lake Macquarie,2016-05-01,10.8
111,Newcastle and Lake Macquarie,2016-06-01,10.1
111,Newcastle and Lake Macquarie,2016-07-01,10.9
111,Newcastle and Lake Macquarie,2016-08-01,10.3
111,Newcastle and Lake Macquarie,2016-09-01,10.4
111,Newcastle and Lake Macquarie,2016-10-01,9.5
111,Newcastle and Lake Macquarie,2016-11-01,9.5
111,Newcastle and Lake Macquarie,2016-12-01,10.8
111,Newcastle and Lake Macquarie,2017-01-01,10.6
111,Newcastle and Lake Macquarie,2017-02-01,11.2
111,Newcastle and Lake Macquarie,2017-03-01,11.2
111,Newcastle and Lake Macquarie,2017-04-01,9.6
111,Newcastle and Lake Macquarie,2017-05-01,9.6
111,Newcastle and Lake Macquarie,2017-06-01,10.0
111,Newcastle and Lake Macquarie,2017-07-01,9.5
111,Newcastle and Lake Macquarie,2017-08-01,10.7
111,Newcastle and Lake Macquarie,2017-09-01,9.5
111,Newcastle and Lake Macquarie,2017-10-01,9.9
111,Newcastle and Lake Macquarie,2017-11-01,9.7
111,Newcastle and Lake Macquarie,2017-12-01,9.9
111,Newcastle and Lake Macquarie,2018-01-01,12.5
111,Newcastle and Lake Macquarie,2018-02-01,11.8
111,Newcastle and Lake Macquarie,2018-03-01,11.3
111,Newcastle and Lake Macquarie,2018-04-01,11.7
111,Newcastle and Lake Macquarie,2018-05-01,11.3
111,Newcastle and Lake Macquarie,2018-06-01,9.6
111,Newcastle and Lake Macquarie,2018-07-01,10.0
111,Newcastle and Lake Macquarie,2018-08-01,11.6
111,Newcastle and Lake Macquarie,2018-09-01,9.7
111,Newcastle and Lake Macquarie,2018-10-01,9.2
111,Newcastle and Lake Macquarie,2018-11-01,8.3
111,Newcastle and Lake Macquarie,2018-12-01,9.5
111,Newcastle and Lake Macquarie,2019-01-01,9.6
111,Newcastle and Lake Macquarie,2019-02-01,9.7
111,Newcastle and Lake Macquarie,2019-03-01,9.9
111,Newcastle and Lake Macquarie,2019-04-01,9.6
111,Newcastle and Lake Macquarie,2019-05-01,8.8
111,Newcastle and Lake Macquarie,2019-06-01,10.9
111,Newcastle and Lake Macquarie,2019-07-01,9.9
111,Newcastle and Lake Macquarie,2019-08-01,9.3
111,Newcastle and Lake Macquarie,2019-09-01,9.2
111,Newcastle and Lake Macquarie,2019-10-01,10.3
111,Newcastle and Lake Macquarie,2019-11-01,10.1
111,Newcastle and Lake Macquarie,2019-12-01,10.3
111,Newcastle and Lake Macquarie,2020-01-01,9.4
111,Newcastle and Lake Macquarie,2020-02-01,11.3
111,Newcastle and Lake Macquarie,2020-03-01,11.0
111,Newcastle and Lake Macquarie,2020-04-01,12.9
111,Newcastle and Lake Macquarie,2020-05-01,12.9
111,Newcastle and Lake Macquarie,2020-06-01,14.3
111,Newcastle and Lake Macquarie,2020-07-01,14.7
111,Newcastle and Lake Macquarie,2020-08-01,12.6
111,Newcastle and Lake Macquarie,2020-09-01,14.0
111,Newcastle and Lake Macquarie,2020-10-01,12.9
111,Newcastle and Lake Macquarie,2020-11-01,12.6
111,Newcastle and Lake Macquarie,2020-12-01,12.5
111,Newcastle and Lake Macquarie,2021-01-01,13.0
111,Newcastle and Lake Macquarie,2021-02-01,10.9
111,Newcastle and Lake Macquarie,2021-03-01,11.1
111,Newcastle and Lake Macquarie,2021-04-01,11.2
111,Newcastle and Lake Macquarie,2021-05-01,9.2
111,Newcastle and Lake Macquarie,2021-06-01,10.7
111,Newcastle and Lake Macquarie,2021-07-01,9.0
111,Newcastle and Lake Macquarie,2021-08-01,9.4
111,Newcastle and Lake Macquarie,2021-09-01,9.3
111,Newcastle and Lake Macquarie,2021-10-01,10.4
111,Newcastle and Lake Macquarie,2021-11-01,9.0
111,Newcastle and Lake Macquarie,2021-12-01,7.7
111,Newcastle and Lake Macquarie,2022-01-01,9.6
111,Newcastle and Lake Macquarie,2022-02-01,8.9
111,Newcastle and Lake Macquarie,2022-03-01,8.9
111,Newcastle and Lake Macquarie,2022-04-01,7.8
111,Newcastle and Lake Macquarie,2022-05-01,10.0
111,Newcastle and Lake Macquarie,2022-06-01,7.0
111,Newcastle and Lake Macquarie,2022-07-01,6.7
111,Newcastle and Lake Macquarie,2022-08-01,8.0
111,Newcastle and Lake Macquarie,2022-09-01,7.0
111,Newcastle and Lake Macquarie,2022-10-01,7.0
111,Newcastle and Lake Macquarie,2022-11-01,7.1
111,Newcastle and Lake Macquarie,2022-12-01,6.9
111,Newcastle and Lake Macquarie,2023-01-01,7.7
111,Newcastle and Lake Macquarie,2023-02-01,7.3
111,Newcastle and Lake Macquarie,2023-03-01,8.3
111,Newcastle and Lake Macquarie,2023-04-01,7.7
111,Newcastle and Lake Macquarie,2023-05-01,7.1
111,Newcastle and Lake Macquarie,2023-06-01,6.2
111,Newcastle and Lake Macquarie,2023-07-01,7.4
111,Newcastle and Lake Macquarie,2023-08-01,8.7
111,Newcastle and Lake Macquarie,2023-09-01,8.0
111,Newcastle and Lake Macquarie,2023-10-01,6.4
111,Newcastle and Lake Macquarie,2023-11-01,8.2
111,Newcastle and Lake Macquarie,2023-12-01,7.5
111,Newcastle and Lake Macquarie,2024-01-01,10.1
111,Newcastle and Lake Macquarie,2024-02-01,9.1
111,Newcastle and Lake Macquarie,2024-03-01,9.3
111,Newcastle and Lake Macquarie,2024-04-01,8.8
111,Newcastle and Lake Macquarie,2024-05-01,7.5
111,Newcastle and Lake Macquarie,2024-06-01,8.6
111,Newcastle and Lake Macquarie,2024-07-01,9.3
111,Newcastle and Lake Macquarie,2024-08-01,9.4
111,Newcastle and Lake Macquarie,2024-09-01,9.1
111,Newcastle and Lake Macquarie,2024-10-01,8.3
111,Newcastle and Lake Macquarie,2024-11-01,8.2
111,Newcastle and Lake Macquarie,2024-12-01,7.3
111,Newcastle and Lake Macquarie,2025-01-01,10.4
111,Newcastle and Lake Macquarie,2025-02-01,9.8
111,Newcastle and Lake Macquarie,2025-03-01,10.4
111,Newcastle and Lake Macquarie,2025-04-01,9.3
111,Newcastle and Lake Macquarie,2025-05-01,9.4
111,Newcastle and Lake Macquarie,2025-06-01,9.9
111,Newcastle and Lake Macquarie,2025-07-01,9.8
111,Newcastle and Lake Macquarie,2025-08-01,9.9
111,Newcastle and Lake Macquarie,2025-09-01,9.8
111,Newcastle and Lake Macquarie,2025-10-01,9.0
111,Newcastle and Lake Macquarie,2025-11-01,8.5
111,Newcastle and Lake Macquarie,2025-12-01,9.4
111,Newcastle and Lake Macquarie,2026-01-01,10.5
111,Newcastle and Lake Macquarie,2026-02-01,10.0
111,Newcastle and Lake Macquarie,2026-03-01,11.1
112,Richmond - Tweed,2012-01-01,6.6
112,Richmond - Tweed,2012-02-01,7.6
112,Richmond - Tweed,2012-03-01,5.7
112,Richmond - Tweed,2012-04-01,6.2
112,Richmond - Tweed,2012-05-01,6.1
112,Richmond - Tweed,2012-06-01,7.0
112,Richmond - Tweed,2012-07-01,6.1
112,Richmond - Tweed,2012-08-01,5.5
112,Richmond - Tweed,2012-09-01,7.4
112,Richmond - Tweed,2012-10-01,6.9
112,Richmond - Tweed,2012-11-01,6.9
112,Richmond - Tweed,2012-12-01,6.2
112,Richmond - Tweed,2013-01-01,7.2
112,Richmond - Tweed,2013-02-01,7.9
112,Richmond - Tweed,2013-03-01,7.6
112,Richmond - Tweed,2013-04-01,7.3
112,Richmond - Tweed,2013-05-01,7.3
112,Richmond - Tweed,2013-06-01,7.6
112,Richmond - Tweed,2013-07-01,6.7
112,Richmond - Tweed,2013-08-01,6.9
112,Richmond - Tweed,2013-09-01,7.1
112,Richmond - Tweed,2013-10-01,7.3
112,Richmond - Tweed,2013-11-01,7.2
112,Richmond - Tweed,2013-12-01,7.3
112,Richmond - Tweed,2014-01-01,7.7
112,Richmond - Tweed,2014-02-01,8.6
112,Richmond - Tweed,2014-03-01,7.1
112,Richmond - Tweed,2014-04-01,7.0
112,Richmond - Tweed,2014-05-01,7.6
112,Richmond - Tweed,2014-06-01,7.0
112,Richmond - Tweed,2014-07-01,7.5
112,Richmond - Tweed,2014-08-01,7.4
112,Richmond - Tweed,2014-09-01,7.1
112,Richmond - Tweed,2014-10-01,7.9
112,Richmond - Tweed,2014-11-01,8.6
112,Richmond - Tweed,2014-12-01,7.7
112,Richmond - Tweed,2015-01-01,9.1
112,Richmond - Tweed,2015-02-01,9.4
112,Richmond - Tweed,2015-03-01,8.9
112,Richmond - Tweed,2015-04-01,7.5
112,Richmond - Tweed,2015-05-01,7.5
112,Richmond - Tweed,2015-06-01,8.1
112,Richmond - Tweed,2015-07-01,7.5
112,Richmond - Tweed,2015-08-01,7.5
112,Richmond - Tweed,2015-09-01,8.0
112,Richmond - Tweed,2015-10-01,7.5
112,Richmond - Tweed,2015-11-01,6.8
112,Richmond - Tweed,2015-12-01,6.6
112,Richmond - Tweed,2016-01-01,8.3
112,Richmond - Tweed,2016-02-01,7.1
112,Richmond - Tweed,2016-03-01,7.3
112,Richmond - Tweed,2016-04-01,6.3
112,Richmond - Tweed,2016-05-01,6.3
112,Richmond - Tweed,2016-06-01,6.3
112,Richmond - Tweed,2016-07-01,6.2
112,Richmond - Tweed,2016-08-01,6.2
112,Richmond - Tweed,2016-09-01,6.6
112,Richmond - Tweed,2016-10-01,5.7
112,Richmond - Tweed,2016-11-01,6.0
112,Richmond - Tweed,2016-12-01,6.6
112,Richmond - Tweed,2017-01-01,7.2
112,Richmond - Tweed,2017-02-01,6.9
112,Richmond - Tweed,2017-03-01,7.2
112,Richmond - Tweed,2017-04-01,5.7
112,Richmond - Tweed,2017-05-01,5.8
112,Richmond - Tweed,2017-06-01,6.1
112,Richmond - Tweed,2017-07-01,6.5
112,Richmond - Tweed,2017-08-01,6.7
112,Richmond - Tweed,2017-09-01,5.7
112,Richmond - Tweed,2017-10-01,6.2
112,Richmond - Tweed,2017-11-01,5.7
112,Richmond - Tweed,2017-12-01,6.8
112,Richmond - Tweed,2018-01-01,8.4
112,Richmond - Tweed,2018-02-01,7.2
112,Richmond - Tweed,2018-03-01,7.4
112,Richmond - Tweed,2018-04-01,7.3
112,Richmond - Tweed,2018-05-01,6.5
112,Richmond - Tweed,2018-06-01,6.2
112,Richmond - Tweed,2018-07-01,6.8
112,Richmond - Tweed,2018-08-01,6.5
112,Richmond - Tweed,2018-09-01,5.9
112,Richmond - Tweed,2018-10-01,6.0
112,Richmond - Tweed,2018-11-01,6.0
112,Richmond - Tweed,2018-12-01,5.2
112,Richmond - Tweed,2019-01-01,5.4
112,Richmond - Tweed,2019-02-01,6.2
112,Richmond - Tweed,2019-03-01,5.7
112,Richmond - Tweed,2019-04-01,5.9
112,Richmond - Tweed,2019-05-01,5.7
112,Richmond - Tweed,2019-06-01,6.0
112,Richmond - Tweed,2019-07-01,5.6
112,Richmond - Tweed,2019-08-01,5.7
112,Richmond - Tweed,2019-09-01,5.0
112,Richmond - Tweed,2019-10-01,6.3
112,Richmond - Tweed,2019-11-01,5.1
112,Richmond - Tweed,2019-12-01,5.9
112,Richmond - Tweed,2020-01-01,5.9
112,Richmond - Tweed,2020-02-01,5.9
112,Richmond - Tweed,2020-03-01,5.9
112,Richmond - Tweed,2020-04-01,7.6
112,Richmond - Tweed,2020-05-01,7.6
112,Richmond - Tweed,2020-06-01,7.8
112,Richmond - Tweed,2020-07-01,8.0
112,Richmond - Tweed,2020-08-01,6.9
112,Richmond - Tweed,2020-09-01,7.9
112,Richmond - Tweed,2020-10-01,6.9
112,Richmond - Tweed,2020-11-01,7.1
112,Richmond - Tweed,2020-12-01,6.9
112,Richmond - Tweed,2021-01-01,6.4
112,Richmond - Tweed,2021-02-01,6.5
112,Richmond - Tweed,2021-03-01,6.3
112,Richmond - Tweed,2021-04-01,5.9
112,Richmond - Tweed,2021-05-01,6.0
112,Richmond - Tweed,2021-06-01,4.7
112,Richmond - Tweed,2021-07-01,5.1
112,Richmond - Tweed,2021-08-01,5.4
112,Richmond - Tweed,2021-09-01,5.3
112,Richmond - Tweed,2021-10-01,5.0
112,Richmond - Tweed,2021-11-01,4.7
112,Richmond - Tweed,2021-12-01,4.5
112,Richmond - Tweed,2022-01-01,5.9
112,Richmond - Tweed,2022-02-01,4.5
112,Richmond - Tweed,2022-03-01,5.5
112,Richmond - Tweed,2022-04-01,5.2
112,Richmond - Tweed,2022-05-01,5.7
112,Richmond - Tweed,2022-06-01,4.5
112,Richmond - Tweed,2022-07-01,3.3
112,Richmond - Tweed,2022-08-01,4.4
112,Richmond - Tweed,2022-09-01,4.6
112,Richmond - Tweed,2022-10-01,3.5
112,Richmond - Tweed,2022-11-01,4.0
112,Richmond - Tweed,2022-12-01,3.6
112,Richmond - Tweed,2023-01-01,4.3
112,Richmond - Tweed,2023-02-01,4.4
112,Richmond - Tweed,2023-03-01,4.5
112,Richmond - Tweed,2023-04-01,3.7
112,Richmond - Tweed,2023-05-01,3.6
112,Richmond - Tweed,2023-06-01,3.8
112,Richmond - Tweed,2023-07-01,4.5
112,Richmond - Tweed,2023-08-01,4.0
112,Richmond - Tweed,2023-09-01,3.9
112,Richmond - Tweed,2023-10-01,4.2
112,Richmond - Tweed,2023-11-01,4.0
112,Richmond - Tweed,2023-12-01,4.8
112,Richmond - Tweed,2024-01-01,4.9
112,Richmond - Tweed,2024-02-01,5.1
112,Richmond - Tweed,2024-03-01,4.6
112,Richmond - Tweed,2024-04-01,4.9
112,Richmond - Tweed,2024-05-01,4.4
112,Richmond - Tweed,2024-06-01,4.9
112,Richmond - Tweed,2024-07-01,4.7
112,Richmond - Tweed,2024-08-01,4.9
112,Richmond - Tweed,2024-09-01,4.6
112,Richmond - Tweed,2024-10-01,4.5
112,Richmond - Tweed,2024-11-01,4.5
112,Richmond - Tweed,2024-12-01,4.1
112,Richmond - Tweed,2025-01-01,5.1
112,Richmond - Tweed,2025-02-01,4.6
112,Richmond - Tweed,2025-03-01,5.8
112,Richmond - Tweed,2025-04-01,5.0
112,Richmond - Tweed,2025-05-01,4.8
112,Richmond - Tweed,2025-06-01,5.1
112,Richmond - Tweed,2025-07-01,5.2
112,Richmond - Tweed,2025-08-01,4.9
112,Richmond - Tweed,2025-09-01,5.0
112,Richmond - Tweed,2025-10-01,4.7
112,Richmond - Tweed,2025-11-01,3.9
112,Richmond - Tweed,2025-12-01,4.4
112,Richmond - Tweed,2026-01-01,5.4
112,Richmond - Tweed,2026-02-01,4.9
112,Richmond - Tweed,2026-03-01,5.7
113,Riverina,2012-01-01,3.4
113,Riverina,2012-02-01,3.3
113,Riverina,2012-03-01,2.9
113,Riverina,2012-04-01,3.1
113,Riverina,2012-05-01,3.3
113,Riverina,2012-06-01,3.0
113,Riverina,2012-07-01,2.9
113,Riverina,2012-08-01,2.8
113,Riverina,2012-09-01,3.6
113,Riverina,2012-10-01,3.2
113,Riverina,2012-11-01,3.3
113,Riverina,2012-12-01,3.2
113,Riverina,2013-01-01,3.4
113,Riverina,2013-02-01,3.8
113,Riverina,2013-03-01,3.6
113,Riverina,2013-04-01,3.4
113,Riverina,2013-05-01,3.3
113,Riverina,2013-06-01,3.6
113,Riverina,2013-07-01,3.0
113,Riverina,2013-08-01,3.5
113,Riverina,2013-09-01,3.3
113,Riverina,2013-10-01,3.5
113,Riverina,2013-11-01,3.3
113,Riverina,2013-12-01,3.4
113,Riverina,2014-01-01,3.5
113,Riverina,2014-02-01,3.9
113,Riverina,2014-03-01,3.5
113,Riverina,2014-04-01,3.4
113,Riverina,2014-05-01,3.4
113,Riverina,2014-06-01,3.5
113,Riverina,2014-07-01,3.3
113,Riverina,2014-08-01,3.4
113,Riverina,2014-09-01,3.5
113,Riverina,2014-10-01,3.7
113,Riverina,2014-11-01,3.6
113,Riverina,2014-12-01,3.7
113,Riverina,2015-01-01,4.4
113,Riverina,2015-02-01,4.3
113,Riverina,2015-03-01,4.1
113,Riverina,2015-04-01,3.8
113,Riverina,2015-05-01,3.4
113,Riverina,2015-06-01,3.7
113,Riverina,2015-07-01,4.3
113,Riverina,2015-08-01,3.8
113,Riverina,2015-09-01,3.8
113,Riverina,2015-10-01,4.0
113,Riverina,2015-11-01,3.8
113,Riverina,2015-12-01,3.5
113,Riverina,2016-01-01,3.9
113,Riverina,2016-02-01,4.0
113,Riverina,2016-03-01,3.7
113,Riverina,2016-04-01,3.6
113,Riverina,2016-05-01,3.7
113,Riverina,2016-06-01,3.5
113,Riverina,2016-07-01,3.4
113,Riverina,2016-08-01,3.5
113,Riverina,2016-09-01,3.5
113,Riverina,2016-10-01,3.1
113,Riverina,2016-11-01,3.4
113,Riverina,2016-12-01,3.6
113,Riverina,2017-01-01,3.7
113,Riverina,2017-02-01,3.6
113,Riverina,2017-03-01,3.4
113,Riverina,2017-04-01,3.3
113,Riverina,2017-05-01,3.4
113,Riverina,2017-06-01,3.2
113,Riverina,2017-07-01,3.0
113,Riverina,2017-08-01,3.3
113,Riverina,2017-09-01,3.2
113,Riverina,2017-10-01,3.1
113,Riverina,2017-11-01,3.4
113,Riverina,2017-12-01,3.5
113,Riverina,2018-01-01,4.1
113,Riverina,2018-02-01,3.9
113,Riverina,2018-03-01,3.9
113,Riverina,2018-04-01,3.7
113,Riverina,2018-05-01,3.8
113,Riverina,2018-06-01,3.6
113,Riverina,2018-07-01,3.7
113,Riverina,2018-08-01,3.7
113,Riverina,2018-09-01,3.0
113,Riverina,2018-10-01,3.6
113,Riverina,2018-11-01,3.3
113,Riverina,2018-12-01,3.0
113,Riverina,2019-01-01,3.1
113,Riverina,2019-02-01,3.5
113,Riverina,2019-03-01,3.5
113,Riverina,2019-04-01,3.4
113,Riverina,2019-05-01,3.3
113,Riverina,2019-06-01,3.2
113,Riverina,2019-07-01,3.1
113,Riverina,2019-08-01,3.4
113,Riverina,2019-09-01,3.4
113,Riverina,2019-10-01,3.5
113,Riverina,2019-11-01,3.4
113,Riverina,2019-12-01,3.4
113,Riverina,2020-01-01,3.7
113,Riverina,2020-02-01,3.7
113,Riverina,2020-03-01,3.7
113,Riverina,2020-04-01,4.1
113,Riverina,2020-05-01,3.9
113,Riverina,2020-06-01,4.2
113,Riverina,2020-07-01,4.3
113,Riverina,2020-08-01,4.2
113,Riverina,2020-09-01,4.3
113,Riverina,2020-10-01,4.1
113,Riverina,2020-11-01,3.7
113,Riverina,2020-12-01,3.4
113,Riverina,2021-01-01,4.2
113,Riverina,2021-02-01,3.5
113,Riverina,2021-03-01,3.3
113,Riverina,2021-04-01,3.4
113,Riverina,2021-05-01,2.9
113,Riverina,2021-06-01,3.2
113,Riverina,2021-07-01,2.9
113,Riverina,2021-08-01,3.0
113,Riverina,2021-09-01,2.6
113,Riverina,2021-10-01,2.8
113,Riverina,2021-11-01,2.9
113,Riverina,2021-12-01,2.6
113,Riverina,2022-01-01,3.0
113,Riverina,2022-02-01,2.8
113,Riverina,2022-03-01,2.7
113,Riverina,2022-04-01,2.4
113,Riverina,2022-05-01,2.6
113,Riverina,2022-06-01,2.4
113,Riverina,2022-07-01,2.4
113,Riverina,2022-08-01,2.4
113,Riverina,2022-09-01,2.4
113,Riverina,2022-10-01,2.3
113,Riverina,2022-11-01,2.3
113,Riverina,2022-12-01,2.2
113,Riverina,2023-01-01,2.5
113,Riverina,2023-02-01,2.5
113,Riverina,2023-03-01,2.4
113,Riverina,2023-04-01,2.5
113,Riverina,2023-05-01,2.1
113,Riverina,2023-06-01,2.3
113,Riverina,2023-07-01,2.4
113,Riverina,2023-08-01,2.8
113,Riverina,2023-09-01,2.6
113,Riverina,2023-10-01,2.4
113,Riverina,2023-11-01,2.4
113,Riverina,2023-12-01,2.6
113,Riverina,2024-01-01,3.0
113,Riverina,2024-02-01,2.7
113,Riverina,2024-03-01,2.8
113,Riverina,2024-04-01,3.0
113,Riverina,2024-05-01,2.8
113,Riverina,2024-06-01,3.0
113,Riverina,2024-07-01,3.1
113,Riverina,2024-08-01,3.0
113,Riverina,2024-09-01,2.9
113,Riverina,2024-10-01,3.1
113,Riverina,2024-11-01,2.9
113,Riverina,2024-12-01,2.8
113,Riverina,2025-01-01,3.3
113,Riverina,2025-02-01,3.1
113,Riverina,2025-03-01,3.3
113,Riverina,2025-04-01,3.0
113,Riverina,2025-05-01,3.0
113,Riverina,2025-06-01,3.3
113,Riverina,2025-07-01,2.8
113,Riverina,2025-08-01,3.1
113,Riverina,2025-09-01,3.1
113,Riverina,2025-10-01,3.2
113,Riverina,2025-11-01,2.7
113,Riverina,2025-12-01,2.8
113,Riverina,2026-01-01,3.4
113,Riverina,2026-02-01,3.3
113,Riverina,2026-03-01,3.3
114,Southern Highlands and Shoalhaven,2012-01-01,3.8
114,Southern Highlands and Shoalhaven,2012-02-01,3.8
114,Southern Highlands and Shoalhaven,2012-03-01,3.4
114,Southern Highlands and Shoalhaven,2012-04-01,3.4
114,Southern Highlands and Shoalhaven,2012-05-01,3.1
114,Southern Highlands and Shoalhaven,2012-06-01,3.7
114,Southern Highlands and Shoalhaven,2012-07-01,3.6
114,Southern Highlands and Shoalhaven,2012-08-01,3.6
114,Southern Highlands and Shoalhaven,2012-09-01,3.8
114,Southern Highlands and Shoalhaven,2012-10-01,3.8
114,Southern Highlands and Shoalhaven,2012-11-01,3.8
114,Southern Highlands and Shoalhaven,2012-12-01,3.5
114,Southern Highlands and Shoalhaven,2013-01-01,4.0
114,Southern Highlands and Shoalhaven,2013-02-01,4.5
114,Southern Highlands and Shoalhaven,2013-03-01,4.3
114,Southern Highlands and Shoalhaven,2013-04-01,4.1
114,Southern Highlands and Shoalhaven,2013-05-01,4.4
114,Southern Highlands and Shoalhaven,2013-06-01,3.5
114,Southern Highlands and Shoalhaven,2013-07-01,4.0
114,Southern Highlands and Shoalhaven,2013-08-01,3.9
114,Southern Highlands and Shoalhaven,2013-09-01,3.6
114,Southern Highlands and Shoalhaven,2013-10-01,4.0
114,Southern Highlands and Shoalhaven,2013-11-01,3.7
114,Southern Highlands and Shoalhaven,2013-12-01,3.9
114,Southern Highlands and Shoalhaven,2014-01-01,4.5
114,Southern Highlands and Shoalhaven,2014-02-01,4.6
114,Southern Highlands and Shoalhaven,2014-03-01,3.8
114,Southern Highlands and Shoalhaven,2014-04-01,4.0
114,Southern Highlands and Shoalhaven,2014-05-01,4.5
114,Southern Highlands and Shoalhaven,2014-06-01,3.7
114,Southern Highlands and Shoalhaven,2014-07-01,4.2
114,Southern Highlands and Shoalhaven,2014-08-01,4.1
114,Southern Highlands and Shoalhaven,2014-09-01,4.3
114,Southern Highlands and Shoalhaven,2014-10-01,4.1
114,Southern Highlands and Shoalhaven,2014-11-01,4.3
114,Southern Highlands and Shoalhaven,2014-12-01,4.2
114,Southern Highlands and Shoalhaven,2015-01-01,4.8
114,Southern Highlands and Shoalhaven,2015-02-01,4.9
114,Southern Highlands and Shoalhaven,2015-03-01,4.8
114,Southern Highlands and Shoalhaven,2015-04-01,4.4
114,Southern Highlands and Shoalhaven,2015-05-01,4.3
114,Southern Highlands and Shoalhaven,2015-06-01,4.1
114,Southern Highlands and Shoalhaven,2015-07-01,4.2
114,Southern Highlands and Shoalhaven,2015-08-01,4.2
114,Southern Highlands and Shoalhaven,2015-09-01,4.1
114,Southern Highlands and Shoalhaven,2015-10-01,3.9
114,Southern Highlands and Shoalhaven,2015-11-01,3.8
114,Southern Highlands and Shoalhaven,2015-12-01,3.7
114,Southern Highlands and Shoalhaven,2016-01-01,4.2
114,Southern Highlands and Shoalhaven,2016-02-01,4.0
114,Southern Highlands and Shoalhaven,2016-03-01,3.9
114,Southern Highlands and Shoalhaven,2016-04-01,3.8
114,Southern Highlands and Shoalhaven,2016-05-01,3.2
114,Southern Highlands and Shoalhaven,2016-06-01,3.6
114,Southern Highlands and Shoalhaven,2016-07-01,3.6
114,Southern Highlands and Shoalhaven,2016-08-01,3.3
114,Southern Highlands and Shoalhaven,2016-09-01,3.3
114,Southern Highlands and Shoalhaven,2016-10-01,3.5
114,Southern Highlands and Shoalhaven,2016-11-01,3.3
114,Southern Highlands and Shoalhaven,2016-12-01,3.0
114,Southern Highlands and Shoalhaven,2017-01-01,3.7
114,Southern Highlands and Shoalhaven,2017-02-01,3.8
114,Southern Highlands and Shoalhaven,2017-03-01,3.5
114,Southern Highlands and Shoalhaven,2017-04-01,3.0
114,Southern Highlands and Shoalhaven,2017-05-01,3.3
114,Southern Highlands and Shoalhaven,2017-06-01,3.3
114,Southern Highlands and Shoalhaven,2017-07-01,3.3
114,Southern Highlands and Shoalhaven,2017-08-01,3.5
114,Southern Highlands and Shoalhaven,2017-09-01,3.2
114,Southern Highlands and Shoalhaven,2017-10-01,3.4
114,Southern Highlands and Shoalhaven,2017-11-01,3.3
114,Southern Highlands and Shoalhaven,2017-12-01,3.4
114,Southern Highlands and Shoalhaven,2018-01-01,3.9
114,Southern Highlands and Shoalhaven,2018-02-01,3.9
114,Southern Highlands and Shoalhaven,2018-03-01,3.8
114,Southern Highlands and Shoalhaven,2018-04-01,3.6
114,Southern Highlands and Shoalhaven,2018-05-01,3.5
114,Southern Highlands and Shoalhaven,2018-06-01,3.4
114,Southern Highlands and Shoalhaven,2018-07-01,3.5
114,Southern Highlands and Shoalhaven,2018-08-01,3.7
114,Southern Highlands and Shoalhaven,2018-09-01,2.8
114,Southern Highlands and Shoalhaven,2018-10-01,3.3
114,Southern Highlands and Shoalhaven,2018-11-01,2.9
114,Southern Highlands and Shoalhaven,2018-12-01,2.8
114,Southern Highlands and Shoalhaven,2019-01-01,3.2
114,Southern Highlands and Shoalhaven,2019-02-01,3.3
114,Southern Highlands and Shoalhaven,2019-03-01,3.1
114,Southern Highlands and Shoalhaven,2019-04-01,3.2
114,Southern Highlands and Shoalhaven,2019-05-01,3.2
114,Southern Highlands and Shoalhaven,2019-06-01,3.3
114,Southern Highlands and Shoalhaven,2019-07-01,3.0
114,Southern Highlands and Shoalhaven,2019-08-01,3.2
114,Southern Highlands and Shoalhaven,2019-09-01,3.2
114,Southern Highlands and Shoalhaven,2019-10-01,3.2
114,Southern Highlands and Shoalhaven,2019-11-01,3.2
114,Southern Highlands and Shoalhaven,2019-12-01,2.8
114,Southern Highlands and Shoalhaven,2020-01-01,3.2
114,Southern Highlands and Shoalhaven,2020-02-01,3.7
114,Southern Highlands and Shoalhaven,2020-03-01,3.5
114,Southern Highlands and Shoalhaven,2020-04-01,3.9
114,Southern Highlands and Shoalhaven,2020-05-01,4.1
114,Southern Highlands and Shoalhaven,2020-06-01,3.5
114,Southern Highlands and Shoalhaven,2020-07-01,4.5
114,Southern Highlands and Shoalhaven,2020-08-01,4.2
114,Southern Highlands and Shoalhaven,2020-09-01,4.0
114,Southern Highlands and Shoalhaven,2020-10-01,3.7
114,Southern Highlands and Shoalhaven,2020-11-01,3.6
114,Southern Highlands and Shoalhaven,2020-12-01,3.3
114,Southern Highlands and Shoalhaven,2021-01-01,3.8
114,Southern Highlands and Shoalhaven,2021-02-01,3.5
114,Southern Highlands and Shoalhaven,2021-03-01,3.4
114,Southern Highlands and Shoalhaven,2021-04-01,3.0
114,Southern Highlands and Shoalhaven,2021-05-01,2.9
114,Southern Highlands and Shoalhaven,2021-06-01,3.0
114,Southern Highlands and Shoalhaven,2021-07-01,2.8
114,Southern Highlands and Shoalhaven,2021-08-01,2.8
114,Southern Highlands and Shoalhaven,2021-09-01,2.8
114,Southern Highlands and Shoalhaven,2021-10-01,3.2
114,Southern Highlands and Shoalhaven,2021-11-01,2.6
114,Southern Highlands and Shoalhaven,2021-12-01,2.6
114,Southern Highlands and Shoalhaven,2022-01-01,2.7
114,Southern Highlands and Shoalhaven,2022-02-01,2.6
114,Southern Highlands and Shoalhaven,2022-03-01,2.8
114,Southern Highlands and Shoalhaven,2022-04-01,2.3
114,Southern Highlands and Shoalhaven,2022-05-01,2.6
114,Southern Highlands and Shoalhaven,2022-06-01,2.2
114,Southern Highlands and Shoalhaven,2022-07-01,2.3
114,Southern Highlands and Shoalhaven,2022-08-01,2.4
114,Southern Highlands and Shoalhaven,2022-09-01,2.2
114,Southern Highlands and Shoalhaven,2022-10-01,2.0
114,Southern Highlands and Shoalhaven,2022-11-01,2.2
114,Southern Highlands and Shoalhaven,2022-12-01,2.1
114,Southern Highlands and Shoalhaven,2023-01-01,2.2
114,Southern Highlands and Shoalhaven,2023-02-01,2.3
114,Southern Highlands and Shoalhaven,2023-03-01,2.3
114,Southern Highlands and Shoalhaven,2023-04-01,2.3
114,Southern Highlands and Shoalhaven,2023-05-01,2.1
114,Southern Highlands and Shoalhaven,2023-06-01,1.9
114,Southern Highlands and Shoalhaven,2023-07-01,2.1
114,Southern Highlands and Shoalhaven,2023-08-01,2.4
114,Southern Highlands and Shoalhaven,2023-09-01,2.2
114,Southern Highlands and Shoalhaven,2023-10-01,2.3
114,Southern Highlands and Shoalhaven,2023-11-01,2.2
114,Southern Highlands and Shoalhaven,2023-12-01,2.3
114,Southern Highlands and Shoalhaven,2024-01-01,2.7
114,Southern Highlands and Shoalhaven,2024-02-01,2.6
114,Southern Highlands and Shoalhaven,2024-03-01,2.5
114,Southern Highlands and Shoalhaven,2024-04-01,2.5
114,Southern Highlands and Shoalhaven,2024-05-01,2.7
114,Southern Highlands and Shoalhaven,2024-06-01,2.5
114,Southern Highlands and Shoalhaven,2024-07-01,2.4
114,Southern Highlands and Shoalhaven,2024-08-01,2.5
114,Southern Highlands and Shoalhaven,2024-09-01,2.4
114,Southern Highlands and Shoalhaven,2024-10-01,2.9
114,Southern Highlands and Shoalhaven,2024-11-01,2.7
114,Southern Highlands and Shoalhaven,2024-12-01,2.3
114,Southern Highlands and Shoalhaven,2025-01-01,3.0
114,Southern Highlands and Shoalhaven,2025-02-01,2.6
114,Southern Highlands and Shoalhaven,2025-03-01,3.2
114,Southern Highlands and Shoalhaven,2025-04-01,2.5
114,Southern Highlands and Shoalhaven,2025-05-01,2.8
114,Southern Highlands and Shoalhaven,2025-06-01,3.0
114,Southern Highlands and Shoalhaven,2025-07-01,2.8
114,Southern Highlands and Shoalhaven,2025-08-01,2.7
114,Southern Highlands and Shoalhaven,2025-09-01,3.0
114,Southern Highlands and Shoalhaven,2025-10-01,2.9
114,Southern Highlands and Shoalhaven,2025-11-01,2.5
114,Southern Highlands and Shoalhaven,2025-12-01,2.6
114,Southern Highlands and Shoalhaven,2026-01-01,2.8
114,Southern Highlands and Shoalhaven,2026-02-01,3.1
114,Southern Highlands and Shoalhaven,2026-03-01,3.2
115,Sydney - Baulkham Hills and Hawkesbury,2012-01-01,5.0
115,Sydney - Baulkham Hills and Hawkesbury,2012-02-01,5.7
115,Sydney - Baulkham Hills and Hawkesbury,2012-03-01,4.6
115,Sydney - Baulkham Hills and Hawkesbury,2012-04-01,4.8
115,Sydney - Baulkham Hills and Hawkesbury,2012-05-01,4.1
115,Sydney - Baulkham Hills and Hawkesbury,2012-06-01,4.4
115,Sydney - Baulkham Hills and Hawkesbury,2012-07-01,4.8
115,Sydney - Baulkham Hills and Hawkesbury,2012-08-01,4.2
115,Sydney - Baulkham Hills and Hawkesbury,2012-09-01,4.2
115,Sydney - Baulkham Hills and Hawkesbury,2012-10-01,4.2
115,Sydney - Baulkham Hills and Hawkesbury,2012-11-01,4.5
115,Sydney - Baulkham Hills and Hawkesbury,2012-12-01,4.2
115,Sydney - Baulkham Hills and Hawkesbury,2013-01-01,5.1
115,Sydney - Baulkham Hills and Hawkesbury,2013-02-01,5.4
115,Sydney - Baulkham Hills and Hawkesbury,2013-03-01,5.2
115,Sydney - Baulkham Hills and Hawkesbury,2013-04-01,4.6
115,Sydney - Baulkham Hills and Hawkesbury,2013-05-01,5.3
115,Sydney - Baulkham Hills and Hawkesbury,2013-06-01,5.4
115,Sydney - Baulkham Hills and Hawkesbury,2013-07-01,4.8
115,Sydney - Baulkham Hills and Hawkesbury,2013-08-01,5.3
115,Sydney - Baulkham Hills and Hawkesbury,2013-09-01,5.4
115,Sydney - Baulkham Hills and Hawkesbury,2013-10-01,5.6
115,Sydney - Baulkham Hills and Hawkesbury,2013-11-01,5.9
115,Sydney - Baulkham Hills and Hawkesbury,2013-12-01,5.4
115,Sydney - Baulkham Hills and Hawkesbury,2014-01-01,5.8
115,Sydney - Baulkham Hills and Hawkesbury,2014-02-01,6.2
115,Sydney - Baulkham Hills and Hawkesbury,2014-03-01,5.0
115,Sydney - Baulkham Hills and Hawkesbury,2014-04-01,4.5
115,Sydney - Baulkham Hills and Hawkesbury,2014-05-01,5.6
115,Sydney - Baulkham Hills and Hawkesbury,2014-06-01,5.3
115,Sydney - Baulkham Hills and Hawkesbury,2014-07-01,4.6
115,Sydney - Baulkham Hills and Hawkesbury,2014-08-01,5.1
115,Sydney - Baulkham Hills and Hawkesbury,2014-09-01,5.1
115,Sydney - Baulkham Hills and Hawkesbury,2014-10-01,5.5
115,Sydney - Baulkham Hills and Hawkesbury,2014-11-01,5.2
115,Sydney - Baulkham Hills and Hawkesbury,2014-12-01,5.0
115,Sydney - Baulkham Hills and Hawkesbury,2015-01-01,5.7
115,Sydney - Baulkham Hills and Hawkesbury,2015-02-01,6.1
115,Sydney - Baulkham Hills and Hawkesbury,2015-03-01,5.2
115,Sydney - Baulkham Hills and Hawkesbury,2015-04-01,5.4
115,Sydney - Baulkham Hills and Hawkesbury,2015-05-01,5.6
115,Sydney - Baulkham Hills and Hawkesbury,2015-06-01,4.6
115,Sydney - Baulkham Hills and Hawkesbury,2015-07-01,4.8
115,Sydney - Baulkham Hills and Hawkesbury,2015-08-01,5.1
115,Sydney - Baulkham Hills and Hawkesbury,2015-09-01,5.2
115,Sydney - Baulkham Hills and Hawkesbury,2015-10-01,4.5
115,Sydney - Baulkham Hills and Hawkesbury,2015-11-01,4.4
115,Sydney - Baulkham Hills and Hawkesbury,2015-12-01,4.7
115,Sydney - Baulkham Hills and Hawkesbury,2016-01-01,5.7
115,Sydney - Baulkham Hills and Hawkesbury,2016-02-01,5.3
115,Sydney - Baulkham Hills and Hawkesbury,2016-03-01,5.4
115,Sydney - Baulkham Hills and Hawkesbury,2016-04-01,4.9
115,Sydney - Baulkham Hills and Hawkesbury,2016-05-01,4.6
115,Sydney - Baulkham Hills and Hawkesbury,2016-06-01,5.0
115,Sydney - Baulkham Hills and Hawkesbury,2016-07-01,4.7
115,Sydney - Baulkham Hills and Hawkesbury,2016-08-01,4.7
115,Sydney - Baulkham Hills and Hawkesbury,2016-09-01,4.5
115,Sydney - Baulkham Hills and Hawkesbury,2016-10-01,4.7
115,Sydney - Baulkham Hills and Hawkesbury,2016-11-01,4.6
115,Sydney - Baulkham Hills and Hawkesbury,2016-12-01,5.2
115,Sydney - Baulkham Hills and Hawkesbury,2017-01-01,5.5
115,Sydney - Baulkham Hills and Hawkesbury,2017-02-01,5.5
115,Sydney - Baulkham Hills and Hawkesbury,2017-03-01,5.1
115,Sydney - Baulkham Hills and Hawkesbury,2017-04-01,4.8
115,Sydney - Baulkham Hills and Hawkesbury,2017-05-01,4.3
115,Sydney - Baulkham Hills and Hawkesbury,2017-06-01,4.5
115,Sydney - Baulkham Hills and Hawkesbury,2017-07-01,4.7
115,Sydney - Baulkham Hills and Hawkesbury,2017-08-01,4.4
115,Sydney - Baulkham Hills and Hawkesbury,2017-09-01,4.3
115,Sydney - Baulkham Hills and Hawkesbury,2017-10-01,4.4
115,Sydney - Baulkham Hills and Hawkesbury,2017-11-01,4.2
115,Sydney - Baulkham Hills and Hawkesbury,2017-12-01,4.5
115,Sydney - Baulkham Hills and Hawkesbury,2018-01-01,5.1
115,Sydney - Baulkham Hills and Hawkesbury,2018-02-01,4.9
115,Sydney - Baulkham Hills and Hawkesbury,2018-03-01,5.3
115,Sydney - Baulkham Hills and Hawkesbury,2018-04-01,4.5
115,Sydney - Baulkham Hills and Hawkesbury,2018-05-01,4.8
115,Sydney - Baulkham Hills and Hawkesbury,2018-06-01,4.5
115,Sydney - Baulkham Hills and Hawkesbury,2018-07-01,4.7
115,Sydney - Baulkham Hills and Hawkesbury,2018-08-01,4.6
115,Sydney - Baulkham Hills and Hawkesbury,2018-09-01,3.9
115,Sydney - Baulkham Hills and Hawkesbury,2018-10-01,4.4
115,Sydney - Baulkham Hills and Hawkesbury,2018-11-01,4.3
115,Sydney - Baulkham Hills and Hawkesbury,2018-12-01,4.5
115,Sydney - Baulkham Hills and Hawkesbury,2019-01-01,4.3
115,Sydney - Baulkham Hills and Hawkesbury,2019-02-01,4.7
115,Sydney - Baulkham Hills and Hawkesbury,2019-03-01,4.8
115,Sydney - Baulkham Hills and Hawkesbury,2019-04-01,4.4
115,Sydney - Baulkham Hills and Hawkesbury,2019-05-01,4.5
115,Sydney - Baulkham Hills and Hawkesbury,2019-06-01,4.9
115,Sydney - Baulkham Hills and Hawkesbury,2019-07-01,4.6
115,Sydney - Baulkham Hills and Hawkesbury,2019-08-01,4.2
115,Sydney - Baulkham Hills and Hawkesbury,2019-09-01,4.3
115,Sydney - Baulkham Hills and Hawkesbury,2019-10-01,4.9
115,Sydney - Baulkham Hills and Hawkesbury,2019-11-01,4.6
115,Sydney - Baulkham Hills and Hawkesbury,2019-12-01,4.5
115,Sydney - Baulkham Hills and Hawkesbury,2020-01-01,5.3
115,Sydney - Baulkham Hills and Hawkesbury,2020-02-01,4.8
115,Sydney - Baulkham Hills and Hawkesbury,2020-03-01,6.2
115,Sydney - Baulkham Hills and Hawkesbury,2020-04-01,6.9
115,Sydney - Baulkham Hills and Hawkesbury,2020-05-01,7.8
115,Sydney - Baulkham Hills and Hawkesbury,2020-06-01,8.4
115,Sydney - Baulkham Hills and Hawkesbury,2020-07-01,9.4
115,Sydney - Baulkham Hills and Hawkesbury,2020-08-01,9.0
115,Sydney - Baulkham Hills and Hawkesbury,2020-09-01,9.0
115,Sydney - Baulkham Hills and Hawkesbury,2020-10-01,8.4
115,Sydney - Baulkham Hills and Hawkesbury,2020-11-01,7.5
115,Sydney - Baulkham Hills and Hawkesbury,2020-12-01,8.3
115,Sydney - Baulkham Hills and Hawkesbury,2021-01-01,8.9
115,Sydney - Baulkham Hills and Hawkesbury,2021-02-01,8.2
115,Sydney - Baulkham Hills and Hawkesbury,2021-03-01,7.6
115,Sydney - Baulkham Hills and Hawkesbury,2021-04-01,7.6
115,Sydney - Baulkham Hills and Hawkesbury,2021-05-01,7.4
115,Sydney - Baulkham Hills and Hawkesbury,2021-06-01,6.0
115,Sydney - Baulkham Hills and Hawkesbury,2021-07-01,5.2
115,Sydney - Baulkham Hills and Hawkesbury,2021-08-01,5.6
115,Sydney - Baulkham Hills and Hawkesbury,2021-09-01,5.6
115,Sydney - Baulkham Hills and Hawkesbury,2021-10-01,5.9
115,Sydney - Baulkham Hills and Hawkesbury,2021-11-01,4.8
115,Sydney - Baulkham Hills and Hawkesbury,2021-12-01,4.9
115,Sydney - Baulkham Hills and Hawkesbury,2022-01-01,5.3
115,Sydney - Baulkham Hills and Hawkesbury,2022-02-01,4.4
115,Sydney - Baulkham Hills and Hawkesbury,2022-03-01,5.0
115,Sydney - Baulkham Hills and Hawkesbury,2022-04-01,4.6
115,Sydney - Baulkham Hills and Hawkesbury,2022-05-01,4.9
115,Sydney - Baulkham Hills and Hawkesbury,2022-06-01,3.1
115,Sydney - Baulkham Hills and Hawkesbury,2022-07-01,3.6
115,Sydney - Baulkham Hills and Hawkesbury,2022-08-01,4.4
115,Sydney - Baulkham Hills and Hawkesbury,2022-09-01,3.7
115,Sydney - Baulkham Hills and Hawkesbury,2022-10-01,3.6
115,Sydney - Baulkham Hills and Hawkesbury,2022-11-01,4.0
115,Sydney - Baulkham Hills and Hawkesbury,2022-12-01,3.4
115,Sydney - Baulkham Hills and Hawkesbury,2023-01-01,3.9
115,Sydney - Baulkham Hills and Hawkesbury,2023-02-01,4.6
115,Sydney - Baulkham Hills and Hawkesbury,2023-03-01,4.2
115,Sydney - Baulkham Hills and Hawkesbury,2023-04-01,3.9
115,Sydney - Baulkham Hills and Hawkesbury,2023-05-01,3.9
115,Sydney - Baulkham Hills and Hawkesbury,2023-06-01,3.2
115,Sydney - Baulkham Hills and Hawkesbury,2023-07-01,3.8
115,Sydney - Baulkham Hills and Hawkesbury,2023-08-01,4.1
115,Sydney - Baulkham Hills and Hawkesbury,2023-09-01,3.7
115,Sydney - Baulkham Hills and Hawkesbury,2023-10-01,3.7
115,Sydney - Baulkham Hills and Hawkesbury,2023-11-01,4.1
115,Sydney - Baulkham Hills and Hawkesbury,2023-12-01,4.2
115,Sydney - Baulkham Hills and Hawkesbury,2024-01-01,5.3
115,Sydney - Baulkham Hills and Hawkesbury,2024-02-01,4.6
115,Sydney - Baulkham Hills and Hawkesbury,2024-03-01,5.3
115,Sydney - Baulkham Hills and Hawkesbury,2024-04-01,5.0
115,Sydney - Baulkham Hills and Hawkesbury,2024-05-01,4.9
115,Sydney - Baulkham Hills and Hawkesbury,2024-06-01,4.8
115,Sydney - Baulkham Hills and Hawkesbury,2024-07-01,5.1
115,Sydney - Baulkham Hills and Hawkesbury,2024-08-01,4.8
115,Sydney - Baulkham Hills and Hawkesbury,2024-09-01,5.4
115,Sydney - Baulkham Hills and Hawkesbury,2024-10-01,4.5
115,Sydney - Baulkham Hills and Hawkesbury,2024-11-01,4.3
115,Sydney - Baulkham Hills and Hawkesbury,2024-12-01,4.8
115,Sydney - Baulkham Hills and Hawkesbury,2025-01-01,6.2
115,Sydney - Baulkham Hills and Hawkesbury,2025-02-01,6.0
115,Sydney - Baulkham Hills and Hawkesbury,2025-03-01,6.2
115,Sydney - Baulkham Hills and Hawkesbury,2025-04-01,5.1
115,Sydney - Baulkham Hills and Hawkesbury,2025-05-01,5.7
115,Sydney - Baulkham Hills and Hawkesbury,2025-06-01,6.3
115,Sydney - Baulkham Hills and Hawkesbury,2025-07-01,5.2
115,Sydney - Baulkham Hills and Hawkesbury,2025-08-01,5.5
115,Sydney - Baulkham Hills and Hawkesbury,2025-09-01,5.4
115,Sydney - Baulkham Hills and Hawkesbury,2025-10-01,6.4
115,Sydney - Baulkham Hills and Hawkesbury,2025-11-01,5.1
115,Sydney - Baulkham Hills and Hawkesbury,2025-12-01,5.1
115,Sydney - Baulkham Hills and Hawkesbury,2026-01-01,5.2
115,Sydney - Baulkham Hills and Hawkesbury,2026-02-01,6.0
115,Sydney - Baulkham Hills and Hawkesbury,2026-03-01,6.7
116,Sydney - Blacktown,2012-01-01,10.6
116,Sydney - Blacktown,2012-02-01,11.5
116,Sydney - Blacktown,2012-03-01,9.4
116,Sydney - Blacktown,2012-04-01,8.1
116,Sydney - Blacktown,2012-05-01,10.4
116,Sydney - Blacktown,2012-06-01,9.4
116,Sydney - Blacktown,2012-07-01,9.2
116,Sydney - Blacktown,2012-08-01,8.5
116,Sydney - Blacktown,2012-09-01,10.4
116,Sydney - Blacktown,2012-10-01,10.3
116,Sydney - Blacktown,2012-11-01,8.4
116,Sydney - Blacktown,2012-12-01,9.9
116,Sydney - Blacktown,2013-01-01,10.4
116,Sydney - Blacktown,2013-02-01,11.0
116,Sydney - Blacktown,2013-03-01,11.3
116,Sydney - Blacktown,2013-04-01,10.2
116,Sydney - Blacktown,2013-05-01,10.9
116,Sydney - Blacktown,2013-06-01,10.6
116,Sydney - Blacktown,2013-07-01,10.5
116,Sydney - Blacktown,2013-08-01,11.9
116,Sydney - Blacktown,2013-09-01,12.2
116,Sydney - Blacktown,2013-10-01,11.5
116,Sydney - Blacktown,2013-11-01,10.6
116,Sydney - Blacktown,2013-12-01,12.3
116,Sydney - Blacktown,2014-01-01,11.4
116,Sydney - Blacktown,2014-02-01,12.2
116,Sydney - Blacktown,2014-03-01,10.3
116,Sydney - Blacktown,2014-04-01,10.6
116,Sydney - Blacktown,2014-05-01,12.3
116,Sydney - Blacktown,2014-06-01,12.0
116,Sydney - Blacktown,2014-07-01,10.8
116,Sydney - Blacktown,2014-08-01,10.5
116,Sydney - Blacktown,2014-09-01,11.4
116,Sydney - Blacktown,2014-10-01,10.9
116,Sydney - Blacktown,2014-11-01,11.0
116,Sydney - Blacktown,2014-12-01,11.0
116,Sydney - Blacktown,2015-01-01,13.4
116,Sydney - Blacktown,2015-02-01,12.7
116,Sydney - Blacktown,2015-03-01,12.3
116,Sydney - Blacktown,2015-04-01,10.7
116,Sydney - Blacktown,2015-05-01,11.0
116,Sydney - Blacktown,2015-06-01,11.4
116,Sydney - Blacktown,2015-07-01,12.4
116,Sydney - Blacktown,2015-08-01,13.3
116,Sydney - Blacktown,2015-09-01,12.6
116,Sydney - Blacktown,2015-10-01,11.0
116,Sydney - Blacktown,2015-11-01,10.7
116,Sydney - Blacktown,2015-12-01,11.0
116,Sydney - Blacktown,2016-01-01,12.7
116,Sydney - Blacktown,2016-02-01,13.4
116,Sydney - Blacktown,2016-03-01,12.8
116,Sydney - Blacktown,2016-04-01,11.2
116,Sydney - Blacktown,2016-05-01,12.4
116,Sydney - Blacktown,2016-06-01,11.6
116,Sydney - Blacktown,2016-07-01,11.9
116,Sydney - Blacktown,2016-08-01,11.4
116,Sydney - Blacktown,2016-09-01,11.4
116,Sydney - Blacktown,2016-10-01,11.5
116,Sydney - Blacktown,2016-11-01,10.3
116,Sydney - Blacktown,2016-12-01,12.2
116,Sydney - Blacktown,2017-01-01,12.4
116,Sydney - Blacktown,2017-02-01,13.5
116,Sydney - Blacktown,2017-03-01,13.8
116,Sydney - Blacktown,2017-04-01,10.1
116,Sydney - Blacktown,2017-05-01,11.8
116,Sydney - Blacktown,2017-06-01,11.5
116,Sydney - Blacktown,2017-07-01,11.0
116,Sydney - Blacktown,2017-08-01,11.5
116,Sydney - Blacktown,2017-09-01,11.1
116,Sydney - Blacktown,2017-10-01,10.2
116,Sydney - Blacktown,2017-11-01,11.3
116,Sydney - Blacktown,2017-12-01,10.9
116,Sydney - Blacktown,2018-01-01,13.2
116,Sydney - Blacktown,2018-02-01,12.5
116,Sydney - Blacktown,2018-03-01,13.1
116,Sydney - Blacktown,2018-04-01,11.4
116,Sydney - Blacktown,2018-05-01,11.5
116,Sydney - Blacktown,2018-06-01,9.1
116,Sydney - Blacktown,2018-07-01,10.8
116,Sydney - Blacktown,2018-08-01,11.7
116,Sydney - Blacktown,2018-09-01,10.8
116,Sydney - Blacktown,2018-10-01,10.6
116,Sydney - Blacktown,2018-11-01,10.2
116,Sydney - Blacktown,2018-12-01,9.9
116,Sydney - Blacktown,2019-01-01,11.0
116,Sydney - Blacktown,2019-02-01,12.3
116,Sydney - Blacktown,2019-03-01,11.7
116,Sydney - Blacktown,2019-04-01,12.8
116,Sydney - Blacktown,2019-05-01,11.6
116,Sydney - Blacktown,2019-06-01,10.7
116,Sydney - Blacktown,2019-07-01,12.2
116,Sydney - Blacktown,2019-08-01,11.3
116,Sydney - Blacktown,2019-09-01,11.3
116,Sydney - Blacktown,2019-10-01,12.6
116,Sydney - Blacktown,2019-11-01,10.8
116,Sydney - Blacktown,2019-12-01,12.0
116,Sydney - Blacktown,2020-01-01,13.5
116,Sydney - Blacktown,2020-02-01,13.3
116,Sydney - Blacktown,2020-03-01,13.6
116,Sydney - Blacktown,2020-04-01,15.3
116,Sydney - Blacktown,2020-05-01,14.8
116,Sydney - Blacktown,2020-06-01,16.0
116,Sydney - Blacktown,2020-07-01,16.9
116,Sydney - Blacktown,2020-08-01,16.8
116,Sydney - Blacktown,2020-09-01,16.4
116,Sydney - Blacktown,2020-10-01,15.9
116,Sydney - Blacktown,2020-11-01,14.5
116,Sydney - Blacktown,2020-12-01,16.5
116,Sydney - Blacktown,2021-01-01,17.3
116,Sydney - Blacktown,2021-02-01,17.0
116,Sydney - Blacktown,2021-03-01,16.4
116,Sydney - Blacktown,2021-04-01,14.9
116,Sydney - Blacktown,2021-05-01,13.0
116,Sydney - Blacktown,2021-06-01,13.7
116,Sydney - Blacktown,2021-07-01,12.2
116,Sydney - Blacktown,2021-08-01,11.7
116,Sydney - Blacktown,2021-09-01,11.3
116,Sydney - Blacktown,2021-10-01,13.4
116,Sydney - Blacktown,2021-11-01,10.7
116,Sydney - Blacktown,2021-12-01,9.6
116,Sydney - Blacktown,2022-01-01,11.4
116,Sydney - Blacktown,2022-02-01,11.0
116,Sydney - Blacktown,2022-03-01,11.9
116,Sydney - Blacktown,2022-04-01,9.1
116,Sydney - Blacktown,2022-05-01,11.0
116,Sydney - Blacktown,2022-06-01,8.8
116,Sydney - Blacktown,2022-07-01,9.5
116,Sydney - Blacktown,2022-08-01,9.7
116,Sydney - Blacktown,2022-09-01,8.0
116,Sydney - Blacktown,2022-10-01,7.3
116,Sydney - Blacktown,2022-11-01,8.8
116,Sydney - Blacktown,2022-12-01,8.8
116,Sydney - Blacktown,2023-01-01,9.8
116,Sydney - Blacktown,2023-02-01,9.7
116,Sydney - Blacktown,2023-03-01,10.3
116,Sydney - Blacktown,2023-04-01,10.0
116,Sydney - Blacktown,2023-05-01,7.8
116,Sydney - Blacktown,2023-06-01,8.5
116,Sydney - Blacktown,2023-07-01,10.8
116,Sydney - Blacktown,2023-08-01,10.1
116,Sydney - Blacktown,2023-09-01,9.5
116,Sydney - Blacktown,2023-10-01,9.7
116,Sydney - Blacktown,2023-11-01,9.6
116,Sydney - Blacktown,2023-12-01,10.2
116,Sydney - Blacktown,2024-01-01,13.8
116,Sydney - Blacktown,2024-02-01,11.1
116,Sydney - Blacktown,2024-03-01,11.2
116,Sydney - Blacktown,2024-04-01,12.7
116,Sydney - Blacktown,2024-05-01,11.8
116,Sydney - Blacktown,2024-06-01,10.5
116,Sydney - Blacktown,2024-07-01,12.6
116,Sydney - Blacktown,2024-08-01,13.8
116,Sydney - Blacktown,2024-09-01,11.2
116,Sydney - Blacktown,2024-10-01,11.1
116,Sydney - Blacktown,2024-11-01,11.7
116,Sydney - Blacktown,2024-12-01,10.4
116,Sydney - Blacktown,2025-01-01,13.4
116,Sydney - Blacktown,2025-02-01,13.1
116,Sydney - Blacktown,2025-03-01,13.9
116,Sydney - Blacktown,2025-04-01,10.4
116,Sydney - Blacktown,2025-05-01,13.2
116,Sydney - Blacktown,2025-06-01,13.8
116,Sydney - Blacktown,2025-07-01,12.3
116,Sydney - Blacktown,2025-08-01,13.0
116,Sydney - Blacktown,2025-09-01,12.8
116,Sydney - Blacktown,2025-10-01,13.2
116,Sydney - Blacktown,2025-11-01,10.4
116,Sydney - Blacktown,2025-12-01,11.9
116,Sydney - Blacktown,2026-01-01,13.4
116,Sydney - Blacktown,2026-02-01,14.9
116,Sydney - Blacktown,2026-03-01,14.2
117,Sydney - City and Inner South,2012-01-01,10.9
117,Sydney - City and Inner South,2012-02-01,11.1
117,Sydney - City and Inner South,2012-03-01,10.1
117,Sydney - City and Inner South,2012-04-01,10.1
117,Sydney - City and Inner South,2012-05-01,9.2
117,Sydney - City and Inner South,2012-06-01,10.1
117,Sydney - City and Inner South,2012-07-01,8.2
117,Sydney - City and Inner South,2012-08-01,8.0
117,Sydney - City and Inner South,2012-09-01,9.7
117,Sydney - City and Inner South,2012-10-01,9.5
117,Sydney - City and Inner South,2012-11-01,9.3
117,Sydney - City and Inner South,2012-12-01,9.2
117,Sydney - City and Inner South,2013-01-01,11.1
117,Sydney - City and Inner South,2013-02-01,12.8
117,Sydney - City and Inner South,2013-03-01,11.2
117,Sydney - City and Inner South,2013-04-01,9.9
117,Sydney - City and Inner South,2013-05-01,11.0
117,Sydney - City and Inner South,2013-06-01,10.0
117,Sydney - City and Inner South,2013-07-01,10.6
117,Sydney - City and Inner South,2013-08-01,10.8
117,Sydney - City and Inner South,2013-09-01,11.6
117,Sydney - City and Inner South,2013-10-01,12.0
117,Sydney - City and Inner South,2013-11-01,11.4
117,Sydney - City and Inner South,2013-12-01,10.8
117,Sydney - City and Inner South,2014-01-01,12.4
117,Sydney - City and Inner South,2014-02-01,12.6
117,Sydney - City and Inner South,2014-03-01,10.1
117,Sydney - City and Inner South,2014-04-01,8.5
117,Sydney - City and Inner South,2014-05-01,10.9
117,Sydney - City and Inner South,2014-06-01,10.7
117,Sydney - City and Inner South,2014-07-01,10.7
117,Sydney - City and Inner South,2014-08-01,10.1
117,Sydney - City and Inner South,2014-09-01,11.3
117,Sydney - City and Inner South,2014-10-01,11.9
117,Sydney - City and Inner South,2014-11-01,10.9
117,Sydney - City and Inner South,2014-12-01,10.5
117,Sydney - City and Inner South,2015-01-01,12.8
117,Sydney - City and Inner South,2015-02-01,13.2
117,Sydney - City and Inner South,2015-03-01,11.1
117,Sydney - City and Inner South,2015-04-01,10.7
117,Sydney - City and Inner South,2015-05-01,10.0
117,Sydney - City and Inner South,2015-06-01,10.7
117,Sydney - City and Inner South,2015-07-01,11.5
117,Sydney - City and Inner South,2015-08-01,11.6
117,Sydney - City and Inner South,2015-09-01,11.3
117,Sydney - City and Inner South,2015-10-01,9.7
117,Sydney - City and Inner South,2015-11-01,9.5
117,Sydney - City and Inner South,2015-12-01,10.3
117,Sydney - City and Inner South,2016-01-01,12.3
117,Sydney - City and Inner South,2016-02-01,11.6
117,Sydney - City and Inner South,2016-03-01,11.7
117,Sydney - City and Inner South,2016-04-01,11.3
117,Sydney - City and Inner South,2016-05-01,10.3
117,Sydney - City and Inner South,2016-06-01,10.5
117,Sydney - City and Inner South,2016-07-01,10.0
117,Sydney - City and Inner South,2016-08-01,9.8
117,Sydney - City and Inner South,2016-09-01,9.4
117,Sydney - City and Inner South,2016-10-01,9.8
117,Sydney - City and Inner South,2016-11-01,10.7
117,Sydney - City and Inner South,2016-12-01,10.4
117,Sydney - City and Inner South,2017-01-01,12.1
117,Sydney - City and Inner South,2017-02-01,11.5
117,Sydney - City and Inner South,2017-03-01,10.5
117,Sydney - City and Inner South,2017-04-01,9.0
117,Sydney - City and Inner South,2017-05-01,10.1
117,Sydney - City and Inner South,2017-06-01,9.6
117,Sydney - City and Inner South,2017-07-01,10.3
117,Sydney - City and Inner South,2017-08-01,10.2
117,Sydney - City and Inner South,2017-09-01,9.0
117,Sydney - City and Inner South,2017-10-01,10.0
117,Sydney - City and Inner South,2017-11-01,8.7
117,Sydney - City and Inner South,2017-12-01,9.2
117,Sydney - City and Inner South,2018-01-01,11.7
117,Sydney - City and Inner South,2018-02-01,10.7
117,Sydney - City and Inner South,2018-03-01,11.3
117,Sydney - City and Inner South,2018-04-01,9.4
117,Sydney - City and Inner South,2018-05-01,9.9
117,Sydney - City and Inner South,2018-06-01,9.2
117,Sydney - City and Inner South,2018-07-01,9.8
117,Sydney - City and Inner South,2018-08-01,9.6
117,Sydney - City and Inner South,2018-09-01,8.3
117,Sydney - City and Inner South,2018-10-01,8.0
117,Sydney - City and Inner South,2018-11-01,8.0
117,Sydney - City and Inner South,2018-12-01,8.2
117,Sydney - City and Inner South,2019-01-01,9.0
117,Sydney - City and Inner South,2019-02-01,9.0
117,Sydney - City and Inner South,2019-03-01,9.3
117,Sydney - City and Inner South,2019-04-01,10.0
117,Sydney - City and Inner South,2019-05-01,9.7
117,Sydney - City and Inner South,2019-06-01,9.8
117,Sydney - City and Inner South,2019-07-01,9.2
117,Sydney - City and Inner South,2019-08-01,7.9
117,Sydney - City and Inner South,2019-09-01,9.2
117,Sydney - City and Inner South,2019-10-01,9.8
117,Sydney - City and Inner South,2019-11-01,8.1
117,Sydney - City and Inner South,2019-12-01,8.7
117,Sydney - City and Inner South,2020-01-01,10.4
117,Sydney - City and Inner South,2020-02-01,9.9
117,Sydney - City and Inner South,2020-03-01,11.1
117,Sydney - City and Inner South,2020-04-01,14.3
117,Sydney - City and Inner South,2020-05-01,13.0
117,Sydney - City and Inner South,2020-06-01,15.8
117,Sydney - City and Inner South,2020-07-01,16.7
117,Sydney - City and Inner South,2020-08-01,15.2
117,Sydney - City and Inner South,2020-09-01,15.0
117,Sydney - City and Inner South,2020-10-01,14.8
117,Sydney - City and Inner South,2020-11-01,13.8
117,Sydney - City and Inner South,2020-12-01,14.4
117,Sydney - City and Inner South,2021-01-01,14.7
117,Sydney - City and Inner South,2021-02-01,13.9
117,Sydney - City and Inner South,2021-03-01,13.9
117,Sydney - City and Inner South,2021-04-01,12.2
117,Sydney - City and Inner South,2021-05-01,10.7
117,Sydney - City and Inner South,2021-06-01,12.0
117,Sydney - City and Inner South,2021-07-01,10.0
117,Sydney - City and Inner South,2021-08-01,10.3
117,Sydney - City and Inner South,2021-09-01,10.0
117,Sydney - City and Inner South,2021-10-01,11.4
117,Sydney - City and Inner South,2021-11-01,9.2
117,Sydney - City and Inner South,2021-12-01,9.5
117,Sydney - City and Inner South,2022-01-01,9.9
117,Sydney - City and Inner South,2022-02-01,8.4
117,Sydney - City and Inner South,2022-03-01,9.1
117,Sydney - City and Inner South,2022-04-01,7.8
117,Sydney - City and Inner South,2022-05-01,8.1
117,Sydney - City and Inner South,2022-06-01,7.6
117,Sydney - City and Inner South,2022-07-01,7.4
117,Sydney - City and Inner South,2022-08-01,6.3
117,Sydney - City and Inner South,2022-09-01,7.8
117,Sydney - City and Inner South,2022-10-01,7.0
117,Sydney - City and Inner South,2022-11-01,6.7
117,Sydney - City and Inner South,2022-12-01,7.2
117,Sydney - City and Inner South,2023-01-01,8.2
117,Sydney - City and Inner South,2023-02-01,7.7
117,Sydney - City and Inner South,2023-03-01,8.4
117,Sydney - City and Inner South,2023-04-01,7.5
117,Sydney - City and Inner South,2023-05-01,7.1
117,Sydney - City and Inner South,2023-06-01,6.6
117,Sydney - City and Inner South,2023-07-01,7.9
117,Sydney - City and Inner South,2023-08-01,8.6
117,Sydney - City and Inner South,2023-09-01,7.1
117,Sydney - City and Inner South,2023-10-01,8.9
117,Sydney - City and Inner South,2023-11-01,7.9
117,Sydney - City and Inner South,2023-12-01,8.1
117,Sydney - City and Inner South,2024-01-01,10.1
117,Sydney - City and Inner South,2024-02-01,9.5
117,Sydney - City and Inner South,2024-03-01,9.9
117,Sydney - City and Inner South,2024-04-01,10.1
117,Sydney - City and Inner South,2024-05-01,9.3
117,Sydney - City and Inner South,2024-06-01,8.8
117,Sydney - City and Inner South,2024-07-01,9.3
117,Sydney - City and Inner South,2024-08-01,9.9
117,Sydney - City and Inner South,2024-09-01,9.3
117,Sydney - City and Inner South,2024-10-01,9.8
117,Sydney - City and Inner South,2024-11-01,8.6
117,Sydney - City and Inner South,2024-12-01,8.2
117,Sydney - City and Inner South,2025-01-01,11.7
117,Sydney - City and Inner South,2025-02-01,10.9
117,Sydney - City and Inner South,2025-03-01,11.5
117,Sydney - City and Inner South,2025-04-01,9.4
117,Sydney - City and Inner South,2025-05-01,9.6
117,Sydney - City and Inner South,2025-06-01,10.6
117,Sydney - City and Inner South,2025-07-01,9.5
117,Sydney - City and Inner South,2025-08-01,10.6
117,Sydney - City and Inner South,2025-09-01,10.9
117,Sydney - City and Inner South,2025-10-01,10.1
117,Sydney - City and Inner South,2025-11-01,8.4
117,Sydney - City and Inner South,2025-12-01,9.6
117,Sydney - City and Inner South,2026-01-01,10.8
117,Sydney - City and Inner South,2026-02-01,10.6
117,Sydney - City and Inner South,2026-03-01,11.3
118,Sydney - Eastern Suburbs,2012-01-01,6.9
118,Sydney - Eastern Suburbs,2012-02-01,6.6
118,Sydney - Eastern Suburbs,2012-03-01,6.6
118,Sydney - Eastern Suburbs,2012-04-01,5.9
118,Sydney - Eastern Suburbs,2012-05-01,5.9
118,Sydney - Eastern Suburbs,2012-06-01,5.9
118,Sydney - Eastern Suburbs,2012-07-01,5.9
118,Sydney - Eastern Suburbs,2012-08-01,5.0
118,Sydney - Eastern Suburbs,2012-09-01,5.6
118,Sydney - Eastern Suburbs,2012-10-01,6.7
118,Sydney - Eastern Suburbs,2012-11-01,5.2
118,Sydney - Eastern Suburbs,2012-12-01,5.5
118,Sydney - Eastern Suburbs,2013-01-01,6.2
118,Sydney - Eastern Suburbs,2013-02-01,6.9
118,Sydney - Eastern Suburbs,2013-03-01,6.8
118,Sydney - Eastern Suburbs,2013-04-01,7.2
118,Sydney - Eastern Suburbs,2013-05-01,5.6
118,Sydney - Eastern Suburbs,2013-06-01,6.8
118,Sydney - Eastern Suburbs,2013-07-01,6.4
118,Sydney - Eastern Suburbs,2013-08-01,7.4
118,Sydney - Eastern Suburbs,2013-09-01,7.1
118,Sydney - Eastern Suburbs,2013-10-01,6.5
118,Sydney - Eastern Suburbs,2013-11-01,6.5
118,Sydney - Eastern Suburbs,2013-12-01,6.7
118,Sydney - Eastern Suburbs,2014-01-01,7.2
118,Sydney - Eastern Suburbs,2014-02-01,7.5
118,Sydney - Eastern Suburbs,2014-03-01,7.0
118,Sydney - Eastern Suburbs,2014-04-01,6.2
118,Sydney - Eastern Suburbs,2014-05-01,5.4
118,Sydney - Eastern Suburbs,2014-06-01,6.7
118,Sydney - Eastern Suburbs,2014-07-01,7.1
118,Sydney - Eastern Suburbs,2014-08-01,5.9
118,Sydney - Eastern Suburbs,2014-09-01,6.5
118,Sydney - Eastern Suburbs,2014-10-01,6.7
118,Sydney - Eastern Suburbs,2014-11-01,6.7
118,Sydney - Eastern Suburbs,2014-12-01,6.4
118,Sydney - Eastern Suburbs,2015-01-01,7.4
118,Sydney - Eastern Suburbs,2015-02-01,7.3
118,Sydney - Eastern Suburbs,2015-03-01,6.9
118,Sydney - Eastern Suburbs,2015-04-01,6.6
118,Sydney - Eastern Suburbs,2015-05-01,6.4
118,Sydney - Eastern Suburbs,2015-06-01,6.0
118,Sydney - Eastern Suburbs,2015-07-01,5.8
118,Sydney - Eastern Suburbs,2015-08-01,5.9
118,Sydney - Eastern Suburbs,2015-09-01,5.8
118,Sydney - Eastern Suburbs,2015-10-01,6.1
118,Sydney - Eastern Suburbs,2015-11-01,5.3
118,Sydney - Eastern Suburbs,2015-12-01,5.4
118,Sydney - Eastern Suburbs,2016-01-01,5.1
118,Sydney - Eastern Suburbs,2016-02-01,6.9
118,Sydney - Eastern Suburbs,2016-03-01,6.8
118,Sydney - Eastern Suburbs,2016-04-01,5.2
118,Sydney - Eastern Suburbs,2016-05-01,6.0
118,Sydney - Eastern Suburbs,2016-06-01,5.6
118,Sydney - Eastern Suburbs,2016-07-01,4.8
118,Sydney - Eastern Suburbs,2016-08-01,5.8
118,Sydney - Eastern Suburbs,2016-09-01,5.5
118,Sydney - Eastern Suburbs,2016-10-01,4.8
118,Sydney - Eastern Suburbs,2016-11-01,4.5
118,Sydney - Eastern Suburbs,2016-12-01,5.2
118,Sydney - Eastern Suburbs,2017-01-01,6.0
118,Sydney - Eastern Suburbs,2017-02-01,6.0
118,Sydney - Eastern Suburbs,2017-03-01,5.6
118,Sydney - Eastern Suburbs,2017-04-01,4.4
118,Sydney - Eastern Suburbs,2017-05-01,5.2
118,Sydney - Eastern Suburbs,2017-06-01,4.7
118,Sydney - Eastern Suburbs,2017-07-01,4.9
118,Sydney - Eastern Suburbs,2017-08-01,4.9
118,Sydney - Eastern Suburbs,2017-09-01,4.5
118,Sydney - Eastern Suburbs,2017-10-01,4.5
118,Sydney - Eastern Suburbs,2017-11-01,4.7
118,Sydney - Eastern Suburbs,2017-12-01,5.0
118,Sydney - Eastern Suburbs,2018-01-01,5.2
118,Sydney - Eastern Suburbs,2018-02-01,5.5
118,Sydney - Eastern Suburbs,2018-03-01,5.3
118,Sydney - Eastern Suburbs,2018-04-01,4.7
118,Sydney - Eastern Suburbs,2018-05-01,4.6
118,Sydney - Eastern Suburbs,2018-06-01,4.6
118,Sydney - Eastern Suburbs,2018-07-01,5.3
118,Sydney - Eastern Suburbs,2018-08-01,4.7
118,Sydney - Eastern Suburbs,2018-09-01,4.1
118,Sydney - Eastern Suburbs,2018-10-01,4.4
118,Sydney - Eastern Suburbs,2018-11-01,4.4
118,Sydney - Eastern Suburbs,2018-12-01,4.0
118,Sydney - Eastern Suburbs,2019-01-01,4.5
118,Sydney - Eastern Suburbs,2019-02-01,4.8
118,Sydney - Eastern Suburbs,2019-03-01,5.3
118,Sydney - Eastern Suburbs,2019-04-01,5.2
118,Sydney - Eastern Suburbs,2019-05-01,4.8
118,Sydney - Eastern Suburbs,2019-06-01,4.1
118,Sydney - Eastern Suburbs,2019-07-01,4.4
118,Sydney - Eastern Suburbs,2019-08-01,4.8
118,Sydney - Eastern Suburbs,2019-09-01,4.5
118,Sydney - Eastern Suburbs,2019-10-01,4.7
118,Sydney - Eastern Suburbs,2019-11-01,4.4
118,Sydney - Eastern Suburbs,2019-12-01,4.5
118,Sydney - Eastern Suburbs,2020-01-01,4.7
118,Sydney - Eastern Suburbs,2020-02-01,4.7
118,Sydney - Eastern Suburbs,2020-03-01,5.6
118,Sydney - Eastern Suburbs,2020-04-01,7.5
118,Sydney - Eastern Suburbs,2020-05-01,7.9
118,Sydney - Eastern Suburbs,2020-06-01,8.8
118,Sydney - Eastern Suburbs,2020-07-01,8.9
118,Sydney - Eastern Suburbs,2020-08-01,8.2
118,Sydney - Eastern Suburbs,2020-09-01,8.8
118,Sydney - Eastern Suburbs,2020-10-01,7.9
118,Sydney - Eastern Suburbs,2020-11-01,7.0
118,Sydney - Eastern Suburbs,2020-12-01,7.7
118,Sydney - Eastern Suburbs,2021-01-01,8.1
118,Sydney - Eastern Suburbs,2021-02-01,7.9
118,Sydney - Eastern Suburbs,2021-03-01,7.2
118,Sydney - Eastern Suburbs,2021-04-01,6.3
118,Sydney - Eastern Suburbs,2021-05-01,6.1
118,Sydney - Eastern Suburbs,2021-06-01,5.7
118,Sydney - Eastern Suburbs,2021-07-01,4.9
118,Sydney - Eastern Suburbs,2021-08-01,5.4
118,Sydney - Eastern Suburbs,2021-09-01,5.3
118,Sydney - Eastern Suburbs,2021-10-01,5.7
118,Sydney - Eastern Suburbs,2021-11-01,4.3
118,Sydney - Eastern Suburbs,2021-12-01,4.6
118,Sydney - Eastern Suburbs,2022-01-01,5.0
118,Sydney - Eastern Suburbs,2022-02-01,4.6
118,Sydney - Eastern Suburbs,2022-03-01,4.6
118,Sydney - Eastern Suburbs,2022-04-01,3.7
118,Sydney - Eastern Suburbs,2022-05-01,4.3
118,Sydney - Eastern Suburbs,2022-06-01,3.8
118,Sydney - Eastern Suburbs,2022-07-01,3.7
118,Sydney - Eastern Suburbs,2022-08-01,4.0
118,Sydney - Eastern Suburbs,2022-09-01,3.5
118,Sydney - Eastern Suburbs,2022-10-01,3.3
118,Sydney - Eastern Suburbs,2022-11-01,3.2
118,Sydney - Eastern Suburbs,2022-12-01,3.4
118,Sydney - Eastern Suburbs,2023-01-01,3.9
118,Sydney - Eastern Suburbs,2023-02-01,4.4
118,Sydney - Eastern Suburbs,2023-03-01,4.2
118,Sydney - Eastern Suburbs,2023-04-01,3.3
118,Sydney - Eastern Suburbs,2023-05-01,3.7
118,Sydney - Eastern Suburbs,2023-06-01,3.4
118,Sydney - Eastern Suburbs,2023-07-01,3.1
118,Sydney - Eastern Suburbs,2023-08-01,4.1
118,Sydney - Eastern Suburbs,2023-09-01,4.0
118,Sydney - Eastern Suburbs,2023-10-01,3.8
118,Sydney - Eastern Suburbs,2023-11-01,4.0
118,Sydney - Eastern Suburbs,2023-12-01,4.2
118,Sydney - Eastern Suburbs,2024-01-01,5.1
118,Sydney - Eastern Suburbs,2024-02-01,4.4
118,Sydney - Eastern Suburbs,2024-03-01,4.8
118,Sydney - Eastern Suburbs,2024-04-01,4.7
118,Sydney - Eastern Suburbs,2024-05-01,4.0
118,Sydney - Eastern Suburbs,2024-06-01,4.4
118,Sydney - Eastern Suburbs,2024-07-01,4.0
118,Sydney - Eastern Suburbs,2024-08-01,4.7
118,Sydney - Eastern Suburbs,2024-09-01,4.2
118,Sydney - Eastern Suburbs,2024-10-01,4.6
118,Sydney - Eastern Suburbs,2024-11-01,4.5
118,Sydney - Eastern Suburbs,2024-12-01,4.3
118,Sydney - Eastern Suburbs,2025-01-01,5.1
118,Sydney - Eastern Suburbs,2025-02-01,5.1
118,Sydney - Eastern Suburbs,2025-03-01,4.9
118,Sydney - Eastern Suburbs,2025-04-01,4.5
118,Sydney - Eastern Suburbs,2025-05-01,4.7
118,Sydney - Eastern Suburbs,2025-06-01,4.9
118,Sydney - Eastern Suburbs,2025-07-01,4.6
118,Sydney - Eastern Suburbs,2025-08-01,4.7
118,Sydney - Eastern Suburbs,2025-09-01,4.6
118,Sydney - Eastern Suburbs,2025-10-01,5.1
118,Sydney - Eastern Suburbs,2025-11-01,4.1
118,Sydney - Eastern Suburbs,2025-12-01,4.5
118,Sydney - Eastern Suburbs,2026-01-01,5.1
118,Sydney - Eastern Suburbs,2026-02-01,4.5
118,Sydney - Eastern Suburbs,2026-03-01,5.7
119,Sydney - Inner South West,2012-01-01,17.7
119,Sydney - Inner South West,2012-02-01,18.5
119,Sydney - Inner South West,2012-03-01,15.7
119,Sydney - Inner South West,2012-04-01,16.2
119,Sydney - Inner South West,2012-05-01,17.5
119,Sydney - Inner South West,2012-06-01,15.1
119,Sydney - Inner South West,2012-07-01,16.0
119,Sydney - Inner South West,2012-08-01,14.0
119,Sydney - Inner South West,2012-09-01,18.1
119,Sydney - Inner South West,2012-10-01,17.7
119,Sydney - Inner South West,2012-11-01,15.9
119,Sydney - Inner South West,2012-12-01,17.1
119,Sydney - Inner South West,2013-01-01,16.3
119,Sydney - Inner South West,2013-02-01,18.9
119,Sydney - Inner South West,2013-03-01,19.0
119,Sydney - Inner South West,2013-04-01,17.6
119,Sydney - Inner South West,2013-05-01,19.8
119,Sydney - Inner South West,2013-06-01,16.4
119,Sydney - Inner South West,2013-07-01,15.7
119,Sydney - Inner South West,2013-08-01,17.5
119,Sydney - Inner South West,2013-09-01,19.8
119,Sydney - Inner South West,2013-10-01,19.2
119,Sydney - Inner South West,2013-11-01,18.7
119,Sydney - Inner South West,2013-12-01,17.9
119,Sydney - Inner South West,2014-01-01,20.5
119,Sydney - Inner South West,2014-02-01,21.7
119,Sydney - Inner South West,2014-03-01,18.0
119,Sydney - Inner South West,2014-04-01,16.5
119,Sydney - Inner South West,2014-05-01,17.8
119,Sydney - Inner South West,2014-06-01,17.6
119,Sydney - Inner South West,2014-07-01,15.9
119,Sydney - Inner South West,2014-08-01,16.6
119,Sydney - Inner South West,2014-09-01,18.3
119,Sydney - Inner South West,2014-10-01,19.6
119,Sydney - Inner South West,2014-11-01,20.0
119,Sydney - Inner South West,2014-12-01,18.7
119,Sydney - Inner South West,2015-01-01,20.3
119,Sydney - Inner South West,2015-02-01,20.2
119,Sydney - Inner South West,2015-03-01,20.5
119,Sydney - Inner South West,2015-04-01,19.6
119,Sydney - Inner South West,2015-05-01,18.5
119,Sydney - Inner South West,2015-06-01,18.6
119,Sydney - Inner South West,2015-07-01,20.0
119,Sydney - Inner South West,2015-08-01,18.3
119,Sydney - Inner South West,2015-09-01,19.4
119,Sydney - Inner South West,2015-10-01,17.6
119,Sydney - Inner South West,2015-11-01,18.0
119,Sydney - Inner South West,2015-12-01,16.2
119,Sydney - Inner South West,2016-01-01,20.1
119,Sydney - Inner South West,2016-02-01,19.3
119,Sydney - Inner South West,2016-03-01,17.9
119,Sydney - Inner South West,2016-04-01,16.8
119,Sydney - Inner South West,2016-05-01,16.5
119,Sydney - Inner South West,2016-06-01,17.6
119,Sydney - Inner South West,2016-07-01,18.2
119,Sydney - Inner South West,2016-08-01,16.7
119,Sydney - Inner South West,2016-09-01,17.3
119,Sydney - Inner South West,2016-10-01,16.1
119,Sydney - Inner South West,2016-11-01,15.0
119,Sydney - Inner South West,2016-12-01,17.6
119,Sydney - Inner South West,2017-01-01,18.1
119,Sydney - Inner South West,2017-02-01,20.1
119,Sydney - Inner South West,2017-03-01,17.0
119,Sydney - Inner South West,2017-04-01,14.7
119,Sydney - Inner South West,2017-05-01,15.3
119,Sydney - Inner South West,2017-06-01,17.2
119,Sydney - Inner South West,2017-07-01,18.2
119,Sydney - Inner South West,2017-08-01,16.5
119,Sydney - Inner South West,2017-09-01,16.2
119,Sydney - Inner South West,2017-10-01,13.0
119,Sydney - Inner South West,2017-11-01,16.7
119,Sydney - Inner South West,2017-12-01,17.4
119,Sydney - Inner South West,2018-01-01,18.9
119,Sydney - Inner South West,2018-02-01,17.6
119,Sydney - Inner South West,2018-03-01,18.1
119,Sydney - Inner South West,2018-04-01,17.3
119,Sydney - Inner South West,2018-05-01,16.4
119,Sydney - Inner South West,2018-06-01,15.4
119,Sydney - Inner South West,2018-07-01,17.7
119,Sydney - Inner South West,2018-08-01,15.8
119,Sydney - Inner South West,2018-09-01,14.9
119,Sydney - Inner South West,2018-10-01,15.4
119,Sydney - Inner South West,2018-11-01,13.9
119,Sydney - Inner South West,2018-12-01,14.2
119,Sydney - Inner South West,2019-01-01,14.3
119,Sydney - Inner South West,2019-02-01,16.7
119,Sydney - Inner South West,2019-03-01,18.3
119,Sydney - Inner South West,2019-04-01,15.9
119,Sydney - Inner South West,2019-05-01,16.3
119,Sydney - Inner South West,2019-06-01,16.1
119,Sydney - Inner South West,2019-07-01,15.8
119,Sydney - Inner South West,2019-08-01,14.5
119,Sydney - Inner South West,2019-09-01,16.6
119,Sydney - Inner South West,2019-10-01,16.2
119,Sydney - Inner South West,2019-11-01,14.9
119,Sydney - Inner South West,2019-12-01,15.8
119,Sydney - Inner South West,2020-01-01,14.6
119,Sydney - Inner South West,2020-02-01,17.4
119,Sydney - Inner South West,2020-03-01,18.8
119,Sydney - Inner South West,2020-04-01,24.1
119,Sydney - Inner South West,2020-05-01,20.8
119,Sydney - Inner South West,2020-06-01,24.1
119,Sydney - Inner South West,2020-07-01,26.1
119,Sydney - Inner South West,2020-08-01,22.4
119,Sydney - Inner South West,2020-09-01,24.9
119,Sydney - Inner South West,2020-10-01,24.5
119,Sydney - Inner South West,2020-11-01,22.6
119,Sydney - Inner South West,2020-12-01,25.1
119,Sydney - Inner South West,2021-01-01,24.9
119,Sydney - Inner South West,2021-02-01,24.3
119,Sydney - Inner South West,2021-03-01,20.8
119,Sydney - Inner South West,2021-04-01,21.1
119,Sydney - Inner South West,2021-05-01,19.9
119,Sydney - Inner South West,2021-06-01,19.2
119,Sydney - Inner South West,2021-07-01,19.3
119,Sydney - Inner South West,2021-08-01,15.8
119,Sydney - Inner South West,2021-09-01,16.0
119,Sydney - Inner South West,2021-10-01,20.8
119,Sydney - Inner South West,2021-11-01,18.2
119,Sydney - Inner South West,2021-12-01,14.2
119,Sydney - Inner South West,2022-01-01,17.6
119,Sydney - Inner South West,2022-02-01,14.8
119,Sydney - Inner South West,2022-03-01,14.8
119,Sydney - Inner South West,2022-04-01,11.9
119,Sydney - Inner South West,2022-05-01,16.0
119,Sydney - Inner South West,2022-06-01,12.3
119,Sydney - Inner South West,2022-07-01,12.0
119,Sydney - Inner South West,2022-08-01,14.8
119,Sydney - Inner South West,2022-09-01,12.4
119,Sydney - Inner South West,2022-10-01,11.3
119,Sydney - Inner South West,2022-11-01,11.6
119,Sydney - Inner South West,2022-12-01,12.1
119,Sydney - Inner South West,2023-01-01,12.1
119,Sydney - Inner South West,2023-02-01,12.7
119,Sydney - Inner South West,2023-03-01,11.0
119,Sydney - Inner South West,2023-04-01,13.7
119,Sydney - Inner South West,2023-05-01,12.0
119,Sydney - Inner South West,2023-06-01,9.6
119,Sydney - Inner South West,2023-07-01,10.4
119,Sydney - Inner South West,2023-08-01,13.3
119,Sydney - Inner South West,2023-09-01,15.4
119,Sydney - Inner South West,2023-10-01,13.2
119,Sydney - Inner South West,2023-11-01,12.8
119,Sydney - Inner South West,2023-12-01,12.7
119,Sydney - Inner South West,2024-01-01,17.7
119,Sydney - Inner South West,2024-02-01,14.4
119,Sydney - Inner South West,2024-03-01,16.8
119,Sydney - Inner South West,2024-04-01,14.7
119,Sydney - Inner South West,2024-05-01,15.2
119,Sydney - Inner South West,2024-06-01,16.6
119,Sydney - Inner South West,2024-07-01,14.2
119,Sydney - Inner South West,2024-08-01,15.3
119,Sydney - Inner South West,2024-09-01,15.0
119,Sydney - Inner South West,2024-10-01,15.9
119,Sydney - Inner South West,2024-11-01,14.3
119,Sydney - Inner South West,2024-12-01,16.3
119,Sydney - Inner South West,2025-01-01,15.1
119,Sydney - Inner South West,2025-02-01,17.3
119,Sydney - Inner South West,2025-03-01,16.7
119,Sydney - Inner South West,2025-04-01,15.7
119,Sydney - Inner South West,2025-05-01,16.5
119,Sydney - Inner South West,2025-06-01,17.6
119,Sydney - Inner South West,2025-07-01,16.5
119,Sydney - Inner South West,2025-08-01,15.3
119,Sydney - Inner South West,2025-09-01,17.0
119,Sydney - Inner South West,2025-10-01,16.6
119,Sydney - Inner South West,2025-11-01,13.9
119,Sydney - Inner South West,2025-12-01,13.8
119,Sydney - Inner South West,2026-01-01,19.0
119,Sydney - Inner South West,2026-02-01,16.4
119,Sydney - Inner South West,2026-03-01,18.8
120,Sydney - Inner West,2012-01-01,7.2
120,Sydney - Inner West,2012-02-01,8.3
120,Sydney - Inner West,2012-03-01,7.0
120,Sydney - Inner West,2012-04-01,6.9
120,Sydney - Inner West,2012-05-01,7.5
120,Sydney - Inner West,2012-06-01,6.6
120,Sydney - Inner West,2012-07-01,6.8
120,Sydney - Inner West,2012-08-01,6.0
120,Sydney - Inner West,2012-09-01,7.4
120,Sydney - Inner West,2012-10-01,5.6
120,Sydney - Inner West,2012-11-01,6.6
120,Sydney - Inner West,2012-12-01,6.6
120,Sydney - Inner West,2013-01-01,8.2
120,Sydney - Inner West,2013-02-01,8.3
120,Sydney - Inner West,2013-03-01,8.6
120,Sydney - Inner West,2013-04-01,7.6
120,Sydney - Inner West,2013-05-01,7.2
120,Sydney - Inner West,2013-06-01,7.8
120,Sydney - Inner West,2013-07-01,7.2
120,Sydney - Inner West,2013-08-01,8.2
120,Sydney - Inner West,2013-09-01,7.5
120,Sydney - Inner West,2013-10-01,7.0
120,Sydney - Inner West,2013-11-01,7.5
120,Sydney - Inner West,2013-12-01,8.4
120,Sydney - Inner West,2014-01-01,8.9
120,Sydney - Inner West,2014-02-01,9.2
120,Sydney - Inner West,2014-03-01,6.9
120,Sydney - Inner West,2014-04-01,7.6
120,Sydney - Inner West,2014-05-01,7.5
120,Sydney - Inner West,2014-06-01,7.3
120,Sydney - Inner West,2014-07-01,7.8
120,Sydney - Inner West,2014-08-01,7.7
120,Sydney - Inner West,2014-09-01,6.5
120,Sydney - Inner West,2014-10-01,7.5
120,Sydney - Inner West,2014-11-01,8.2
120,Sydney - Inner West,2014-12-01,7.7
120,Sydney - Inner West,2015-01-01,8.9
120,Sydney - Inner West,2015-02-01,9.1
120,Sydney - Inner West,2015-03-01,8.5
120,Sydney - Inner West,2015-04-01,7.3
120,Sydney - Inner West,2015-05-01,8.0
120,Sydney - Inner West,2015-06-01,7.6
120,Sydney - Inner West,2015-07-01,7.7
120,Sydney - Inner West,2015-08-01,8.0
120,Sydney - Inner West,2015-09-01,8.1
120,Sydney - Inner West,2015-10-01,7.9
120,Sydney - Inner West,2015-11-01,6.5
120,Sydney - Inner West,2015-12-01,6.4
120,Sydney - Inner West,2016-01-01,8.5
120,Sydney - Inner West,2016-02-01,8.4
120,Sydney - Inner West,2016-03-01,7.6
120,Sydney - Inner West,2016-04-01,7.1
120,Sydney - Inner West,2016-05-01,7.6
120,Sydney - Inner West,2016-06-01,7.2
120,Sydney - Inner West,2016-07-01,7.4
120,Sydney - Inner West,2016-08-01,7.2
120,Sydney - Inner West,2016-09-01,6.9
120,Sydney - Inner West,2016-10-01,6.6
120,Sydney - Inner West,2016-11-01,6.1
120,Sydney - Inner West,2016-12-01,7.0
120,Sydney - Inner West,2017-01-01,7.9
120,Sydney - Inner West,2017-02-01,7.6
120,Sydney - Inner West,2017-03-01,7.8
120,Sydney - Inner West,2017-04-01,6.8
120,Sydney - Inner West,2017-05-01,6.6
120,Sydney - Inner West,2017-06-01,6.9
120,Sydney - Inner West,2017-07-01,7.0
120,Sydney - Inner West,2017-08-01,6.6
120,Sydney - Inner West,2017-09-01,7.3
120,Sydney - Inner West,2017-10-01,6.1
120,Sydney - Inner West,2017-11-01,6.5
120,Sydney - Inner West,2017-12-01,7.0
120,Sydney - Inner West,2018-01-01,7.4
120,Sydney - Inner West,2018-02-01,7.7
120,Sydney - Inner West,2018-03-01,8.0
120,Sydney - Inner West,2018-04-01,7.4
120,Sydney - Inner West,2018-05-01,6.9
120,Sydney - Inner West,2018-06-01,6.4
120,Sydney - Inner West,2018-07-01,6.4
120,Sydney - Inner West,2018-08-01,6.4
120,Sydney - Inner West,2018-09-01,6.0
120,Sydney - Inner West,2018-10-01,5.9
120,Sydney - Inner West,2018-11-01,5.3
120,Sydney - Inner West,2018-12-01,6.6
120,Sydney - Inner West,2019-01-01,6.3
120,Sydney - Inner West,2019-02-01,6.4
120,Sydney - Inner West,2019-03-01,6.6
120,Sydney - Inner West,2019-04-01,6.4
120,Sydney - Inner West,2019-05-01,6.9
120,Sydney - Inner West,2019-06-01,6.9
120,Sydney - Inner West,2019-07-01,5.8
120,Sydney - Inner West,2019-08-01,6.3
120,Sydney - Inner West,2019-09-01,6.7
120,Sydney - Inner West,2019-10-01,6.4
120,Sydney - Inner West,2019-11-01,5.4
120,Sydney - Inner West,2019-12-01,5.7
120,Sydney - Inner West,2020-01-01,7.4
120,Sydney - Inner West,2020-02-01,7.4
120,Sydney - Inner West,2020-03-01,7.9
120,Sydney - Inner West,2020-04-01,10.0
120,Sydney - Inner West,2020-05-01,10.4
120,Sydney - Inner West,2020-06-01,10.3
120,Sydney - Inner West,2020-07-01,12.8
120,Sydney - Inner West,2020-08-01,11.3
120,Sydney - Inner West,2020-09-01,11.7
120,Sydney - Inner West,2020-10-01,10.2
120,Sydney - Inner West,2020-11-01,9.9
120,Sydney - Inner West,2020-12-01,10.7
120,Sydney - Inner West,2021-01-01,10.5
120,Sydney - Inner West,2021-02-01,10.7
120,Sydney - Inner West,2021-03-01,9.1
120,Sydney - Inner West,2021-04-01,9.0
120,Sydney - Inner West,2021-05-01,8.8
120,Sydney - Inner West,2021-06-01,8.6
120,Sydney - Inner West,2021-07-01,7.3
120,Sydney - Inner West,2021-08-01,6.9
120,Sydney - Inner West,2021-09-01,6.9
120,Sydney - Inner West,2021-10-01,8.7
120,Sydney - Inner West,2021-11-01,7.2
120,Sydney - Inner West,2021-12-01,5.0
120,Sydney - Inner West,2022-01-01,6.8
120,Sydney - Inner West,2022-02-01,7.1
120,Sydney - Inner West,2022-03-01,7.0
120,Sydney - Inner West,2022-04-01,5.4
120,Sydney - Inner West,2022-05-01,5.4
120,Sydney - Inner West,2022-06-01,4.9
120,Sydney - Inner West,2022-07-01,5.0
120,Sydney - Inner West,2022-08-01,5.7
120,Sydney - Inner West,2022-09-01,5.2
120,Sydney - Inner West,2022-10-01,4.6
120,Sydney - Inner West,2022-11-01,5.1
120,Sydney - Inner West,2022-12-01,4.8
120,Sydney - Inner West,2023-01-01,5.2
120,Sydney - Inner West,2023-02-01,5.3
120,Sydney - Inner West,2023-03-01,5.6
120,Sydney - Inner West,2023-04-01,5.9
120,Sydney - Inner West,2023-05-01,5.1
120,Sydney - Inner West,2023-06-01,4.9
120,Sydney - Inner West,2023-07-01,5.3
120,Sydney - Inner West,2023-08-01,6.0
120,Sydney - Inner West,2023-09-01,5.1
120,Sydney - Inner West,2023-10-01,4.6
120,Sydney - Inner West,2023-11-01,5.4
120,Sydney - Inner West,2023-12-01,5.9
120,Sydney - Inner West,2024-01-01,7.0
120,Sydney - Inner West,2024-02-01,5.8
120,Sydney - Inner West,2024-03-01,6.8
120,Sydney - Inner West,2024-04-01,6.7
120,Sydney - Inner West,2024-05-01,6.5
120,Sydney - Inner West,2024-06-01,6.2
120,Sydney - Inner West,2024-07-01,6.3
120,Sydney - Inner West,2024-08-01,6.0
120,Sydney - Inner West,2024-09-01,6.2
120,Sydney - Inner West,2024-10-01,6.6
120,Sydney - Inner West,2024-11-01,6.6
120,Sydney - Inner West,2024-12-01,5.8
120,Sydney - Inner West,2025-01-01,7.5
120,Sydney - Inner West,2025-02-01,7.6
120,Sydney - Inner West,2025-03-01,7.2
120,Sydney - Inner West,2025-04-01,6.5
120,Sydney - Inner West,2025-05-01,6.5
120,Sydney - Inner West,2025-06-01,8.0
120,Sydney - Inner West,2025-07-01,5.8
120,Sydney - Inner West,2025-08-01,6.8
120,Sydney - Inner West,2025-09-01,6.8
120,Sydney - Inner West,2025-10-01,7.0
120,Sydney - Inner West,2025-11-01,6.1
120,Sydney - Inner West,2025-12-01,6.2
120,Sydney - Inner West,2026-01-01,6.9
120,Sydney - Inner West,2026-02-01,7.9
120,Sydney - Inner West,2026-03-01,7.8
121,Sydney - North Sydney and Hornsby,2012-01-01,10.4
121,Sydney - North Sydney and Hornsby,2012-02-01,11.1
121,Sydney - North Sydney and Hornsby,2012-03-01,9.8
121,Sydney - North Sydney and Hornsby,2012-04-01,8.9
121,Sydney - North Sydney and Hornsby,2012-05-01,9.6
121,Sydney - North Sydney and Hornsby,2012-06-01,10.4
121,Sydney - North Sydney and Hornsby,2012-07-01,8.2
121,Sydney - North Sydney and Hornsby,2012-08-01,8.7
121,Sydney - North Sydney and Hornsby,2012-09-01,9.9
121,Sydney - North Sydney and Hornsby,2012-10-01,8.7
121,Sydney - North Sydney and Hornsby,2012-11-01,9.1
121,Sydney - North Sydney and Hornsby,2012-12-01,8.7
121,Sydney - North Sydney and Hornsby,2013-01-01,9.9
121,Sydney - North Sydney and Hornsby,2013-02-01,11.0
121,Sydney - North Sydney and Hornsby,2013-03-01,11.3
121,Sydney - North Sydney and Hornsby,2013-04-01,10.1
121,Sydney - North Sydney and Hornsby,2013-05-01,10.0
121,Sydney - North Sydney and Hornsby,2013-06-01,9.2
121,Sydney - North Sydney and Hornsby,2013-07-01,9.9
121,Sydney - North Sydney and Hornsby,2013-08-01,9.7
121,Sydney - North Sydney and Hornsby,2013-09-01,10.8
121,Sydney - North Sydney and Hornsby,2013-10-01,10.7
121,Sydney - North Sydney and Hornsby,2013-11-01,9.6
121,Sydney - North Sydney and Hornsby,2013-12-01,10.3
121,Sydney - North Sydney and Hornsby,2014-01-01,11.1
121,Sydney - North Sydney and Hornsby,2014-02-01,12.0
121,Sydney - North Sydney and Hornsby,2014-03-01,10.6
121,Sydney - North Sydney and Hornsby,2014-04-01,9.2
121,Sydney - North Sydney and Hornsby,2014-05-01,9.4
121,Sydney - North Sydney and Hornsby,2014-06-01,9.6
121,Sydney - North Sydney and Hornsby,2014-07-01,10.2
121,Sydney - North Sydney and Hornsby,2014-08-01,9.8
121,Sydney - North Sydney and Hornsby,2014-09-01,10.0
121,Sydney - North Sydney and Hornsby,2014-10-01,9.7
121,Sydney - North Sydney and Hornsby,2014-11-01,9.2
121,Sydney - North Sydney and Hornsby,2014-12-01,10.9
121,Sydney - North Sydney and Hornsby,2015-01-01,12.4
121,Sydney - North Sydney and Hornsby,2015-02-01,11.6
121,Sydney - North Sydney and Hornsby,2015-03-01,9.4
121,Sydney - North Sydney and Hornsby,2015-04-01,9.2
121,Sydney - North Sydney and Hornsby,2015-05-01,9.4
121,Sydney - North Sydney and Hornsby,2015-06-01,9.1
121,Sydney - North Sydney and Hornsby,2015-07-01,8.7
121,Sydney - North Sydney and Hornsby,2015-08-01,9.5
121,Sydney - North Sydney and Hornsby,2015-09-01,9.4
121,Sydney - North Sydney and Hornsby,2015-10-01,8.3
121,Sydney - North Sydney and Hornsby,2015-11-01,8.5
121,Sydney - North Sydney and Hornsby,2015-12-01,8.1
121,Sydney - North Sydney and Hornsby,2016-01-01,9.6
121,Sydney - North Sydney and Hornsby,2016-02-01,10.3
121,Sydney - North Sydney and Hornsby,2016-03-01,9.3
121,Sydney - North Sydney and Hornsby,2016-04-01,8.6
121,Sydney - North Sydney and Hornsby,2016-05-01,9.5
121,Sydney - North Sydney and Hornsby,2016-06-01,9.2
121,Sydney - North Sydney and Hornsby,2016-07-01,9.0
121,Sydney - North Sydney and Hornsby,2016-08-01,8.6
121,Sydney - North Sydney and Hornsby,2016-09-01,7.5
121,Sydney - North Sydney and Hornsby,2016-10-01,8.1
121,Sydney - North Sydney and Hornsby,2016-11-01,8.8
121,Sydney - North Sydney and Hornsby,2016-12-01,9.3
121,Sydney - North Sydney and Hornsby,2017-01-01,8.8
121,Sydney - North Sydney and Hornsby,2017-02-01,9.3
121,Sydney - North Sydney and Hornsby,2017-03-01,10.5
121,Sydney - North Sydney and Hornsby,2017-04-01,8.4
121,Sydney - North Sydney and Hornsby,2017-05-01,8.5
121,Sydney - North Sydney and Hornsby,2017-06-01,7.7
121,Sydney - North Sydney and Hornsby,2017-07-01,9.1
121,Sydney - North Sydney and Hornsby,2017-08-01,8.5
121,Sydney - North Sydney and Hornsby,2017-09-01,7.5
121,Sydney - North Sydney and Hornsby,2017-10-01,7.4
121,Sydney - North Sydney and Hornsby,2017-11-01,8.4
121,Sydney - North Sydney and Hornsby,2017-12-01,9.1
121,Sydney - North Sydney and Hornsby,2018-01-01,9.3
121,Sydney - North Sydney and Hornsby,2018-02-01,8.4
121,Sydney - North Sydney and Hornsby,2018-03-01,9.4
121,Sydney - North Sydney and Hornsby,2018-04-01,8.8
121,Sydney - North Sydney and Hornsby,2018-05-01,8.0
121,Sydney - North Sydney and Hornsby,2018-06-01,8.6
121,Sydney - North Sydney and Hornsby,2018-07-01,8.6
121,Sydney - North Sydney and Hornsby,2018-08-01,7.2
121,Sydney - North Sydney and Hornsby,2018-09-01,6.8
121,Sydney - North Sydney and Hornsby,2018-10-01,8.2
121,Sydney - North Sydney and Hornsby,2018-11-01,6.6
121,Sydney - North Sydney and Hornsby,2018-12-01,7.7
121,Sydney - North Sydney and Hornsby,2019-01-01,8.0
121,Sydney - North Sydney and Hornsby,2019-02-01,8.8
121,Sydney - North Sydney and Hornsby,2019-03-01,8.4
121,Sydney - North Sydney and Hornsby,2019-04-01,8.6
121,Sydney - North Sydney and Hornsby,2019-05-01,7.6
121,Sydney - North Sydney and Hornsby,2019-06-01,8.7
121,Sydney - North Sydney and Hornsby,2019-07-01,8.0
121,Sydney - North Sydney and Hornsby,2019-08-01,7.7
121,Sydney - North Sydney and Hornsby,2019-09-01,7.9
121,Sydney - North Sydney and Hornsby,2019-10-01,8.4
121,Sydney - North Sydney and Hornsby,2019-11-01,8.1
121,Sydney - North Sydney and Hornsby,2019-12-01,8.5
121,Sydney - North Sydney and Hornsby,2020-01-01,8.2
121,Sydney - North Sydney and Hornsby,2020-02-01,9.4
121,Sydney - North Sydney and Hornsby,2020-03-01,8.4
121,Sydney - North Sydney and Hornsby,2020-04-01,12.1
121,Sydney - North Sydney and Hornsby,2020-05-01,14.5
121,Sydney - North Sydney and Hornsby,2020-06-01,15.5
121,Sydney - North Sydney and Hornsby,2020-07-01,18.7
121,Sydney - North Sydney and Hornsby,2020-08-01,15.6
121,Sydney - North Sydney and Hornsby,2020-09-01,16.8
121,Sydney - North Sydney and Hornsby,2020-10-01,16.1
121,Sydney - North Sydney and Hornsby,2020-11-01,14.8
121,Sydney - North Sydney and Hornsby,2020-12-01,13.7
121,Sydney - North Sydney and Hornsby,2021-01-01,14.7
121,Sydney - North Sydney and Hornsby,2021-02-01,14.1
121,Sydney - North Sydney and Hornsby,2021-03-01,14.7
121,Sydney - North Sydney and Hornsby,2021-04-01,12.8
121,Sydney - North Sydney and Hornsby,2021-05-01,10.4
121,Sydney - North Sydney and Hornsby,2021-06-01,10.7
121,Sydney - North Sydney and Hornsby,2021-07-01,8.9
121,Sydney - North Sydney and Hornsby,2021-08-01,10.0
121,Sydney - North Sydney and Hornsby,2021-09-01,8.8
121,Sydney - North Sydney and Hornsby,2021-10-01,10.0
121,Sydney - North Sydney and Hornsby,2021-11-01,9.3
121,Sydney - North Sydney and Hornsby,2021-12-01,7.9
121,Sydney - North Sydney and Hornsby,2022-01-01,8.6
121,Sydney - North Sydney and Hornsby,2022-02-01,8.0
121,Sydney - North Sydney and Hornsby,2022-03-01,8.1
121,Sydney - North Sydney and Hornsby,2022-04-01,7.0
121,Sydney - North Sydney and Hornsby,2022-05-01,8.0
121,Sydney - North Sydney and Hornsby,2022-06-01,6.0
121,Sydney - North Sydney and Hornsby,2022-07-01,6.8
121,Sydney - North Sydney and Hornsby,2022-08-01,7.0
121,Sydney - North Sydney and Hornsby,2022-09-01,6.5
121,Sydney - North Sydney and Hornsby,2022-10-01,6.2
121,Sydney - North Sydney and Hornsby,2022-11-01,5.1
121,Sydney - North Sydney and Hornsby,2022-12-01,6.2
121,Sydney - North Sydney and Hornsby,2023-01-01,6.7
121,Sydney - North Sydney and Hornsby,2023-02-01,6.5
121,Sydney - North Sydney and Hornsby,2023-03-01,7.1
121,Sydney - North Sydney and Hornsby,2023-04-01,7.1
121,Sydney - North Sydney and Hornsby,2023-05-01,6.7
121,Sydney - North Sydney and Hornsby,2023-06-01,6.1
121,Sydney - North Sydney and Hornsby,2023-07-01,6.2
121,Sydney - North Sydney and Hornsby,2023-08-01,8.4
121,Sydney - North Sydney and Hornsby,2023-09-01,5.8
121,Sydney - North Sydney and Hornsby,2023-10-01,6.8
121,Sydney - North Sydney and Hornsby,2023-11-01,7.3
121,Sydney - North Sydney and Hornsby,2023-12-01,7.6
121,Sydney - North Sydney and Hornsby,2024-01-01,8.6
121,Sydney - North Sydney and Hornsby,2024-02-01,8.2
121,Sydney - North Sydney and Hornsby,2024-03-01,9.0
121,Sydney - North Sydney and Hornsby,2024-04-01,7.9
121,Sydney - North Sydney and Hornsby,2024-05-01,7.1
121,Sydney - North Sydney and Hornsby,2024-06-01,8.9
121,Sydney - North Sydney and Hornsby,2024-07-01,8.5
121,Sydney - North Sydney and Hornsby,2024-08-01,8.5
121,Sydney - North Sydney and Hornsby,2024-09-01,7.9
121,Sydney - North Sydney and Hornsby,2024-10-01,8.3
121,Sydney - North Sydney and Hornsby,2024-11-01,7.7
121,Sydney - North Sydney and Hornsby,2024-12-01,9.0
121,Sydney - North Sydney and Hornsby,2025-01-01,9.4
121,Sydney - North Sydney and Hornsby,2025-02-01,10.4
121,Sydney - North Sydney and Hornsby,2025-03-01,10.9
121,Sydney - North Sydney and Hornsby,2025-04-01,8.3
121,Sydney - North Sydney and Hornsby,2025-05-01,9.1
121,Sydney - North Sydney and Hornsby,2025-06-01,9.6
121,Sydney - North Sydney and Hornsby,2025-07-01,9.2
121,Sydney - North Sydney and Hornsby,2025-08-01,10.2
121,Sydney - North Sydney and Hornsby,2025-09-01,7.8
121,Sydney - North Sydney and Hornsby,2025-10-01,8.8
121,Sydney - North Sydney and Hornsby,2025-11-01,8.0
121,Sydney - North Sydney and Hornsby,2025-12-01,8.0
121,Sydney - North Sydney and Hornsby,2026-01-01,9.8
121,Sydney - North Sydney and Hornsby,2026-02-01,10.5
121,Sydney - North Sydney and Hornsby,2026-03-01,10.3
122,Sydney - Northern Beaches,2012-01-01,4.5
122,Sydney - Northern Beaches,2012-02-01,5.8
122,Sydney - Northern Beaches,2012-03-01,4.9
122,Sydney - Northern Beaches,2012-04-01,4.5
122,Sydney - Northern Beaches,2012-05-01,4.7
122,Sydney - Northern Beaches,2012-06-01,4.5
122,Sydney - Northern Beaches,2012-07-01,3.9
122,Sydney - Northern Beaches,2012-08-01,3.9
122,Sydney - Northern Beaches,2012-09-01,4.6
122,Sydney - Northern Beaches,2012-10-01,4.3
122,Sydney - Northern Beaches,2012-11-01,3.8
122,Sydney - Northern Beaches,2012-12-01,4.6
122,Sydney - Northern Beaches,2013-01-01,4.4
122,Sydney - Northern Beaches,2013-02-01,5.7
122,Sydney - Northern Beaches,2013-03-01,5.3
122,Sydney - Northern Beaches,2013-04-01,4.2
122,Sydney - Northern Beaches,2013-05-01,4.9
122,Sydney - Northern Beaches,2013-06-01,5.2
122,Sydney - Northern Beaches,2013-07-01,4.5
122,Sydney - Northern Beaches,2013-08-01,5.2
122,Sydney - Northern Beaches,2013-09-01,5.0
122,Sydney - Northern Beaches,2013-10-01,4.6
122,Sydney - Northern Beaches,2013-11-01,4.8
122,Sydney - Northern Beaches,2013-12-01,5.0
122,Sydney - Northern Beaches,2014-01-01,5.6
122,Sydney - Northern Beaches,2014-02-01,5.8
122,Sydney - Northern Beaches,2014-03-01,4.8
122,Sydney - Northern Beaches,2014-04-01,4.2
122,Sydney - Northern Beaches,2014-05-01,4.6
122,Sydney - Northern Beaches,2014-06-01,4.8
122,Sydney - Northern Beaches,2014-07-01,4.5
122,Sydney - Northern Beaches,2014-08-01,4.7
122,Sydney - Northern Beaches,2014-09-01,5.1
122,Sydney - Northern Beaches,2014-10-01,4.5
122,Sydney - Northern Beaches,2014-11-01,4.4
122,Sydney - Northern Beaches,2014-12-01,4.6
122,Sydney - Northern Beaches,2015-01-01,5.5
122,Sydney - Northern Beaches,2015-02-01,5.2
122,Sydney - Northern Beaches,2015-03-01,5.2
122,Sydney - Northern Beaches,2015-04-01,4.7
122,Sydney - Northern Beaches,2015-05-01,4.5
122,Sydney - Northern Beaches,2015-06-01,4.9
122,Sydney - Northern Beaches,2015-07-01,5.1
122,Sydney - Northern Beaches,2015-08-01,4.6
122,Sydney - Northern Beaches,2015-09-01,5.1
122,Sydney - Northern Beaches,2015-10-01,4.3
122,Sydney - Northern Beaches,2015-11-01,4.1
122,Sydney - Northern Beaches,2015-12-01,4.7
122,Sydney - Northern Beaches,2016-01-01,5.1
122,Sydney - Northern Beaches,2016-02-01,5.1
122,Sydney - Northern Beaches,2016-03-01,4.8
122,Sydney - Northern Beaches,2016-04-01,4.7
122,Sydney - Northern Beaches,2016-05-01,4.6
122,Sydney - Northern Beaches,2016-06-01,4.6
122,Sydney - Northern Beaches,2016-07-01,3.9
122,Sydney - Northern Beaches,2016-08-01,4.7
122,Sydney - Northern Beaches,2016-09-01,3.6
122,Sydney - Northern Beaches,2016-10-01,4.4
122,Sydney - Northern Beaches,2016-11-01,4.0
122,Sydney - Northern Beaches,2016-12-01,4.8
122,Sydney - Northern Beaches,2017-01-01,4.3
122,Sydney - Northern Beaches,2017-02-01,4.8
122,Sydney - Northern Beaches,2017-03-01,4.2
122,Sydney - Northern Beaches,2017-04-01,3.6
122,Sydney - Northern Beaches,2017-05-01,3.5
122,Sydney - Northern Beaches,2017-06-01,4.4
122,Sydney - Northern Beaches,2017-07-01,4.3
122,Sydney - Northern Beaches,2017-08-01,3.9
122,Sydney - Northern Beaches,2017-09-01,3.5
122,Sydney - Northern Beaches,2017-10-01,3.9
122,Sydney - Northern Beaches,2017-11-01,3.8
122,Sydney - Northern Beaches,2017-12-01,4.2
122,Sydney - Northern Beaches,2018-01-01,4.4
122,Sydney - Northern Beaches,2018-02-01,4.7
122,Sydney - Northern Beaches,2018-03-01,4.4
122,Sydney - Northern Beaches,2018-04-01,4.0
122,Sydney - Northern Beaches,2018-05-01,4.2
122,Sydney - Northern Beaches,2018-06-01,3.8
122,Sydney - Northern Beaches,2018-07-01,4.0
122,Sydney - Northern Beaches,2018-08-01,3.8
122,Sydney - Northern Beaches,2018-09-01,3.8
122,Sydney - Northern Beaches,2018-10-01,3.6
122,Sydney - Northern Beaches,2018-11-01,3.3
122,Sydney - Northern Beaches,2018-12-01,3.8
122,Sydney - Northern Beaches,2019-01-01,4.0
122,Sydney - Northern Beaches,2019-02-01,4.5
122,Sydney - Northern Beaches,2019-03-01,4.3
122,Sydney - Northern Beaches,2019-04-01,4.4
122,Sydney - Northern Beaches,2019-05-01,4.2
122,Sydney - Northern Beaches,2019-06-01,4.3
122,Sydney - Northern Beaches,2019-07-01,4.1
122,Sydney - Northern Beaches,2019-08-01,3.7
122,Sydney - Northern Beaches,2019-09-01,3.8
122,Sydney - Northern Beaches,2019-10-01,4.2
122,Sydney - Northern Beaches,2019-11-01,4.3
122,Sydney - Northern Beaches,2019-12-01,4.2
122,Sydney - Northern Beaches,2020-01-01,4.7
122,Sydney - Northern Beaches,2020-02-01,4.4
122,Sydney - Northern Beaches,2020-03-01,5.1
122,Sydney - Northern Beaches,2020-04-01,6.7
122,Sydney - Northern Beaches,2020-05-01,7.7
122,Sydney - Northern Beaches,2020-06-01,8.6
122,Sydney - Northern Beaches,2020-07-01,9.0
122,Sydney - Northern Beaches,2020-08-01,7.6
122,Sydney - Northern Beaches,2020-09-01,8.5
122,Sydney - Northern Beaches,2020-10-01,7.2
122,Sydney - Northern Beaches,2020-11-01,7.2
122,Sydney - Northern Beaches,2020-12-01,6.8
122,Sydney - Northern Beaches,2021-01-01,7.1
122,Sydney - Northern Beaches,2021-02-01,7.2
122,Sydney - Northern Beaches,2021-03-01,5.9
122,Sydney - Northern Beaches,2021-04-01,6.3
122,Sydney - Northern Beaches,2021-05-01,5.9
122,Sydney - Northern Beaches,2021-06-01,4.8
122,Sydney - Northern Beaches,2021-07-01,4.6
122,Sydney - Northern Beaches,2021-08-01,4.5
122,Sydney - Northern Beaches,2021-09-01,4.3
122,Sydney - Northern Beaches,2021-10-01,5.7
122,Sydney - Northern Beaches,2021-11-01,4.3
122,Sydney - Northern Beaches,2021-12-01,4.0
122,Sydney - Northern Beaches,2022-01-01,4.3
122,Sydney - Northern Beaches,2022-02-01,3.7
122,Sydney - Northern Beaches,2022-03-01,3.9
122,Sydney - Northern Beaches,2022-04-01,3.7
122,Sydney - Northern Beaches,2022-05-01,4.0
122,Sydney - Northern Beaches,2022-06-01,3.4
122,Sydney - Northern Beaches,2022-07-01,3.0
122,Sydney - Northern Beaches,2022-08-01,3.4
122,Sydney - Northern Beaches,2022-09-01,3.3
122,Sydney - Northern Beaches,2022-10-01,2.7
122,Sydney - Northern Beaches,2022-11-01,3.4
122,Sydney - Northern Beaches,2022-12-01,3.0
122,Sydney - Northern Beaches,2023-01-01,2.9
122,Sydney - Northern Beaches,2023-02-01,3.6
122,Sydney - Northern Beaches,2023-03-01,3.5
122,Sydney - Northern Beaches,2023-04-01,3.4
122,Sydney - Northern Beaches,2023-05-01,2.8
122,Sydney - Northern Beaches,2023-06-01,2.9
122,Sydney - Northern Beaches,2023-07-01,2.8
122,Sydney - Northern Beaches,2023-08-01,3.4
122,Sydney - Northern Beaches,2023-09-01,3.0
122,Sydney - Northern Beaches,2023-10-01,3.4
122,Sydney - Northern Beaches,2023-11-01,2.7
122,Sydney - Northern Beaches,2023-12-01,3.5
122,Sydney - Northern Beaches,2024-01-01,3.7
122,Sydney - Northern Beaches,2024-02-01,4.3
122,Sydney - Northern Beaches,2024-03-01,3.7
122,Sydney - Northern Beaches,2024-04-01,4.1
122,Sydney - Northern Beaches,2024-05-01,3.6
122,Sydney - Northern Beaches,2024-06-01,4.0
122,Sydney - Northern Beaches,2024-07-01,3.9
122,Sydney - Northern Beaches,2024-08-01,3.6
122,Sydney - Northern Beaches,2024-09-01,3.5
122,Sydney - Northern Beaches,2024-10-01,3.8
122,Sydney - Northern Beaches,2024-11-01,3.8
122,Sydney - Northern Beaches,2024-12-01,3.5
122,Sydney - Northern Beaches,2025-01-01,4.1
122,Sydney - Northern Beaches,2025-02-01,4.3
122,Sydney - Northern Beaches,2025-03-01,4.5
122,Sydney - Northern Beaches,2025-04-01,4.0
122,Sydney - Northern Beaches,2025-05-01,4.3
122,Sydney - Northern Beaches,2025-06-01,4.6
122,Sydney - Northern Beaches,2025-07-01,3.9
122,Sydney - Northern Beaches,2025-08-01,4.2
122,Sydney - Northern Beaches,2025-09-01,4.5
122,Sydney - Northern Beaches,2025-10-01,4.4
122,Sydney - Northern Beaches,2025-11-01,3.7
122,Sydney - Northern Beaches,2025-12-01,3.1
122,Sydney - Northern Beaches,2026-01-01,4.3
122,Sydney - Northern Beaches,2026-02-01,4.8
122,Sydney - Northern Beaches,2026-03-01,4.9
123,Sydney - Outer South West,2012-01-01,6.9
123,Sydney - Outer South West,2012-02-01,7.4
123,Sydney - Outer South West,2012-03-01,6.8
123,Sydney - Outer South West,2012-04-01,6.7
123,Sydney - Outer South West,2012-05-01,6.6
123,Sydney - Outer South West,2012-06-01,7.1
123,Sydney - Outer South West,2012-07-01,6.8
123,Sydney - Outer South West,2012-08-01,5.3
123,Sydney - Outer South West,2012-09-01,7.2
123,Sydney - Outer South West,2012-10-01,6.1
123,Sydney - Outer South West,2012-11-01,6.1
123,Sydney - Outer South West,2012-12-01,6.8
123,Sydney - Outer South West,2013-01-01,6.5
123,Sydney - Outer South West,2013-02-01,7.6
123,Sydney - Outer South West,2013-03-01,7.2
123,Sydney - Outer South West,2013-04-01,7.1
123,Sydney - Outer South West,2013-05-01,7.3
123,Sydney - Outer South West,2013-06-01,7.2
123,Sydney - Outer South West,2013-07-01,7.4
123,Sydney - Outer South West,2013-08-01,7.4
123,Sydney - Outer South West,2013-09-01,7.1
123,Sydney - Outer South West,2013-10-01,7.7
123,Sydney - Outer South West,2013-11-01,6.7
123,Sydney - Outer South West,2013-12-01,7.3
123,Sydney - Outer South West,2014-01-01,8.4
123,Sydney - Outer South West,2014-02-01,8.2
123,Sydney - Outer South West,2014-03-01,7.1
123,Sydney - Outer South West,2014-04-01,6.6
123,Sydney - Outer South West,2014-05-01,6.7
123,Sydney - Outer South West,2014-06-01,7.8
123,Sydney - Outer South West,2014-07-01,7.1
123,Sydney - Outer South West,2014-08-01,7.2
123,Sydney - Outer South West,2014-09-01,7.8
123,Sydney - Outer South West,2014-10-01,7.0
123,Sydney - Outer South West,2014-11-01,7.7
123,Sydney - Outer South West,2014-12-01,7.0
123,Sydney - Outer South West,2015-01-01,8.0
123,Sydney - Outer South West,2015-02-01,8.0
123,Sydney - Outer South West,2015-03-01,8.2
123,Sydney - Outer South West,2015-04-01,7.3
123,Sydney - Outer South West,2015-05-01,7.4
123,Sydney - Outer South West,2015-06-01,8.1
123,Sydney - Outer South West,2015-07-01,7.5
123,Sydney - Outer South West,2015-08-01,8.1
123,Sydney - Outer South West,2015-09-01,8.2
123,Sydney - Outer South West,2015-10-01,7.1
123,Sydney - Outer South West,2015-11-01,6.9
123,Sydney - Outer South West,2015-12-01,6.9
123,Sydney - Outer South West,2016-01-01,8.4
123,Sydney - Outer South West,2016-02-01,8.5
123,Sydney - Outer South West,2016-03-01,7.5
123,Sydney - Outer South West,2016-04-01,7.3
123,Sydney - Outer South West,2016-05-01,7.4
123,Sydney - Outer South West,2016-06-01,7.4
123,Sydney - Outer South West,2016-07-01,7.5
123,Sydney - Outer South West,2016-08-01,7.0
123,Sydney - Outer South West,2016-09-01,6.7
123,Sydney - Outer South West,2016-10-01,7.2
123,Sydney - Outer South West,2016-11-01,7.5
123,Sydney - Outer South West,2016-12-01,7.9
123,Sydney - Outer South West,2017-01-01,8.3
123,Sydney - Outer South West,2017-02-01,8.5
123,Sydney - Outer South West,2017-03-01,8.7
123,Sydney - Outer South West,2017-04-01,7.3
123,Sydney - Outer South West,2017-05-01,7.4
123,Sydney - Outer South West,2017-06-01,7.4
123,Sydney - Outer South West,2017-07-01,7.2
123,Sydney - Outer South West,2017-08-01,7.1
123,Sydney - Outer South West,2017-09-01,6.5
123,Sydney - Outer South West,2017-10-01,7.4
123,Sydney - Outer South West,2017-11-01,6.8
123,Sydney - Outer South West,2017-12-01,7.5
123,Sydney - Outer South West,2018-01-01,8.3
123,Sydney - Outer South West,2018-02-01,7.9
123,Sydney - Outer South West,2018-03-01,8.2
123,Sydney - Outer South West,2018-04-01,7.9
123,Sydney - Outer South West,2018-05-01,7.5
123,Sydney - Outer South West,2018-06-01,7.1
123,Sydney - Outer South West,2018-07-01,7.4
123,Sydney - Outer South West,2018-08-01,7.3
123,Sydney - Outer South West,2018-09-01,6.8
123,Sydney - Outer South West,2018-10-01,7.0
123,Sydney - Outer South West,2018-11-01,6.6
123,Sydney - Outer South West,2018-12-01,6.8
123,Sydney - Outer South West,2019-01-01,7.4
123,Sydney - Outer South West,2019-02-01,7.7
123,Sydney - Outer South West,2019-03-01,7.4
123,Sydney - Outer South West,2019-04-01,8.0
123,Sydney - Outer South West,2019-05-01,7.6
123,Sydney - Outer South West,2019-06-01,7.7
123,Sydney - Outer South West,2019-07-01,7.8
123,Sydney - Outer South West,2019-08-01,7.5
123,Sydney - Outer South West,2019-09-01,7.2
123,Sydney - Outer South West,2019-10-01,7.9
123,Sydney - Outer South West,2019-11-01,8.0
123,Sydney - Outer South West,2019-12-01,7.1
123,Sydney - Outer South West,2020-01-01,7.9
123,Sydney - Outer South West,2020-02-01,8.5
123,Sydney - Outer South West,2020-03-01,9.2
123,Sydney - Outer South West,2020-04-01,10.7
123,Sydney - Outer South West,2020-05-01,9.4
123,Sydney - Outer South West,2020-06-01,10.4
123,Sydney - Outer South West,2020-07-01,11.0
123,Sydney - Outer South West,2020-08-01,11.0
123,Sydney - Outer South West,2020-09-01,11.0
123,Sydney - Outer South West,2020-10-01,10.9
123,Sydney - Outer South West,2020-11-01,10.3
123,Sydney - Outer South West,2020-12-01,10.6
123,Sydney - Outer South West,2021-01-01,11.0
123,Sydney - Outer South West,2021-02-01,10.9
123,Sydney - Outer South West,2021-03-01,10.9
123,Sydney - Outer South West,2021-04-01,9.4
123,Sydney - Outer South West,2021-05-01,9.4
123,Sydney - Outer South West,2021-06-01,9.3
123,Sydney - Outer South West,2021-07-01,7.3
123,Sydney - Outer South West,2021-08-01,7.7
123,Sydney - Outer South West,2021-09-01,7.7
123,Sydney - Outer South West,2021-10-01,8.9
123,Sydney - Outer South West,2021-11-01,7.4
123,Sydney - Outer South West,2021-12-01,7.1
123,Sydney - Outer South West,2022-01-01,7.5
123,Sydney - Outer South West,2022-02-01,7.7
123,Sydney - Outer South West,2022-03-01,7.6
123,Sydney - Outer South West,2022-04-01,6.6
123,Sydney - Outer South West,2022-05-01,6.6
123,Sydney - Outer South West,2022-06-01,6.8
123,Sydney - Outer South West,2022-07-01,6.6
123,Sydney - Outer South West,2022-08-01,6.1
123,Sydney - Outer South West,2022-09-01,5.6
123,Sydney - Outer South West,2022-10-01,5.6
123,Sydney - Outer South West,2022-11-01,6.0
123,Sydney - Outer South West,2022-12-01,5.8
123,Sydney - Outer South West,2023-01-01,6.2
123,Sydney - Outer South West,2023-02-01,6.0
123,Sydney - Outer South West,2023-03-01,6.1
123,Sydney - Outer South West,2023-04-01,7.2
123,Sydney - Outer South West,2023-05-01,5.8
123,Sydney - Outer South West,2023-06-01,5.1
123,Sydney - Outer South West,2023-07-01,6.0
123,Sydney - Outer South West,2023-08-01,6.8
123,Sydney - Outer South West,2023-09-01,5.8
123,Sydney - Outer South West,2023-10-01,6.5
123,Sydney - Outer South West,2023-11-01,6.3
123,Sydney - Outer South West,2023-12-01,6.5
123,Sydney - Outer South West,2024-01-01,8.3
123,Sydney - Outer South West,2024-02-01,6.9
123,Sydney - Outer South West,2024-03-01,7.6
123,Sydney - Outer South West,2024-04-01,7.3
123,Sydney - Outer South West,2024-05-01,6.8
123,Sydney - Outer South West,2024-06-01,7.4
123,Sydney - Outer South West,2024-07-01,7.8
123,Sydney - Outer South West,2024-08-01,8.1
123,Sydney - Outer South West,2024-09-01,6.3
123,Sydney - Outer South West,2024-10-01,7.3
123,Sydney - Outer South West,2024-11-01,7.7
123,Sydney - Outer South West,2024-12-01,6.5
123,Sydney - Outer South West,2025-01-01,8.5
123,Sydney - Outer South West,2025-02-01,8.0
123,Sydney - Outer South West,2025-03-01,8.3
123,Sydney - Outer South West,2025-04-01,7.8
123,Sydney - Outer South West,2025-05-01,8.2
123,Sydney - Outer South West,2025-06-01,8.6
123,Sydney - Outer South West,2025-07-01,7.2
123,Sydney - Outer South West,2025-08-01,8.2
123,Sydney - Outer South West,2025-09-01,8.0
123,Sydney - Outer South West,2025-10-01,8.1
123,Sydney - Outer South West,2025-11-01,6.8
123,Sydney - Outer South West,2025-12-01,6.9
123,Sydney - Outer South West,2026-01-01,8.4
123,Sydney - Outer South West,2026-02-01,9.1
123,Sydney - Outer South West,2026-03-01,9.4
124,Sydney - Outer West and Blue Mountains,2012-01-01,7.7
124,Sydney - Outer West and Blue Mountains,2012-02-01,8.6
124,Sydney - Outer West and Blue Mountains,2012-03-01,6.6
124,Sydney - Outer West and Blue Mountains,2012-04-01,7.2
124,Sydney - Outer West and Blue Mountains,2012-05-01,7.2
124,Sydney - Outer West and Blue Mountains,2012-06-01,7.2
124,Sydney - Outer West and Blue Mountains,2012-07-01,6.9
124,Sydney - Outer West and Blue Mountains,2012-08-01,6.1
124,Sydney - Outer West and Blue Mountains,2012-09-01,7.1
124,Sydney - Outer West and Blue Mountains,2012-10-01,6.8
124,Sydney - Outer West and Blue Mountains,2012-11-01,6.6
124,Sydney - Outer West and Blue Mountains,2012-12-01,7.0
124,Sydney - Outer West and Blue Mountains,2013-01-01,7.2
124,Sydney - Outer West and Blue Mountains,2013-02-01,9.1
124,Sydney - Outer West and Blue Mountains,2013-03-01,8.2
124,Sydney - Outer West and Blue Mountains,2013-04-01,8.0
124,Sydney - Outer West and Blue Mountains,2013-05-01,8.4
124,Sydney - Outer West and Blue Mountains,2013-06-01,7.9
124,Sydney - Outer West and Blue Mountains,2013-07-01,8.1
124,Sydney - Outer West and Blue Mountains,2013-08-01,8.1
124,Sydney - Outer West and Blue Mountains,2013-09-01,7.8
124,Sydney - Outer West and Blue Mountains,2013-10-01,9.3
124,Sydney - Outer West and Blue Mountains,2013-11-01,8.2
124,Sydney - Outer West and Blue Mountains,2013-12-01,8.1
124,Sydney - Outer West and Blue Mountains,2014-01-01,9.9
124,Sydney - Outer West and Blue Mountains,2014-02-01,8.5
124,Sydney - Outer West and Blue Mountains,2014-03-01,7.8
124,Sydney - Outer West and Blue Mountains,2014-04-01,8.4
124,Sydney - Outer West and Blue Mountains,2014-05-01,8.3
124,Sydney - Outer West and Blue Mountains,2014-06-01,8.4
124,Sydney - Outer West and Blue Mountains,2014-07-01,8.0
124,Sydney - Outer West and Blue Mountains,2014-08-01,7.9
124,Sydney - Outer West and Blue Mountains,2014-09-01,8.7
124,Sydney - Outer West and Blue Mountains,2014-10-01,8.4
124,Sydney - Outer West and Blue Mountains,2014-11-01,8.7
124,Sydney - Outer West and Blue Mountains,2014-12-01,7.9
124,Sydney - Outer West and Blue Mountains,2015-01-01,8.7
124,Sydney - Outer West and Blue Mountains,2015-02-01,9.3
124,Sydney - Outer West and Blue Mountains,2015-03-01,9.5
124,Sydney - Outer West and Blue Mountains,2015-04-01,8.5
124,Sydney - Outer West and Blue Mountains,2015-05-01,7.6
124,Sydney - Outer West and Blue Mountains,2015-06-01,7.8
124,Sydney - Outer West and Blue Mountains,2015-07-01,9.2
124,Sydney - Outer West and Blue Mountains,2015-08-01,8.7
124,Sydney - Outer West and Blue Mountains,2015-09-01,9.0
124,Sydney - Outer West and Blue Mountains,2015-10-01,7.8
124,Sydney - Outer West and Blue Mountains,2015-11-01,6.9
124,Sydney - Outer West and Blue Mountains,2015-12-01,7.8
124,Sydney - Outer West and Blue Mountains,2016-01-01,9.0
124,Sydney - Outer West and Blue Mountains,2016-02-01,9.3
124,Sydney - Outer West and Blue Mountains,2016-03-01,9.5
124,Sydney - Outer West and Blue Mountains,2016-04-01,8.4
124,Sydney - Outer West and Blue Mountains,2016-05-01,7.6
124,Sydney - Outer West and Blue Mountains,2016-06-01,7.9
124,Sydney - Outer West and Blue Mountains,2016-07-01,8.5
124,Sydney - Outer West and Blue Mountains,2016-08-01,7.5
124,Sydney - Outer West and Blue Mountains,2016-09-01,8.2
124,Sydney - Outer West and Blue Mountains,2016-10-01,8.0
124,Sydney - Outer West and Blue Mountains,2016-11-01,7.6
124,Sydney - Outer West and Blue Mountains,2016-12-01,7.9
124,Sydney - Outer West and Blue Mountains,2017-01-01,8.2
124,Sydney - Outer West and Blue Mountains,2017-02-01,9.3
124,Sydney - Outer West and Blue Mountains,2017-03-01,8.6
124,Sydney - Outer West and Blue Mountains,2017-04-01,8.2
124,Sydney - Outer West and Blue Mountains,2017-05-01,7.8
124,Sydney - Outer West and Blue Mountains,2017-06-01,7.6
124,Sydney - Outer West and Blue Mountains,2017-07-01,8.0
124,Sydney - Outer West and Blue Mountains,2017-08-01,8.1
124,Sydney - Outer West and Blue Mountains,2017-09-01,7.7
124,Sydney - Outer West and Blue Mountains,2017-10-01,7.5
124,Sydney - Outer West and Blue Mountains,2017-11-01,7.7
124,Sydney - Outer West and Blue Mountains,2017-12-01,7.7
124,Sydney - Outer West and Blue Mountains,2018-01-01,8.4
124,Sydney - Outer West and Blue Mountains,2018-02-01,8.5
124,Sydney - Outer West and Blue Mountains,2018-03-01,9.8
124,Sydney - Outer West and Blue Mountains,2018-04-01,7.7
124,Sydney - Outer West and Blue Mountains,2018-05-01,6.6
124,Sydney - Outer West and Blue Mountains,2018-06-01,7.2
124,Sydney - Outer West and Blue Mountains,2018-07-01,8.1
124,Sydney - Outer West and Blue Mountains,2018-08-01,6.9
124,Sydney - Outer West and Blue Mountains,2018-09-01,7.7
124,Sydney - Outer West and Blue Mountains,2018-10-01,6.4
124,Sydney - Outer West and Blue Mountains,2018-11-01,6.8
124,Sydney - Outer West and Blue Mountains,2018-12-01,7.6
124,Sydney - Outer West and Blue Mountains,2019-01-01,7.2
124,Sydney - Outer West and Blue Mountains,2019-02-01,8.2
124,Sydney - Outer West and Blue Mountains,2019-03-01,8.2
124,Sydney - Outer West and Blue Mountains,2019-04-01,8.1
124,Sydney - Outer West and Blue Mountains,2019-05-01,7.9
124,Sydney - Outer West and Blue Mountains,2019-06-01,8.4
124,Sydney - Outer West and Blue Mountains,2019-07-01,7.6
124,Sydney - Outer West and Blue Mountains,2019-08-01,8.2
124,Sydney - Outer West and Blue Mountains,2019-09-01,7.9
124,Sydney - Outer West and Blue Mountains,2019-10-01,8.7
124,Sydney - Outer West and Blue Mountains,2019-11-01,7.8
124,Sydney - Outer West and Blue Mountains,2019-12-01,7.4
124,Sydney - Outer West and Blue Mountains,2020-01-01,9.6
124,Sydney - Outer West and Blue Mountains,2020-02-01,9.3
124,Sydney - Outer West and Blue Mountains,2020-03-01,8.9
124,Sydney - Outer West and Blue Mountains,2020-04-01,9.7
124,Sydney - Outer West and Blue Mountains,2020-05-01,10.1
124,Sydney - Outer West and Blue Mountains,2020-06-01,10.4
124,Sydney - Outer West and Blue Mountains,2020-07-01,11.3
124,Sydney - Outer West and Blue Mountains,2020-08-01,10.0
124,Sydney - Outer West and Blue Mountains,2020-09-01,10.7
124,Sydney - Outer West and Blue Mountains,2020-10-01,10.4
124,Sydney - Outer West and Blue Mountains,2020-11-01,9.8
124,Sydney - Outer West and Blue Mountains,2020-12-01,9.6
124,Sydney - Outer West and Blue Mountains,2021-01-01,9.4
124,Sydney - Outer West and Blue Mountains,2021-02-01,9.7
124,Sydney - Outer West and Blue Mountains,2021-03-01,10.1
124,Sydney - Outer West and Blue Mountains,2021-04-01,9.8
124,Sydney - Outer West and Blue Mountains,2021-05-01,8.4
124,Sydney - Outer West and Blue Mountains,2021-06-01,8.5
124,Sydney - Outer West and Blue Mountains,2021-07-01,8.0
124,Sydney - Outer West and Blue Mountains,2021-08-01,7.4
124,Sydney - Outer West and Blue Mountains,2021-09-01,7.1
124,Sydney - Outer West and Blue Mountains,2021-10-01,9.0
124,Sydney - Outer West and Blue Mountains,2021-11-01,6.5
124,Sydney - Outer West and Blue Mountains,2021-12-01,7.0
124,Sydney - Outer West and Blue Mountains,2022-01-01,7.5
124,Sydney - Outer West and Blue Mountains,2022-02-01,7.0
124,Sydney - Outer West and Blue Mountains,2022-03-01,6.3
124,Sydney - Outer West and Blue Mountains,2022-04-01,5.6
124,Sydney - Outer West and Blue Mountains,2022-05-01,7.5
124,Sydney - Outer West and Blue Mountains,2022-06-01,5.8
124,Sydney - Outer West and Blue Mountains,2022-07-01,6.1
124,Sydney - Outer West and Blue Mountains,2022-08-01,6.5
124,Sydney - Outer West and Blue Mountains,2022-09-01,6.2
124,Sydney - Outer West and Blue Mountains,2022-10-01,5.3
124,Sydney - Outer West and Blue Mountains,2022-11-01,4.3
124,Sydney - Outer West and Blue Mountains,2022-12-01,6.2
124,Sydney - Outer West and Blue Mountains,2023-01-01,5.9
124,Sydney - Outer West and Blue Mountains,2023-02-01,6.4
124,Sydney - Outer West and Blue Mountains,2023-03-01,6.6
124,Sydney - Outer West and Blue Mountains,2023-04-01,5.8
124,Sydney - Outer West and Blue Mountains,2023-05-01,5.4
124,Sydney - Outer West and Blue Mountains,2023-06-01,5.3
124,Sydney - Outer West and Blue Mountains,2023-07-01,6.1
124,Sydney - Outer West and Blue Mountains,2023-08-01,6.0
124,Sydney - Outer West and Blue Mountains,2023-09-01,6.1
124,Sydney - Outer West and Blue Mountains,2023-10-01,6.2
124,Sydney - Outer West and Blue Mountains,2023-11-01,5.7
124,Sydney - Outer West and Blue Mountains,2023-12-01,6.2
124,Sydney - Outer West and Blue Mountains,2024-01-01,8.1
124,Sydney - Outer West and Blue Mountains,2024-02-01,7.3
124,Sydney - Outer West and Blue Mountains,2024-03-01,6.9
124,Sydney - Outer West and Blue Mountains,2024-04-01,7.0
124,Sydney - Outer West and Blue Mountains,2024-05-01,7.1
124,Sydney - Outer West and Blue Mountains,2024-06-01,7.2
124,Sydney - Outer West and Blue Mountains,2024-07-01,7.6
124,Sydney - Outer West and Blue Mountains,2024-08-01,7.5
124,Sydney - Outer West and Blue Mountains,2024-09-01,7.1
124,Sydney - Outer West and Blue Mountains,2024-10-01,6.6
124,Sydney - Outer West and Blue Mountains,2024-11-01,7.2
124,Sydney - Outer West and Blue Mountains,2024-12-01,6.5
124,Sydney - Outer West and Blue Mountains,2025-01-01,7.7
124,Sydney - Outer West and Blue Mountains,2025-02-01,8.2
124,Sydney - Outer West and Blue Mountains,2025-03-01,7.7
124,Sydney - Outer West and Blue Mountains,2025-04-01,7.8
124,Sydney - Outer West and Blue Mountains,2025-05-01,6.7
124,Sydney - Outer West and Blue Mountains,2025-06-01,7.9
124,Sydney - Outer West and Blue Mountains,2025-07-01,7.3
124,Sydney - Outer West and Blue Mountains,2025-08-01,7.9
124,Sydney - Outer West and Blue Mountains,2025-09-01,7.6
124,Sydney - Outer West and Blue Mountains,2025-10-01,8.7
124,Sydney - Outer West and Blue Mountains,2025-11-01,6.9
124,Sydney - Outer West and Blue Mountains,2025-12-01,7.1
124,Sydney - Outer West and Blue Mountains,2026-01-01,9.0
124,Sydney - Outer West and Blue Mountains,2026-02-01,8.0
124,Sydney - Outer West and Blue Mountains,2026-03-01,8.4
125,Sydney - Parramatta,2012-01-01,14.9
125,Sydney - Parramatta,2012-02-01,15.5
125,Sydney - Parramatta,2012-03-01,13.6
125,Sydney - Parramatta,2012-04-01,13.9
125,Sydney - Parramatta,2012-05-01,11.2
125,Sydney - Parramatta,2012-06-01,14.7
125,Sydney - Parramatta,2012-07-01,14.1
125,Sydney - Parramatta,2012-08-01,11.4
125,Sydney - Parramatta,2012-09-01,14.4
125,Sydney - Parramatta,2012-10-01,14.4
125,Sydney - Parramatta,2012-11-01,12.9
125,Sydney - Parramatta,2012-12-01,13.4
125,Sydney - Parramatta,2013-01-01,16.6
125,Sydney - Parramatta,2013-02-01,16.3
125,Sydney - Parramatta,2013-03-01,16.5
125,Sydney - Parramatta,2013-04-01,15.5
125,Sydney - Parramatta,2013-05-01,16.0
125,Sydney - Parramatta,2013-06-01,14.9
125,Sydney - Parramatta,2013-07-01,15.9
125,Sydney - Parramatta,2013-08-01,18.4
125,Sydney - Parramatta,2013-09-01,16.9
125,Sydney - Parramatta,2013-10-01,17.0
125,Sydney - Parramatta,2013-11-01,17.2
125,Sydney - Parramatta,2013-12-01,17.3
125,Sydney - Parramatta,2014-01-01,17.7
125,Sydney - Parramatta,2014-02-01,18.8
125,Sydney - Parramatta,2014-03-01,15.0
125,Sydney - Parramatta,2014-04-01,15.4
125,Sydney - Parramatta,2014-05-01,16.3
125,Sydney - Parramatta,2014-06-01,15.7
125,Sydney - Parramatta,2014-07-01,17.1
125,Sydney - Parramatta,2014-08-01,16.0
125,Sydney - Parramatta,2014-09-01,17.7
125,Sydney - Parramatta,2014-10-01,15.5
125,Sydney - Parramatta,2014-11-01,15.1
125,Sydney - Parramatta,2014-12-01,16.6
125,Sydney - Parramatta,2015-01-01,19.7
125,Sydney - Parramatta,2015-02-01,18.7
125,Sydney - Parramatta,2015-03-01,16.4
125,Sydney - Parramatta,2015-04-01,15.8
125,Sydney - Parramatta,2015-05-01,15.0
125,Sydney - Parramatta,2015-06-01,16.5
125,Sydney - Parramatta,2015-07-01,18.1
125,Sydney - Parramatta,2015-08-01,18.7
125,Sydney - Parramatta,2015-09-01,14.9
125,Sydney - Parramatta,2015-10-01,16.9
125,Sydney - Parramatta,2015-11-01,15.3
125,Sydney - Parramatta,2015-12-01,15.2
125,Sydney - Parramatta,2016-01-01,18.0
125,Sydney - Parramatta,2016-02-01,16.3
125,Sydney - Parramatta,2016-03-01,15.2
125,Sydney - Parramatta,2016-04-01,16.5
125,Sydney - Parramatta,2016-05-01,15.5
125,Sydney - Parramatta,2016-06-01,14.7
125,Sydney - Parramatta,2016-07-01,15.5
125,Sydney - Parramatta,2016-08-01,14.4
125,Sydney - Parramatta,2016-09-01,13.7
125,Sydney - Parramatta,2016-10-01,14.2
125,Sydney - Parramatta,2016-11-01,14.6
125,Sydney - Parramatta,2016-12-01,15.0
125,Sydney - Parramatta,2017-01-01,17.2
125,Sydney - Parramatta,2017-02-01,18.2
125,Sydney - Parramatta,2017-03-01,16.0
125,Sydney - Parramatta,2017-04-01,14.2
125,Sydney - Parramatta,2017-05-01,13.7
125,Sydney - Parramatta,2017-06-01,13.3
125,Sydney - Parramatta,2017-07-01,14.2
125,Sydney - Parramatta,2017-08-01,15.5
125,Sydney - Parramatta,2017-09-01,14.2
125,Sydney - Parramatta,2017-10-01,12.0
125,Sydney - Parramatta,2017-11-01,13.6
125,Sydney - Parramatta,2017-12-01,14.3
125,Sydney - Parramatta,2018-01-01,17.7
125,Sydney - Parramatta,2018-02-01,16.2
125,Sydney - Parramatta,2018-03-01,16.2
125,Sydney - Parramatta,2018-04-01,14.2
125,Sydney - Parramatta,2018-05-01,15.5
125,Sydney - Parramatta,2018-06-01,14.4
125,Sydney - Parramatta,2018-07-01,15.1
125,Sydney - Parramatta,2018-08-01,14.4
125,Sydney - Parramatta,2018-09-01,13.2
125,Sydney - Parramatta,2018-10-01,13.7
125,Sydney - Parramatta,2018-11-01,12.3
125,Sydney - Parramatta,2018-12-01,15.2
125,Sydney - Parramatta,2019-01-01,13.9
125,Sydney - Parramatta,2019-02-01,14.6
125,Sydney - Parramatta,2019-03-01,15.0
125,Sydney - Parramatta,2019-04-01,14.4
125,Sydney - Parramatta,2019-05-01,16.0
125,Sydney - Parramatta,2019-06-01,15.3
125,Sydney - Parramatta,2019-07-01,15.2
125,Sydney - Parramatta,2019-08-01,13.7
125,Sydney - Parramatta,2019-09-01,14.5
125,Sydney - Parramatta,2019-10-01,15.5
125,Sydney - Parramatta,2019-11-01,13.2
125,Sydney - Parramatta,2019-12-01,14.9
125,Sydney - Parramatta,2020-01-01,15.8
125,Sydney - Parramatta,2020-02-01,15.9
125,Sydney - Parramatta,2020-03-01,16.2
125,Sydney - Parramatta,2020-04-01,18.1
125,Sydney - Parramatta,2020-05-01,19.6
125,Sydney - Parramatta,2020-06-01,22.6
125,Sydney - Parramatta,2020-07-01,23.1
125,Sydney - Parramatta,2020-08-01,21.5
125,Sydney - Parramatta,2020-09-01,22.9
125,Sydney - Parramatta,2020-10-01,21.9
125,Sydney - Parramatta,2020-11-01,22.3
125,Sydney - Parramatta,2020-12-01,22.4
125,Sydney - Parramatta,2021-01-01,21.6
125,Sydney - Parramatta,2021-02-01,22.0
125,Sydney - Parramatta,2021-03-01,20.0
125,Sydney - Parramatta,2021-04-01,19.8
125,Sydney - Parramatta,2021-05-01,18.4
125,Sydney - Parramatta,2021-06-01,18.0
125,Sydney - Parramatta,2021-07-01,15.3
125,Sydney - Parramatta,2021-08-01,15.5
125,Sydney - Parramatta,2021-09-01,13.3
125,Sydney - Parramatta,2021-10-01,18.7
125,Sydney - Parramatta,2021-11-01,16.0
125,Sydney - Parramatta,2021-12-01,14.0
125,Sydney - Parramatta,2022-01-01,15.5
125,Sydney - Parramatta,2022-02-01,13.3
125,Sydney - Parramatta,2022-03-01,14.0
125,Sydney - Parramatta,2022-04-01,11.9
125,Sydney - Parramatta,2022-05-01,14.7
125,Sydney - Parramatta,2022-06-01,12.1
125,Sydney - Parramatta,2022-07-01,9.5
125,Sydney - Parramatta,2022-08-01,11.9
125,Sydney - Parramatta,2022-09-01,11.8
125,Sydney - Parramatta,2022-10-01,10.9
125,Sydney - Parramatta,2022-11-01,11.1
125,Sydney - Parramatta,2022-12-01,9.9
125,Sydney - Parramatta,2023-01-01,11.6
125,Sydney - Parramatta,2023-02-01,12.0
125,Sydney - Parramatta,2023-03-01,12.9
125,Sydney - Parramatta,2023-04-01,13.1
125,Sydney - Parramatta,2023-05-01,10.3
125,Sydney - Parramatta,2023-06-01,10.1
125,Sydney - Parramatta,2023-07-01,12.6
125,Sydney - Parramatta,2023-08-01,12.9
125,Sydney - Parramatta,2023-09-01,11.8
125,Sydney - Parramatta,2023-10-01,14.2
125,Sydney - Parramatta,2023-11-01,10.7
125,Sydney - Parramatta,2023-12-01,10.5
125,Sydney - Parramatta,2024-01-01,15.2
125,Sydney - Parramatta,2024-02-01,16.4
125,Sydney - Parramatta,2024-03-01,15.9
125,Sydney - Parramatta,2024-04-01,16.3
125,Sydney - Parramatta,2024-05-01,12.1
125,Sydney - Parramatta,2024-06-01,14.5
125,Sydney - Parramatta,2024-07-01,15.3
125,Sydney - Parramatta,2024-08-01,15.8
125,Sydney - Parramatta,2024-09-01,14.6
125,Sydney - Parramatta,2024-10-01,15.1
125,Sydney - Parramatta,2024-11-01,13.6
125,Sydney - Parramatta,2024-12-01,14.3
125,Sydney - Parramatta,2025-01-01,17.6
125,Sydney - Parramatta,2025-02-01,17.5
125,Sydney - Parramatta,2025-03-01,16.6
125,Sydney - Parramatta,2025-04-01,14.2
125,Sydney - Parramatta,2025-05-01,16.2
125,Sydney - Parramatta,2025-06-01,16.8
125,Sydney - Parramatta,2025-07-01,15.5
125,Sydney - Parramatta,2025-08-01,16.2
125,Sydney - Parramatta,2025-09-01,17.0
125,Sydney - Parramatta,2025-10-01,15.6
125,Sydney - Parramatta,2025-11-01,13.3
125,Sydney - Parramatta,2025-12-01,14.3
125,Sydney - Parramatta,2026-01-01,16.7
125,Sydney - Parramatta,2026-02-01,17.0
125,Sydney - Parramatta,2026-03-01,18.9
126,Sydney - Ryde,2012-01-01,4.9
126,Sydney - Ryde,2012-02-01,4.7
126,Sydney - Ryde,2012-03-01,4.4
126,Sydney - Ryde,2012-04-01,4.7
126,Sydney - Ryde,2012-05-01,4.6
126,Sydney - Ryde,2012-06-01,4.5
126,Sydney - Ryde,2012-07-01,3.6
126,Sydney - Ryde,2012-08-01,3.4
126,Sydney - Ryde,2012-09-01,4.8
126,Sydney - Ryde,2012-10-01,4.5
126,Sydney - Ryde,2012-11-01,4.7
126,Sydney - Ryde,2012-12-01,4.8
126,Sydney - Ryde,2013-01-01,4.5
126,Sydney - Ryde,2013-02-01,5.2
126,Sydney - Ryde,2013-03-01,4.9
126,Sydney - Ryde,2013-04-01,4.7
126,Sydney - Ryde,2013-05-01,5.2
126,Sydney - Ryde,2013-06-01,4.9
126,Sydney - Ryde,2013-07-01,4.6
126,Sydney - Ryde,2013-08-01,5.2
126,Sydney - Ryde,2013-09-01,5.1
126,Sydney - Ryde,2013-10-01,5.0
126,Sydney - Ryde,2013-11-01,5.3
126,Sydney - Ryde,2013-12-01,5.1
126,Sydney - Ryde,2014-01-01,5.5
126,Sydney - Ryde,2014-02-01,5.6
126,Sydney - Ryde,2014-03-01,4.9
126,Sydney - Ryde,2014-04-01,4.5
126,Sydney - Ryde,2014-05-01,4.8
126,Sydney - Ryde,2014-06-01,4.6
126,Sydney - Ryde,2014-07-01,4.7
126,Sydney - Ryde,2014-08-01,5.4
126,Sydney - Ryde,2014-09-01,4.9
126,Sydney - Ryde,2014-10-01,4.7
126,Sydney - Ryde,2014-11-01,5.0
126,Sydney - Ryde,2014-12-01,4.6
126,Sydney - Ryde,2015-01-01,5.4
126,Sydney - Ryde,2015-02-01,6.1
126,Sydney - Ryde,2015-03-01,5.5
126,Sydney - Ryde,2015-04-01,5.1
126,Sydney - Ryde,2015-05-01,5.1
126,Sydney - Ryde,2015-06-01,4.8
126,Sydney - Ryde,2015-07-01,5.2
126,Sydney - Ryde,2015-08-01,5.1
126,Sydney - Ryde,2015-09-01,5.2
126,Sydney - Ryde,2015-10-01,4.9
126,Sydney - Ryde,2015-11-01,4.5
126,Sydney - Ryde,2015-12-01,4.6
126,Sydney - Ryde,2016-01-01,5.4
126,Sydney - Ryde,2016-02-01,5.6
126,Sydney - Ryde,2016-03-01,5.1
126,Sydney - Ryde,2016-04-01,5.3
126,Sydney - Ryde,2016-05-01,4.7
126,Sydney - Ryde,2016-06-01,4.5
126,Sydney - Ryde,2016-07-01,4.4
126,Sydney - Ryde,2016-08-01,4.6
126,Sydney - Ryde,2016-09-01,4.4
126,Sydney - Ryde,2016-10-01,4.6
126,Sydney - Ryde,2016-11-01,4.3
126,Sydney - Ryde,2016-12-01,4.7
126,Sydney - Ryde,2017-01-01,4.6
126,Sydney - Ryde,2017-02-01,5.4
126,Sydney - Ryde,2017-03-01,5.4
126,Sydney - Ryde,2017-04-01,4.0
126,Sydney - Ryde,2017-05-01,4.5
126,Sydney - Ryde,2017-06-01,4.5
126,Sydney - Ryde,2017-07-01,4.5
126,Sydney - Ryde,2017-08-01,4.9
126,Sydney - Ryde,2017-09-01,4.2
126,Sydney - Ryde,2017-10-01,3.9
126,Sydney - Ryde,2017-11-01,4.0
126,Sydney - Ryde,2017-12-01,4.2
126,Sydney - Ryde,2018-01-01,5.0
126,Sydney - Ryde,2018-02-01,4.8
126,Sydney - Ryde,2018-03-01,4.7
126,Sydney - Ryde,2018-04-01,4.6
126,Sydney - Ryde,2018-05-01,4.2
126,Sydney - Ryde,2018-06-01,3.8
126,Sydney - Ryde,2018-07-01,3.9
126,Sydney - Ryde,2018-08-01,4.0
126,Sydney - Ryde,2018-09-01,4.1
126,Sydney - Ryde,2018-10-01,4.1
126,Sydney - Ryde,2018-11-01,3.8
126,Sydney - Ryde,2018-12-01,3.8
126,Sydney - Ryde,2019-01-01,4.3
126,Sydney - Ryde,2019-02-01,4.4
126,Sydney - Ryde,2019-03-01,4.5
126,Sydney - Ryde,2019-04-01,4.5
126,Sydney - Ryde,2019-05-01,4.6
126,Sydney - Ryde,2019-06-01,4.1
126,Sydney - Ryde,2019-07-01,4.3
126,Sydney - Ryde,2019-08-01,4.2
126,Sydney - Ryde,2019-09-01,4.3
126,Sydney - Ryde,2019-10-01,4.5
126,Sydney - Ryde,2019-11-01,4.2
126,Sydney - Ryde,2019-12-01,4.2
126,Sydney - Ryde,2020-01-01,5.1
126,Sydney - Ryde,2020-02-01,4.9
126,Sydney - Ryde,2020-03-01,5.0
126,Sydney - Ryde,2020-04-01,6.7
126,Sydney - Ryde,2020-05-01,7.1
126,Sydney - Ryde,2020-06-01,7.5
126,Sydney - Ryde,2020-07-01,8.8
126,Sydney - Ryde,2020-08-01,7.6
126,Sydney - Ryde,2020-09-01,7.9
126,Sydney - Ryde,2020-10-01,7.0
126,Sydney - Ryde,2020-11-01,7.1
126,Sydney - Ryde,2020-12-01,7.7
126,Sydney - Ryde,2021-01-01,8.0
126,Sydney - Ryde,2021-02-01,7.8
126,Sydney - Ryde,2021-03-01,5.8
126,Sydney - Ryde,2021-04-01,6.2
126,Sydney - Ryde,2021-05-01,6.1
126,Sydney - Ryde,2021-06-01,5.5
126,Sydney - Ryde,2021-07-01,5.2
126,Sydney - Ryde,2021-08-01,4.9
126,Sydney - Ryde,2021-09-01,4.7
126,Sydney - Ryde,2021-10-01,5.8
126,Sydney - Ryde,2021-11-01,4.3
126,Sydney - Ryde,2021-12-01,4.8
126,Sydney - Ryde,2022-01-01,5.0
126,Sydney - Ryde,2022-02-01,4.2
126,Sydney - Ryde,2022-03-01,4.5
126,Sydney - Ryde,2022-04-01,3.7
126,Sydney - Ryde,2022-05-01,4.2
126,Sydney - Ryde,2022-06-01,3.4
126,Sydney - Ryde,2022-07-01,3.5
126,Sydney - Ryde,2022-08-01,3.4
126,Sydney - Ryde,2022-09-01,3.5
126,Sydney - Ryde,2022-10-01,3.2
126,Sydney - Ryde,2022-11-01,3.5
126,Sydney - Ryde,2022-12-01,3.1
126,Sydney - Ryde,2023-01-01,3.6
126,Sydney - Ryde,2023-02-01,3.6
126,Sydney - Ryde,2023-03-01,3.6
126,Sydney - Ryde,2023-04-01,3.9
126,Sydney - Ryde,2023-05-01,3.5
126,Sydney - Ryde,2023-06-01,3.2
126,Sydney - Ryde,2023-07-01,3.6
126,Sydney - Ryde,2023-08-01,4.0
126,Sydney - Ryde,2023-09-01,3.6
126,Sydney - Ryde,2023-10-01,3.8
126,Sydney - Ryde,2023-11-01,3.6
126,Sydney - Ryde,2023-12-01,3.8
126,Sydney - Ryde,2024-01-01,5.1
126,Sydney - Ryde,2024-02-01,4.6
126,Sydney - Ryde,2024-03-01,4.4
126,Sydney - Ryde,2024-04-01,4.5
126,Sydney - Ryde,2024-05-01,4.3
126,Sydney - Ryde,2024-06-01,4.6
126,Sydney - Ryde,2024-07-01,4.9
126,Sydney - Ryde,2024-08-01,4.8
126,Sydney - Ryde,2024-09-01,4.2
126,Sydney - Ryde,2024-10-01,4.8
126,Sydney - Ryde,2024-11-01,4.6
126,Sydney - Ryde,2024-12-01,4.2
126,Sydney - Ryde,2025-01-01,5.3
126,Sydney - Ryde,2025-02-01,5.1
126,Sydney - Ryde,2025-03-01,5.3
126,Sydney - Ryde,2025-04-01,5.0
126,Sydney - Ryde,2025-05-01,4.7
126,Sydney - Ryde,2025-06-01,5.1
126,Sydney - Ryde,2025-07-01,4.3
126,Sydney - Ryde,2025-08-01,4.9
126,Sydney - Ryde,2025-09-01,5.0
126,Sydney - Ryde,2025-10-01,5.2
126,Sydney - Ryde,2025-11-01,4.2
126,Sydney - Ryde,2025-12-01,4.6
126,Sydney - Ryde,2026-01-01,5.3
126,Sydney - Ryde,2026-02-01,5.3
126,Sydney - Ryde,2026-03-01,5.5
127,Sydney - South West,2012-01-01,13.5
127,Sydney - South West,2012-02-01,13.3
127,Sydney - South West,2012-03-01,11.6
127,Sydney - South West,2012-04-01,12.7
127,Sydney - South West,2012-05-01,12.7
127,Sydney - South West,2012-06-01,12.0
127,Sydney - South West,2012-07-01,11.7
127,Sydney - South West,2012-08-01,10.3
127,Sydney - South West,2012-09-01,12.6
127,Sydney - South West,2012-10-01,11.5
127,Sydney - South West,2012-11-01,11.2
127,Sydney - South West,2012-12-01,11.6
127,Sydney - South West,2013-01-01,12.9
127,Sydney - South West,2013-02-01,11.9
127,Sydney - South West,2013-03-01,14.7
127,Sydney - South West,2013-04-01,12.9
127,Sydney - South West,2013-05-01,14.0
127,Sydney - South West,2013-06-01,13.1
127,Sydney - South West,2013-07-01,13.1
127,Sydney - South West,2013-08-01,14.6
127,Sydney - South West,2013-09-01,14.3
127,Sydney - South West,2013-10-01,15.4
127,Sydney - South West,2013-11-01,15.6
127,Sydney - South West,2013-12-01,14.3
127,Sydney - South West,2014-01-01,15.7
127,Sydney - South West,2014-02-01,14.6
127,Sydney - South West,2014-03-01,14.0
127,Sydney - South West,2014-04-01,13.8
127,Sydney - South West,2014-05-01,13.8
127,Sydney - South West,2014-06-01,13.3
127,Sydney - South West,2014-07-01,14.6
127,Sydney - South West,2014-08-01,14.1
127,Sydney - South West,2014-09-01,14.5
127,Sydney - South West,2014-10-01,14.2
127,Sydney - South West,2014-11-01,13.4
127,Sydney - South West,2014-12-01,14.1
127,Sydney - South West,2015-01-01,15.6
127,Sydney - South West,2015-02-01,17.5
127,Sydney - South West,2015-03-01,14.3
127,Sydney - South West,2015-04-01,14.3
127,Sydney - South West,2015-05-01,14.5
127,Sydney - South West,2015-06-01,12.9
127,Sydney - South West,2015-07-01,15.3
127,Sydney - South West,2015-08-01,15.1
127,Sydney - South West,2015-09-01,15.0
127,Sydney - South West,2015-10-01,14.3
127,Sydney - South West,2015-11-01,12.7
127,Sydney - South West,2015-12-01,13.0
127,Sydney - South West,2016-01-01,16.4
127,Sydney - South West,2016-02-01,15.2
127,Sydney - South West,2016-03-01,14.4
127,Sydney - South West,2016-04-01,14.8
127,Sydney - South West,2016-05-01,15.1
127,Sydney - South West,2016-06-01,14.3
127,Sydney - South West,2016-07-01,13.4
127,Sydney - South West,2016-08-01,14.4
127,Sydney - South West,2016-09-01,15.4
127,Sydney - South West,2016-10-01,12.8
127,Sydney - South West,2016-11-01,12.5
127,Sydney - South West,2016-12-01,15.1
127,Sydney - South West,2017-01-01,15.3
127,Sydney - South West,2017-02-01,16.5
127,Sydney - South West,2017-03-01,16.2
127,Sydney - South West,2017-04-01,14.9
127,Sydney - South West,2017-05-01,13.9
127,Sydney - South West,2017-06-01,13.2
127,Sydney - South West,2017-07-01,14.7
127,Sydney - South West,2017-08-01,15.0
127,Sydney - South West,2017-09-01,14.3
127,Sydney - South West,2017-10-01,14.6
127,Sydney - South West,2017-11-01,12.9
127,Sydney - South West,2017-12-01,14.8
127,Sydney - South West,2018-01-01,17.2
127,Sydney - South West,2018-02-01,16.1
127,Sydney - South West,2018-03-01,16.4
127,Sydney - South West,2018-04-01,16.0
127,Sydney - South West,2018-05-01,14.6
127,Sydney - South West,2018-06-01,16.1
127,Sydney - South West,2018-07-01,14.2
127,Sydney - South West,2018-08-01,15.6
127,Sydney - South West,2018-09-01,14.4
127,Sydney - South West,2018-10-01,13.9
127,Sydney - South West,2018-11-01,14.3
127,Sydney - South West,2018-12-01,15.0
127,Sydney - South West,2019-01-01,12.6
127,Sydney - South West,2019-02-01,16.8
127,Sydney - South West,2019-03-01,15.6
127,Sydney - South West,2019-04-01,15.2
127,Sydney - South West,2019-05-01,15.9
127,Sydney - South West,2019-06-01,15.1
127,Sydney - South West,2019-07-01,16.0
127,Sydney - South West,2019-08-01,15.4
127,Sydney - South West,2019-09-01,14.4
127,Sydney - South West,2019-10-01,16.3
127,Sydney - South West,2019-11-01,15.9
127,Sydney - South West,2019-12-01,15.8
127,Sydney - South West,2020-01-01,15.3
127,Sydney - South West,2020-02-01,17.7
127,Sydney - South West,2020-03-01,18.4
127,Sydney - South West,2020-04-01,19.5
127,Sydney - South West,2020-05-01,17.0
127,Sydney - South West,2020-06-01,18.1
127,Sydney - South West,2020-07-01,21.4
127,Sydney - South West,2020-08-01,20.5
127,Sydney - South West,2020-09-01,21.3
127,Sydney - South West,2020-10-01,19.6
127,Sydney - South West,2020-11-01,18.2
127,Sydney - South West,2020-12-01,21.7
127,Sydney - South West,2021-01-01,20.3
127,Sydney - South West,2021-02-01,20.3
127,Sydney - South West,2021-03-01,20.4
127,Sydney - South West,2021-04-01,17.5
127,Sydney - South West,2021-05-01,16.9
127,Sydney - South West,2021-06-01,17.3
127,Sydney - South West,2021-07-01,15.9
127,Sydney - South West,2021-08-01,14.3
127,Sydney - South West,2021-09-01,13.5
127,Sydney - South West,2021-10-01,16.9
127,Sydney - South West,2021-11-01,14.5
127,Sydney - South West,2021-12-01,14.1
127,Sydney - South West,2022-01-01,15.0
127,Sydney - South West,2022-02-01,14.9
127,Sydney - South West,2022-03-01,13.6
127,Sydney - South West,2022-04-01,11.6
127,Sydney - South West,2022-05-01,14.5
127,Sydney - South West,2022-06-01,11.4
127,Sydney - South West,2022-07-01,12.8
127,Sydney - South West,2022-08-01,10.0
127,Sydney - South West,2022-09-01,11.9
127,Sydney - South West,2022-10-01,10.1
127,Sydney - South West,2022-11-01,10.2
127,Sydney - South West,2022-12-01,11.3
127,Sydney - South West,2023-01-01,11.6
127,Sydney - South West,2023-02-01,12.8
127,Sydney - South West,2023-03-01,12.6
127,Sydney - South West,2023-04-01,11.7
127,Sydney - South West,2023-05-01,11.4
127,Sydney - South West,2023-06-01,11.1
127,Sydney - South West,2023-07-01,9.8
127,Sydney - South West,2023-08-01,14.1
127,Sydney - South West,2023-09-01,11.4
127,Sydney - South West,2023-10-01,11.2
127,Sydney - South West,2023-11-01,13.4
127,Sydney - South West,2023-12-01,11.4
127,Sydney - South West,2024-01-01,18.9
127,Sydney - South West,2024-02-01,14.6
127,Sydney - South West,2024-03-01,14.1
127,Sydney - South West,2024-04-01,13.9
127,Sydney - South West,2024-05-01,14.5
127,Sydney - South West,2024-06-01,13.5
127,Sydney - South West,2024-07-01,13.3
127,Sydney - South West,2024-08-01,15.5
127,Sydney - South West,2024-09-01,13.3
127,Sydney - South West,2024-10-01,14.5
127,Sydney - South West,2024-11-01,13.2
127,Sydney - South West,2024-12-01,12.3
127,Sydney - South West,2025-01-01,14.9
127,Sydney - South West,2025-02-01,14.9
127,Sydney - South West,2025-03-01,16.6
127,Sydney - South West,2025-04-01,14.7
127,Sydney - South West,2025-05-01,14.0
127,Sydney - South West,2025-06-01,14.2
127,Sydney - South West,2025-07-01,13.2
127,Sydney - South West,2025-08-01,15.8
127,Sydney - South West,2025-09-01,14.5
127,Sydney - South West,2025-10-01,15.2
127,Sydney - South West,2025-11-01,12.7
127,Sydney - South West,2025-12-01,13.2
127,Sydney - South West,2026-01-01,16.5
127,Sydney - South West,2026-02-01,15.9
127,Sydney - South West,2026-03-01,16.5
128,Sydney - Sutherland,2012-01-01,4.5
128,Sydney - Sutherland,2012-02-01,4.8
128,Sydney - Sutherland,2012-03-01,4.3
128,Sydney - Sutherland,2012-04-01,4.4
128,Sydney - Sutherland,2012-05-01,3.9
128,Sydney - Sutherland,2012-06-01,3.8
128,Sydney - Sutherland,2012-07-01,4.4
128,Sydney - Sutherland,2012-08-01,3.8
128,Sydney - Sutherland,2012-09-01,4.1
128,Sydney - Sutherland,2012-10-01,4.1
128,Sydney - Sutherland,2012-11-01,4.2
128,Sydney - Sutherland,2012-12-01,3.9
128,Sydney - Sutherland,2013-01-01,4.3
128,Sydney - Sutherland,2013-02-01,4.6
128,Sydney - Sutherland,2013-03-01,4.9
128,Sydney - Sutherland,2013-04-01,4.3
128,Sydney - Sutherland,2013-05-01,4.5
128,Sydney - Sutherland,2013-06-01,4.2
128,Sydney - Sutherland,2013-07-01,4.4
128,Sydney - Sutherland,2013-08-01,4.9
128,Sydney - Sutherland,2013-09-01,4.1
128,Sydney - Sutherland,2013-10-01,4.8
128,Sydney - Sutherland,2013-11-01,4.8
128,Sydney - Sutherland,2013-12-01,4.6
128,Sydney - Sutherland,2014-01-01,5.4
128,Sydney - Sutherland,2014-02-01,4.9
128,Sydney - Sutherland,2014-03-01,4.3
128,Sydney - Sutherland,2014-04-01,4.4
128,Sydney - Sutherland,2014-05-01,4.6
128,Sydney - Sutherland,2014-06-01,4.0
128,Sydney - Sutherland,2014-07-01,4.6
128,Sydney - Sutherland,2014-08-01,4.7
128,Sydney - Sutherland,2014-09-01,4.7
128,Sydney - Sutherland,2014-10-01,4.5
128,Sydney - Sutherland,2014-11-01,4.6
128,Sydney - Sutherland,2014-12-01,4.5
128,Sydney - Sutherland,2015-01-01,5.1
128,Sydney - Sutherland,2015-02-01,5.2
128,Sydney - Sutherland,2015-03-01,4.7
128,Sydney - Sutherland,2015-04-01,4.3
128,Sydney - Sutherland,2015-05-01,4.4
128,Sydney - Sutherland,2015-06-01,4.4
128,Sydney - Sutherland,2015-07-01,4.8
128,Sydney - Sutherland,2015-08-01,4.7
128,Sydney - Sutherland,2015-09-01,4.2
128,Sydney - Sutherland,2015-10-01,3.7
128,Sydney - Sutherland,2015-11-01,3.7
128,Sydney - Sutherland,2015-12-01,4.0
128,Sydney - Sutherland,2016-01-01,4.3
128,Sydney - Sutherland,2016-02-01,4.7
128,Sydney - Sutherland,2016-03-01,4.2
128,Sydney - Sutherland,2016-04-01,3.8
128,Sydney - Sutherland,2016-05-01,3.8
128,Sydney - Sutherland,2016-06-01,3.8
128,Sydney - Sutherland,2016-07-01,4.0
128,Sydney - Sutherland,2016-08-01,3.5
128,Sydney - Sutherland,2016-09-01,3.5
128,Sydney - Sutherland,2016-10-01,3.7
128,Sydney - Sutherland,2016-11-01,3.4
128,Sydney - Sutherland,2016-12-01,3.9
128,Sydney - Sutherland,2017-01-01,4.5
128,Sydney - Sutherland,2017-02-01,4.0
128,Sydney - Sutherland,2017-03-01,3.7
128,Sydney - Sutherland,2017-04-01,3.4
128,Sydney - Sutherland,2017-05-01,3.6
128,Sydney - Sutherland,2017-06-01,3.3
128,Sydney - Sutherland,2017-07-01,3.5
128,Sydney - Sutherland,2017-08-01,3.5
128,Sydney - Sutherland,2017-09-01,3.2
128,Sydney - Sutherland,2017-10-01,3.1
128,Sydney - Sutherland,2017-11-01,3.5
128,Sydney - Sutherland,2017-12-01,3.4
128,Sydney - Sutherland,2018-01-01,4.0
128,Sydney - Sutherland,2018-02-01,3.9
128,Sydney - Sutherland,2018-03-01,3.8
128,Sydney - Sutherland,2018-04-01,3.7
128,Sydney - Sutherland,2018-05-01,3.7
128,Sydney - Sutherland,2018-06-01,3.3
128,Sydney - Sutherland,2018-07-01,3.0
128,Sydney - Sutherland,2018-08-01,3.5
128,Sydney - Sutherland,2018-09-01,3.4
128,Sydney - Sutherland,2018-10-01,3.3
128,Sydney - Sutherland,2018-11-01,2.6
128,Sydney - Sutherland,2018-12-01,3.1
128,Sydney - Sutherland,2019-01-01,3.0
128,Sydney - Sutherland,2019-02-01,3.5
128,Sydney - Sutherland,2019-03-01,3.2
128,Sydney - Sutherland,2019-04-01,3.5
128,Sydney - Sutherland,2019-05-01,3.6
128,Sydney - Sutherland,2019-06-01,3.6
128,Sydney - Sutherland,2019-07-01,3.2
128,Sydney - Sutherland,2019-08-01,3.4
128,Sydney - Sutherland,2019-09-01,3.2
128,Sydney - Sutherland,2019-10-01,3.7
128,Sydney - Sutherland,2019-11-01,2.9
128,Sydney - Sutherland,2019-12-01,3.0
128,Sydney - Sutherland,2020-01-01,3.3
128,Sydney - Sutherland,2020-02-01,4.2
128,Sydney - Sutherland,2020-03-01,3.9
128,Sydney - Sutherland,2020-04-01,4.4
128,Sydney - Sutherland,2020-05-01,5.6
128,Sydney - Sutherland,2020-06-01,5.4
128,Sydney - Sutherland,2020-07-01,5.9
128,Sydney - Sutherland,2020-08-01,5.9
128,Sydney - Sutherland,2020-09-01,5.9
128,Sydney - Sutherland,2020-10-01,5.0
128,Sydney - Sutherland,2020-11-01,4.4
128,Sydney - Sutherland,2020-12-01,4.6
128,Sydney - Sutherland,2021-01-01,5.5
128,Sydney - Sutherland,2021-02-01,5.2
128,Sydney - Sutherland,2021-03-01,4.5
128,Sydney - Sutherland,2021-04-01,4.1
128,Sydney - Sutherland,2021-05-01,4.3
128,Sydney - Sutherland,2021-06-01,4.1
128,Sydney - Sutherland,2021-07-01,3.5
128,Sydney - Sutherland,2021-08-01,3.5
128,Sydney - Sutherland,2021-09-01,3.4
128,Sydney - Sutherland,2021-10-01,3.7
128,Sydney - Sutherland,2021-11-01,3.5
128,Sydney - Sutherland,2021-12-01,2.8
128,Sydney - Sutherland,2022-01-01,3.7
128,Sydney - Sutherland,2022-02-01,2.6
128,Sydney - Sutherland,2022-03-01,3.4
128,Sydney - Sutherland,2022-04-01,2.6
128,Sydney - Sutherland,2022-05-01,3.0
128,Sydney - Sutherland,2022-06-01,2.7
128,Sydney - Sutherland,2022-07-01,2.6
128,Sydney - Sutherland,2022-08-01,2.2
128,Sydney - Sutherland,2022-09-01,2.7
128,Sydney - Sutherland,2022-10-01,2.4
128,Sydney - Sutherland,2022-11-01,2.4
128,Sydney - Sutherland,2022-12-01,2.1
128,Sydney - Sutherland,2023-01-01,2.7
128,Sydney - Sutherland,2023-02-01,2.8
128,Sydney - Sutherland,2023-03-01,2.6
128,Sydney - Sutherland,2023-04-01,2.5
128,Sydney - Sutherland,2023-05-01,2.5
128,Sydney - Sutherland,2023-06-01,2.3
128,Sydney - Sutherland,2023-07-01,2.4
128,Sydney - Sutherland,2023-08-01,2.6
128,Sydney - Sutherland,2023-09-01,2.5
128,Sydney - Sutherland,2023-10-01,2.7
128,Sydney - Sutherland,2023-11-01,2.5
128,Sydney - Sutherland,2023-12-01,2.7
128,Sydney - Sutherland,2024-01-01,3.4
128,Sydney - Sutherland,2024-02-01,3.2
128,Sydney - Sutherland,2024-03-01,3.1
128,Sydney - Sutherland,2024-04-01,3.1
128,Sydney - Sutherland,2024-05-01,2.7
128,Sydney - Sutherland,2024-06-01,3.2
128,Sydney - Sutherland,2024-07-01,3.3
128,Sydney - Sutherland,2024-08-01,3.3
128,Sydney - Sutherland,2024-09-01,2.9
128,Sydney - Sutherland,2024-10-01,3.0
128,Sydney - Sutherland,2024-11-01,3.1
128,Sydney - Sutherland,2024-12-01,2.9
128,Sydney - Sutherland,2025-01-01,3.6
128,Sydney - Sutherland,2025-02-01,3.4
128,Sydney - Sutherland,2025-03-01,3.5
128,Sydney - Sutherland,2025-04-01,3.1
128,Sydney - Sutherland,2025-05-01,3.6
128,Sydney - Sutherland,2025-06-01,3.3
128,Sydney - Sutherland,2025-07-01,2.7
128,Sydney - Sutherland,2025-08-01,3.5
128,Sydney - Sutherland,2025-09-01,3.3
128,Sydney - Sutherland,2025-10-01,3.2
128,Sydney - Sutherland,2025-11-01,3.1
128,Sydney - Sutherland,2025-12-01,2.9
128,Sydney - Sutherland,2026-01-01,3.6
128,Sydney - Sutherland,2026-02-01,3.7
128,Sydney - Sutherland,2026-03-01,3.9
201,Ballarat,2012-01-01,3.7
201,Ballarat,2012-02-01,4.1
201,Ballarat,2012-03-01,4.2
201,Ballarat,2012-04-01,3.5
201,Ballarat,2012-05-01,3.7
201,Ballarat,2012-06-01,3.6
201,Ballarat,2012-07-01,3.6
201,Ballarat,2012-08-01,3.8
201,Ballarat,2012-09-01,4.0
201,Ballarat,2012-10-01,3.9
201,Ballarat,2012-11-01,3.8
201,Ballarat,2012-12-01,3.9
201,Ballarat,2013-01-01,4.5
201,Ballarat,2013-02-01,4.3
201,Ballarat,2013-03-01,4.0
201,Ballarat,2013-04-01,3.9
201,Ballarat,2013-05-01,3.5
201,Ballarat,2013-06-01,3.7
201,Ballarat,2013-07-01,3.5
201,Ballarat,2013-08-01,3.6
201,Ballarat,2013-09-01,3.8
201,Ballarat,2013-10-01,3.7
201,Ballarat,2013-11-01,3.6
201,Ballarat,2013-12-01,3.9
201,Ballarat,2014-01-01,4.5
201,Ballarat,2014-02-01,4.8
201,Ballarat,2014-03-01,4.7
201,Ballarat,2014-04-01,4.6
201,Ballarat,2014-05-01,4.2
201,Ballarat,2014-06-01,4.5
201,Ballarat,2014-07-01,4.8
201,Ballarat,2014-08-01,5.1
201,Ballarat,2014-09-01,4.9
201,Ballarat,2014-10-01,4.9
201,Ballarat,2014-11-01,4.6
201,Ballarat,2014-12-01,4.6
201,Ballarat,2015-01-01,5.2
201,Ballarat,2015-02-01,4.7
201,Ballarat,2015-03-01,4.7
201,Ballarat,2015-04-01,4.4
201,Ballarat,2015-05-01,4.3
201,Ballarat,2015-06-01,4.1
201,Ballarat,2015-07-01,4.5
201,Ballarat,2015-08-01,4.7
201,Ballarat,2015-09-01,4.6
201,Ballarat,2015-10-01,4.2
201,Ballarat,2015-11-01,4.5
201,Ballarat,2015-12-01,4.4
201,Ballarat,2016-01-01,5.4
201,Ballarat,2016-02-01,5.1
201,Ballarat,2016-03-01,4.8
201,Ballarat,2016-04-01,4.7
201,Ballarat,2016-05-01,4.4
201,Ballarat,2016-06-01,4.4
201,Ballarat,2016-07-01,4.5
201,Ballarat,2016-08-01,4.6
201,Ballarat,2016-09-01,4.7
201,Ballarat,2016-10-01,4.2
201,Ballarat,2016-11-01,4.3
201,Ballarat,2016-12-01,4.5
201,Ballarat,2017-01-01,4.8
201,Ballarat,2017-02-01,4.7
201,Ballarat,2017-03-01,4.9
201,Ballarat,2017-04-01,4.7
201,Ballarat,2017-05-01,4.4
201,Ballarat,2017-06-01,4.2
201,Ballarat,2017-07-01,4.4
201,Ballarat,2017-08-01,4.5
201,Ballarat,2017-09-01,4.4
201,Ballarat,2017-10-01,4.3
201,Ballarat,2017-11-01,4.0
201,Ballarat,2017-12-01,4.7
201,Ballarat,2018-01-01,4.8
201,Ballarat,2018-02-01,4.9
201,Ballarat,2018-03-01,4.6
201,Ballarat,2018-04-01,4.2
201,Ballarat,2018-05-01,3.9
201,Ballarat,2018-06-01,4.2
201,Ballarat,2018-07-01,3.9
201,Ballarat,2018-08-01,3.8
201,Ballarat,2018-09-01,3.7
201,Ballarat,2018-10-01,3.3
201,Ballarat,2018-11-01,3.3
201,Ballarat,2018-12-01,3.3
201,Ballarat,2019-01-01,3.8
201,Ballarat,2019-02-01,3.9
201,Ballarat,2019-03-01,3.6
201,Ballarat,2019-04-01,3.4
201,Ballarat,2019-05-01,3.1
201,Ballarat,2019-06-01,3.1
201,Ballarat,2019-07-01,3.0
201,Ballarat,2019-08-01,3.3
201,Ballarat,2019-09-01,3.2
201,Ballarat,2019-10-01,3.1
201,Ballarat,2019-11-01,3.0
201,Ballarat,2019-12-01,3.2
201,Ballarat,2020-01-01,3.8
201,Ballarat,2020-02-01,3.6
201,Ballarat,2020-03-01,3.8
201,Ballarat,2020-04-01,3.8
201,Ballarat,2020-05-01,4.1
201,Ballarat,2020-06-01,4.2
201,Ballarat,2020-07-01,4.0
201,Ballarat,2020-08-01,4.3
201,Ballarat,2020-09-01,3.9
201,Ballarat,2020-10-01,4.1
201,Ballarat,2020-11-01,4.2
201,Ballarat,2020-12-01,3.9
201,Ballarat,2021-01-01,4.3
201,Ballarat,2021-02-01,4.1
201,Ballarat,2021-03-01,4.0
201,Ballarat,2021-04-01,3.7
201,Ballarat,2021-05-01,3.2
201,Ballarat,2021-06-01,2.8
201,Ballarat,2021-07-01,3.1
201,Ballarat,2021-08-01,2.8
201,Ballarat,2021-09-01,2.9
201,Ballarat,2021-10-01,3.1
201,Ballarat,2021-11-01,2.8
201,Ballarat,2021-12-01,2.7
201,Ballarat,2022-01-01,3.0
201,Ballarat,2022-02-01,3.1
201,Ballarat,2022-03-01,3.0
201,Ballarat,2022-04-01,3.1
201,Ballarat,2022-05-01,2.7
201,Ballarat,2022-06-01,2.5
201,Ballarat,2022-07-01,2.4
201,Ballarat,2022-08-01,2.8
201,Ballarat,2022-09-01,2.4
201,Ballarat,2022-10-01,2.5
201,Ballarat,2022-11-01,2.7
201,Ballarat,2022-12-01,2.4
201,Ballarat,2023-01-01,3.1
201,Ballarat,2023-02-01,3.0
201,Ballarat,2023-03-01,3.0
201,Ballarat,2023-04-01,2.8
201,Ballarat,2023-05-01,2.7
201,Ballarat,2023-06-01,2.6
201,Ballarat,2023-07-01,2.5
201,Ballarat,2023-08-01,2.7
201,Ballarat,2023-09-01,2.6
201,Ballarat,2023-10-01,2.7
201,Ballarat,2023-11-01,2.7
201,Ballarat,2023-12-01,3.0
201,Ballarat,2024-01-01,3.3
201,Ballarat,2024-02-01,3.1
201,Ballarat,2024-03-01,3.2
201,Ballarat,2024-04-01,3.2
201,Ballarat,2024-05-01,3.2
201,Ballarat,2024-06-01,3.0
201,Ballarat,2024-07-01,3.2
201,Ballarat,2024-08-01,3.2
201,Ballarat,2024-09-01,3.2
201,Ballarat,2024-10-01,3.2
201,Ballarat,2024-11-01,3.1
201,Ballarat,2024-12-01,3.2
201,Ballarat,2025-01-01,3.7
201,Ballarat,2025-02-01,3.7
201,Ballarat,2025-03-01,3.4
201,Ballarat,2025-04-01,3.4
201,Ballarat,2025-05-01,3.3
201,Ballarat,2025-06-01,3.4
201,Ballarat,2025-07-01,3.3
201,Ballarat,2025-08-01,3.3
201,Ballarat,2025-09-01,3.5
201,Ballarat,2025-10-01,3.4
201,Ballarat,2025-11-01,3.4
201,Ballarat,2025-12-01,3.4
201,Ballarat,2026-01-01,3.6
201,Ballarat,2026-02-01,3.9
201,Ballarat,2026-03-01,3.8
202,Bendigo,2012-01-01,3.8
202,Bendigo,2012-02-01,4.2
202,Bendigo,2012-03-01,4.2
202,Bendigo,2012-04-01,3.8
202,Bendigo,2012-05-01,3.7
202,Bendigo,2012-06-01,3.6
202,Bendigo,2012-07-01,3.6
202,Bendigo,2012-08-01,3.8
202,Bendigo,2012-09-01,3.9
202,Bendigo,2012-10-01,3.7
202,Bendigo,2012-11-01,3.7
202,Bendigo,2012-12-01,4.0
202,Bendigo,2013-01-01,4.6
202,Bendigo,2013-02-01,4.6
202,Bendigo,2013-03-01,4.2
202,Bendigo,2013-04-01,4.1
202,Bendigo,2013-05-01,3.6
202,Bendigo,2013-06-01,3.7
202,Bendigo,2013-07-01,3.6
202,Bendigo,2013-08-01,3.6
202,Bendigo,2013-09-01,3.4
202,Bendigo,2013-10-01,3.6
202,Bendigo,2013-11-01,3.6
202,Bendigo,2013-12-01,3.8
202,Bendigo,2014-01-01,4.3
202,Bendigo,2014-02-01,4.5
202,Bendigo,2014-03-01,4.4
202,Bendigo,2014-04-01,4.3
202,Bendigo,2014-05-01,4.1
202,Bendigo,2014-06-01,4.2
202,Bendigo,2014-07-01,4.3
202,Bendigo,2014-08-01,4.7
202,Bendigo,2014-09-01,4.5
202,Bendigo,2014-10-01,4.3
202,Bendigo,2014-11-01,4.1
202,Bendigo,2014-12-01,4.1
202,Bendigo,2015-01-01,4.7
202,Bendigo,2015-02-01,4.3
202,Bendigo,2015-03-01,4.5
202,Bendigo,2015-04-01,4.1
202,Bendigo,2015-05-01,4.0
202,Bendigo,2015-06-01,3.8
202,Bendigo,2015-07-01,4.3
202,Bendigo,2015-08-01,4.6
202,Bendigo,2015-09-01,4.4
202,Bendigo,2015-10-01,4.0
202,Bendigo,2015-11-01,4.3
202,Bendigo,2015-12-01,4.3
202,Bendigo,2016-01-01,5.1
202,Bendigo,2016-02-01,4.8
202,Bendigo,2016-03-01,4.6
202,Bendigo,2016-04-01,4.4
202,Bendigo,2016-05-01,4.4
202,Bendigo,2016-06-01,4.1
202,Bendigo,2016-07-01,4.2
202,Bendigo,2016-08-01,4.0
202,Bendigo,2016-09-01,4.2
202,Bendigo,2016-10-01,3.9
202,Bendigo,2016-11-01,4.0
202,Bendigo,2016-12-01,4.3
202,Bendigo,2017-01-01,4.6
202,Bendigo,2017-02-01,4.7
202,Bendigo,2017-03-01,4.7
202,Bendigo,2017-04-01,4.5
202,Bendigo,2017-05-01,4.3
202,Bendigo,2017-06-01,4.1
202,Bendigo,2017-07-01,4.4
202,Bendigo,2017-08-01,4.4
202,Bendigo,2017-09-01,4.5
202,Bendigo,2017-10-01,4.2
202,Bendigo,2017-11-01,4.2
202,Bendigo,2017-12-01,4.7
202,Bendigo,2018-01-01,4.9
202,Bendigo,2018-02-01,4.9
202,Bendigo,2018-03-01,4.5
202,Bendigo,2018-04-01,4.3
202,Bendigo,2018-05-01,4.1
202,Bendigo,2018-06-01,4.2
202,Bendigo,2018-07-01,3.8
202,Bendigo,2018-08-01,3.8
202,Bendigo,2018-09-01,3.9
202,Bendigo,2018-10-01,3.5
202,Bendigo,2018-11-01,3.6
202,Bendigo,2018-12-01,3.4
202,Bendigo,2019-01-01,3.9
202,Bendigo,2019-02-01,4.0
202,Bendigo,2019-03-01,3.7
202,Bendigo,2019-04-01,3.3
202,Bendigo,2019-05-01,3.3
202,Bendigo,2019-06-01,3.2
202,Bendigo,2019-07-01,3.2
202,Bendigo,2019-08-01,3.4
202,Bendigo,2019-09-01,3.2
202,Bendigo,2019-10-01,3.2
202,Bendigo,2019-11-01,2.9
202,Bendigo,2019-12-01,3.5
202,Bendigo,2020-01-01,3.8
202,Bendigo,2020-02-01,3.6
202,Bendigo,2020-03-01,3.8
202,Bendigo,2020-04-01,3.6
202,Bendigo,2020-05-01,4.1
202,Bendigo,2020-06-01,4.4
202,Bendigo,2020-07-01,4.1
202,Bendigo,2020-08-01,4.2
202,Bendigo,2020-09-01,4.1
202,Bendigo,2020-10-01,4.0
202,Bendigo,2020-11-01,4.0
202,Bendigo,2020-12-01,4.1
202,Bendigo,2021-01-01,4.3
202,Bendigo,2021-02-01,4.1
202,Bendigo,2021-03-01,4.1
202,Bendigo,2021-04-01,3.6
202,Bendigo,2021-05-01,3.3
202,Bendigo,2021-06-01,2.9
202,Bendigo,2021-07-01,3.0
202,Bendigo,2021-08-01,2.7
202,Bendigo,2021-09-01,3.0
202,Bendigo,2021-10-01,3.0
202,Bendigo,2021-11-01,2.6
202,Bendigo,2021-12-01,2.7
202,Bendigo,2022-01-01,3.1
202,Bendigo,2022-02-01,2.9
202,Bendigo,2022-03-01,3.0
202,Bendigo,2022-04-01,3.0
202,Bendigo,2022-05-01,2.7
202,Bendigo,2022-06-01,2.4
202,Bendigo,2022-07-01,2.3
202,Bendigo,2022-08-01,2.7
202,Bendigo,2022-09-01,2.5
202,Bendigo,2022-10-01,2.4
202,Bendigo,2022-11-01,2.5
202,Bendigo,2022-12-01,2.5
202,Bendigo,2023-01-01,3.2
202,Bendigo,2023-02-01,2.9
202,Bendigo,2023-03-01,2.7
202,Bendigo,2023-04-01,2.8
202,Bendigo,2023-05-01,2.6
202,Bendigo,2023-06-01,2.5
202,Bendigo,2023-07-01,2.5
202,Bendigo,2023-08-01,2.6
202,Bendigo,2023-09-01,2.3
202,Bendigo,2023-10-01,2.5
202,Bendigo,2023-11-01,2.7
202,Bendigo,2023-12-01,2.7
202,Bendigo,2024-01-01,2.8
202,Bendigo,2024-02-01,2.9
202,Bendigo,2024-03-01,3.0
202,Bendigo,2024-04-01,2.8
202,Bendigo,2024-05-01,2.9
202,Bendigo,2024-06-01,2.8
202,Bendigo,2024-07-01,2.9
202,Bendigo,2024-08-01,2.9
202,Bendigo,2024-09-01,3.0
202,Bendigo,2024-10-01,2.6
202,Bendigo,2024-11-01,2.8
202,Bendigo,2024-12-01,3.0
202,Bendigo,2025-01-01,3.3
202,Bendigo,2025-02-01,3.2
202,Bendigo,2025-03-01,3.1
202,Bendigo,2025-04-01,3.0
202,Bendigo,2025-05-01,2.8
202,Bendigo,2025-06-01,2.8
202,Bendigo,2025-07-01,2.8
202,Bendigo,2025-08-01,3.0
202,Bendigo,2025-09-01,3.1
202,Bendigo,2025-10-01,2.9
202,Bendigo,2025-11-01,2.9
202,Bendigo,2025-12-01,3.1
202,Bendigo,2026-01-01,3.0
202,Bendigo,2026-02-01,3.4
202,Bendigo,2026-03-01,3.4
203,Geelong,2012-01-01,8.1
203,Geelong,2012-02-01,8.8
203,Geelong,2012-03-01,8.6
203,Geelong,2012-04-01,7.8
203,Geelong,2012-05-01,7.8
203,Geelong,2012-06-01,7.8
203,Geelong,2012-07-01,7.8
203,Geelong,2012-08-01,8.0
203,Geelong,2012-09-01,8.8
203,Geelong,2012-10-01,8.2
203,Geelong,2012-11-01,7.8
203,Geelong,2012-12-01,8.3
203,Geelong,2013-01-01,9.5
203,Geelong,2013-02-01,9.0
203,Geelong,2013-03-01,8.8
203,Geelong,2013-04-01,8.4
203,Geelong,2013-05-01,7.9
203,Geelong,2013-06-01,7.9
203,Geelong,2013-07-01,7.2
203,Geelong,2013-08-01,7.6
203,Geelong,2013-09-01,8.0
203,Geelong,2013-10-01,8.1
203,Geelong,2013-11-01,7.9
203,Geelong,2013-12-01,8.5
203,Geelong,2014-01-01,9.4
203,Geelong,2014-02-01,10.4
203,Geelong,2014-03-01,10.1
203,Geelong,2014-04-01,9.6
203,Geelong,2014-05-01,9.2
203,Geelong,2014-06-01,9.9
203,Geelong,2014-07-01,10.4
203,Geelong,2014-08-01,10.2
203,Geelong,2014-09-01,10.4
203,Geelong,2014-10-01,10.0
203,Geelong,2014-11-01,9.5
203,Geelong,2014-12-01,9.3
203,Geelong,2015-01-01,10.5
203,Geelong,2015-02-01,9.2
203,Geelong,2015-03-01,9.9
203,Geelong,2015-04-01,9.2
203,Geelong,2015-05-01,8.5
203,Geelong,2015-06-01,8.2
203,Geelong,2015-07-01,8.8
203,Geelong,2015-08-01,8.6
203,Geelong,2015-09-01,8.8
203,Geelong,2015-10-01,7.8
203,Geelong,2015-11-01,8.2
203,Geelong,2015-12-01,8.6
203,Geelong,2016-01-01,10.2
203,Geelong,2016-02-01,9.6
203,Geelong,2016-03-01,8.8
203,Geelong,2016-04-01,8.4
203,Geelong,2016-05-01,8.1
203,Geelong,2016-06-01,7.9
203,Geelong,2016-07-01,8.4
203,Geelong,2016-08-01,8.3
203,Geelong,2016-09-01,7.7
203,Geelong,2016-10-01,7.8
203,Geelong,2016-11-01,7.9
203,Geelong,2016-12-01,8.1
203,Geelong,2017-01-01,8.6
203,Geelong,2017-02-01,8.8
203,Geelong,2017-03-01,9.2
203,Geelong,2017-04-01,8.5
203,Geelong,2017-05-01,7.9
203,Geelong,2017-06-01,7.6
203,Geelong,2017-07-01,8.4
203,Geelong,2017-08-01,8.5
203,Geelong,2017-09-01,8.2
203,Geelong,2017-10-01,8.0
203,Geelong,2017-11-01,7.8
203,Geelong,2017-12-01,8.6
203,Geelong,2018-01-01,8.9
203,Geelong,2018-02-01,9.3
203,Geelong,2018-03-01,8.1
203,Geelong,2018-04-01,8.0
203,Geelong,2018-05-01,7.0
203,Geelong,2018-06-01,7.6
203,Geelong,2018-07-01,7.3
203,Geelong,2018-08-01,7.1
203,Geelong,2018-09-01,6.7
203,Geelong,2018-10-01,6.3
203,Geelong,2018-11-01,6.5
203,Geelong,2018-12-01,6.2
203,Geelong,2019-01-01,6.9
203,Geelong,2019-02-01,7.2
203,Geelong,2019-03-01,6.5
203,Geelong,2019-04-01,6.5
203,Geelong,2019-05-01,6.0
203,Geelong,2019-06-01,5.7
203,Geelong,2019-07-01,6.1
203,Geelong,2019-08-01,5.8
203,Geelong,2019-09-01,5.8
203,Geelong,2019-10-01,5.9
203,Geelong,2019-11-01,6.0
203,Geelong,2019-12-01,5.6
203,Geelong,2020-01-01,7.2
203,Geelong,2020-02-01,6.5
203,Geelong,2020-03-01,6.7
203,Geelong,2020-04-01,6.9
203,Geelong,2020-05-01,9.0
203,Geelong,2020-06-01,9.1
203,Geelong,2020-07-01,8.6
203,Geelong,2020-08-01,9.1
203,Geelong,2020-09-01,8.7
203,Geelong,2020-10-01,8.8
203,Geelong,2020-11-01,8.5
203,Geelong,2020-12-01,8.2
203,Geelong,2021-01-01,8.9
203,Geelong,2021-02-01,8.4
203,Geelong,2021-03-01,8.2
203,Geelong,2021-04-01,7.1
203,Geelong,2021-05-01,6.4
203,Geelong,2021-06-01,6.0
203,Geelong,2021-07-01,6.0
203,Geelong,2021-08-01,5.4
203,Geelong,2021-09-01,6.0
203,Geelong,2021-10-01,6.2
203,Geelong,2021-11-01,5.3
203,Geelong,2021-12-01,5.4
203,Geelong,2022-01-01,5.6
203,Geelong,2022-02-01,5.9
203,Geelong,2022-03-01,5.8
203,Geelong,2022-04-01,5.7
203,Geelong,2022-05-01,4.9
203,Geelong,2022-06-01,4.6
203,Geelong,2022-07-01,4.5
203,Geelong,2022-08-01,4.9
203,Geelong,2022-09-01,4.6
203,Geelong,2022-10-01,4.9
203,Geelong,2022-11-01,4.6
203,Geelong,2022-12-01,4.3
203,Geelong,2023-01-01,6.2
203,Geelong,2023-02-01,5.4
203,Geelong,2023-03-01,5.3
203,Geelong,2023-04-01,5.9
203,Geelong,2023-05-01,4.9
203,Geelong,2023-06-01,4.8
203,Geelong,2023-07-01,4.8
203,Geelong,2023-08-01,5.1
203,Geelong,2023-09-01,5.0
203,Geelong,2023-10-01,4.9
203,Geelong,2023-11-01,5.3
203,Geelong,2023-12-01,5.4
203,Geelong,2024-01-01,6.0
203,Geelong,2024-02-01,6.1
203,Geelong,2024-03-01,6.1
203,Geelong,2024-04-01,6.3
203,Geelong,2024-05-01,6.3
203,Geelong,2024-06-01,5.9
203,Geelong,2024-07-01,6.2
203,Geelong,2024-08-01,6.2
203,Geelong,2024-09-01,6.3
203,Geelong,2024-10-01,6.2
203,Geelong,2024-11-01,6.0
203,Geelong,2024-12-01,6.3
203,Geelong,2025-01-01,7.1
203,Geelong,2025-02-01,7.3
203,Geelong,2025-03-01,7.0
203,Geelong,2025-04-01,6.5
203,Geelong,2025-05-01,6.6
203,Geelong,2025-06-01,5.7
203,Geelong,2025-07-01,6.5
203,Geelong,2025-08-01,6.1
203,Geelong,2025-09-01,6.8
203,Geelong,2025-10-01,6.8
203,Geelong,2025-11-01,6.8
203,Geelong,2025-12-01,6.4
203,Geelong,2026-01-01,6.7
203,Geelong,2026-02-01,7.6
203,Geelong,2026-03-01,7.3
204,Hume,2012-01-01,4.2
204,Hume,2012-02-01,4.6
204,Hume,2012-03-01,4.6
204,Hume,2012-04-01,4.2
204,Hume,2012-05-01,4.3
204,Hume,2012-06-01,4.2
204,Hume,2012-07-01,4.3
204,Hume,2012-08-01,4.6
204,Hume,2012-09-01,4.5
204,Hume,2012-10-01,4.4
204,Hume,2012-11-01,4.2
204,Hume,2012-12-01,4.5
204,Hume,2013-01-01,4.8
204,Hume,2013-02-01,4.9
204,Hume,2013-03-01,4.7
204,Hume,2013-04-01,4.4
204,Hume,2013-05-01,3.9
204,Hume,2013-06-01,4.2
204,Hume,2013-07-01,3.9
204,Hume,2013-08-01,4.0
204,Hume,2013-09-01,4.1
204,Hume,2013-10-01,4.0
204,Hume,2013-11-01,3.9
204,Hume,2013-12-01,4.1
204,Hume,2014-01-01,4.6
204,Hume,2014-02-01,4.8
204,Hume,2014-03-01,4.7
204,Hume,2014-04-01,4.8
204,Hume,2014-05-01,4.4
204,Hume,2014-06-01,4.6
204,Hume,2014-07-01,4.9
204,Hume,2014-08-01,4.9
204,Hume,2014-09-01,5.0
204,Hume,2014-10-01,4.8
204,Hume,2014-11-01,4.6
204,Hume,2014-12-01,4.5
204,Hume,2015-01-01,5.2
204,Hume,2015-02-01,4.8
204,Hume,2015-03-01,4.8
204,Hume,2015-04-01,4.6
204,Hume,2015-05-01,4.5
204,Hume,2015-06-01,4.4
204,Hume,2015-07-01,4.5
204,Hume,2015-08-01,4.4
204,Hume,2015-09-01,4.4
204,Hume,2015-10-01,4.1
204,Hume,2015-11-01,4.2
204,Hume,2015-12-01,4.2
204,Hume,2016-01-01,4.8
204,Hume,2016-02-01,4.7
204,Hume,2016-03-01,4.5
204,Hume,2016-04-01,4.2
204,Hume,2016-05-01,4.1
204,Hume,2016-06-01,4.0
204,Hume,2016-07-01,4.0
204,Hume,2016-08-01,4.2
204,Hume,2016-09-01,4.2
204,Hume,2016-10-01,3.8
204,Hume,2016-11-01,4.0
204,Hume,2016-12-01,4.0
204,Hume,2017-01-01,4.3
204,Hume,2017-02-01,4.2
204,Hume,2017-03-01,4.2
204,Hume,2017-04-01,4.2
204,Hume,2017-05-01,3.9
204,Hume,2017-06-01,3.4
204,Hume,2017-07-01,4.0
204,Hume,2017-08-01,3.9
204,Hume,2017-09-01,4.0
204,Hume,2017-10-01,3.9
204,Hume,2017-11-01,3.7
204,Hume,2017-12-01,4.2
204,Hume,2018-01-01,4.5
204,Hume,2018-02-01,4.3
204,Hume,2018-03-01,4.1
204,Hume,2018-04-01,3.9
204,Hume,2018-05-01,3.7
204,Hume,2018-06-01,3.8
204,Hume,2018-07-01,3.6
204,Hume,2018-08-01,3.6
204,Hume,2018-09-01,3.4
204,Hume,2018-10-01,3.3
204,Hume,2018-11-01,3.4
204,Hume,2018-12-01,3.2
204,Hume,2019-01-01,3.8
204,Hume,2019-02-01,3.7
204,Hume,2019-03-01,3.5
204,Hume,2019-04-01,3.4
204,Hume,2019-05-01,3.2
204,Hume,2019-06-01,3.1
204,Hume,2019-07-01,3.1
204,Hume,2019-08-01,3.3
204,Hume,2019-09-01,3.2
204,Hume,2019-10-01,3.1
204,Hume,2019-11-01,3.1
204,Hume,2019-12-01,3.4
204,Hume,2020-01-01,3.7
204,Hume,2020-02-01,3.7
204,Hume,2020-03-01,3.7
204,Hume,2020-04-01,3.8
204,Hume,2020-05-01,3.9
204,Hume,2020-06-01,4.3
204,Hume,2020-07-01,4.2
204,Hume,2020-08-01,4.4
204,Hume,2020-09-01,4.2
204,Hume,2020-10-01,4.1
204,Hume,2020-11-01,4.1
204,Hume,2020-12-01,3.9
204,Hume,2021-01-01,4.2
204,Hume,2021-02-01,4.2
204,Hume,2021-03-01,3.9
204,Hume,2021-04-01,3.6
204,Hume,2021-05-01,3.2
204,Hume,2021-06-01,2.9
204,Hume,2021-07-01,3.0
204,Hume,2021-08-01,2.8
204,Hume,2021-09-01,2.9
204,Hume,2021-10-01,3.0
204,Hume,2021-11-01,2.8
204,Hume,2021-12-01,2.7
204,Hume,2022-01-01,3.1
204,Hume,2022-02-01,3.0
204,Hume,2022-03-01,2.9
204,Hume,2022-04-01,2.9
204,Hume,2022-05-01,2.5
204,Hume,2022-06-01,2.3
204,Hume,2022-07-01,2.4
204,Hume,2022-08-01,2.6
204,Hume,2022-09-01,2.5
204,Hume,2022-10-01,2.6
204,Hume,2022-11-01,2.7
204,Hume,2022-12-01,2.6
204,Hume,2023-01-01,3.1
204,Hume,2023-02-01,2.9
204,Hume,2023-03-01,2.9
204,Hume,2023-04-01,2.9
204,Hume,2023-05-01,2.5
204,Hume,2023-06-01,2.5
204,Hume,2023-07-01,2.5
204,Hume,2023-08-01,2.6
204,Hume,2023-09-01,2.5
204,Hume,2023-10-01,2.5
204,Hume,2023-11-01,2.6
204,Hume,2023-12-01,2.8
204,Hume,2024-01-01,2.9
204,Hume,2024-02-01,2.8
204,Hume,2024-03-01,3.0
204,Hume,2024-04-01,3.0
204,Hume,2024-05-01,2.8
204,Hume,2024-06-01,2.8
204,Hume,2024-07-01,3.0
204,Hume,2024-08-01,3.0
204,Hume,2024-09-01,2.9
204,Hume,2024-10-01,2.9
204,Hume,2024-11-01,2.7
204,Hume,2024-12-01,3.0
204,Hume,2025-01-01,3.4
204,Hume,2025-02-01,3.4
204,Hume,2025-03-01,3.2
204,Hume,2025-04-01,3.0
204,Hume,2025-05-01,3.0
204,Hume,2025-06-01,3.0
204,Hume,2025-07-01,2.9
204,Hume,2025-08-01,3.0
204,Hume,2025-09-01,3.2
204,Hume,2025-10-01,2.9
204,Hume,2025-11-01,3.1
204,Hume,2025-12-01,3.0
204,Hume,2026-01-01,3.5
204,Hume,2026-02-01,3.6
204,Hume,2026-03-01,3.4
205,Latrobe - Gippsland,2012-01-01,6.9
205,Latrobe - Gippsland,2012-02-01,7.6
205,Latrobe - Gippsland,2012-03-01,7.9
205,Latrobe - Gippsland,2012-04-01,7.1
205,Latrobe - Gippsland,2012-05-01,7.0
205,Latrobe - Gippsland,2012-06-01,7.1
205,Latrobe - Gippsland,2012-07-01,6.9
205,Latrobe - Gippsland,2012-08-01,7.5
205,Latrobe - Gippsland,2012-09-01,7.9
205,Latrobe - Gippsland,2012-10-01,6.8
205,Latrobe - Gippsland,2012-11-01,6.9
205,Latrobe - Gippsland,2012-12-01,7.2
205,Latrobe - Gippsland,2013-01-01,8.2
205,Latrobe - Gippsland,2013-02-01,7.9
205,Latrobe - Gippsland,2013-03-01,7.9
205,Latrobe - Gippsland,2013-04-01,7.2
205,Latrobe - Gippsland,2013-05-01,6.5
205,Latrobe - Gippsland,2013-06-01,7.5
205,Latrobe - Gippsland,2013-07-01,7.0
205,Latrobe - Gippsland,2013-08-01,7.0
205,Latrobe - Gippsland,2013-09-01,7.3
205,Latrobe - Gippsland,2013-10-01,7.2
205,Latrobe - Gippsland,2013-11-01,6.7
205,Latrobe - Gippsland,2013-12-01,7.8
205,Latrobe - Gippsland,2014-01-01,8.5
205,Latrobe - Gippsland,2014-02-01,8.7
205,Latrobe - Gippsland,2014-03-01,8.6
205,Latrobe - Gippsland,2014-04-01,8.4
205,Latrobe - Gippsland,2014-05-01,8.2
205,Latrobe - Gippsland,2014-06-01,8.0
205,Latrobe - Gippsland,2014-07-01,8.8
205,Latrobe - Gippsland,2014-08-01,8.8
205,Latrobe - Gippsland,2014-09-01,8.7
205,Latrobe - Gippsland,2014-10-01,8.8
205,Latrobe - Gippsland,2014-11-01,8.3
205,Latrobe - Gippsland,2014-12-01,8.0
205,Latrobe - Gippsland,2015-01-01,9.0
205,Latrobe - Gippsland,2015-02-01,8.1
205,Latrobe - Gippsland,2015-03-01,8.9
205,Latrobe - Gippsland,2015-04-01,8.0
205,Latrobe - Gippsland,2015-05-01,7.7
205,Latrobe - Gippsland,2015-06-01,7.6
205,Latrobe - Gippsland,2015-07-01,8.4
205,Latrobe - Gippsland,2015-08-01,9.0
205,Latrobe - Gippsland,2015-09-01,8.8
205,Latrobe - Gippsland,2015-10-01,7.7
205,Latrobe - Gippsland,2015-11-01,8.5
205,Latrobe - Gippsland,2015-12-01,8.1
205,Latrobe - Gippsland,2016-01-01,9.6
205,Latrobe - Gippsland,2016-02-01,9.3
205,Latrobe - Gippsland,2016-03-01,8.8
205,Latrobe - Gippsland,2016-04-01,8.5
205,Latrobe - Gippsland,2016-05-01,8.4
205,Latrobe - Gippsland,2016-06-01,8.3
205,Latrobe - Gippsland,2016-07-01,8.6
205,Latrobe - Gippsland,2016-08-01,8.3
205,Latrobe - Gippsland,2016-09-01,8.4
205,Latrobe - Gippsland,2016-10-01,7.9
205,Latrobe - Gippsland,2016-11-01,8.0
205,Latrobe - Gippsland,2016-12-01,8.1
205,Latrobe - Gippsland,2017-01-01,8.6
205,Latrobe - Gippsland,2017-02-01,9.0
205,Latrobe - Gippsland,2017-03-01,8.7
205,Latrobe - Gippsland,2017-04-01,8.5
205,Latrobe - Gippsland,2017-05-01,8.1
205,Latrobe - Gippsland,2017-06-01,7.8
205,Latrobe - Gippsland,2017-07-01,8.1
205,Latrobe - Gippsland,2017-08-01,8.7
205,Latrobe - Gippsland,2017-09-01,8.4
205,Latrobe - Gippsland,2017-10-01,7.9
205,Latrobe - Gippsland,2017-11-01,7.8
205,Latrobe - Gippsland,2017-12-01,8.8
205,Latrobe - Gippsland,2018-01-01,8.8
205,Latrobe - Gippsland,2018-02-01,8.7
205,Latrobe - Gippsland,2018-03-01,8.5
205,Latrobe - Gippsland,2018-04-01,7.9
205,Latrobe - Gippsland,2018-05-01,7.5
205,Latrobe - Gippsland,2018-06-01,7.9
205,Latrobe - Gippsland,2018-07-01,7.1
205,Latrobe - Gippsland,2018-08-01,7.2
205,Latrobe - Gippsland,2018-09-01,7.0
205,Latrobe - Gippsland,2018-10-01,6.6
205,Latrobe - Gippsland,2018-11-01,6.2
205,Latrobe - Gippsland,2018-12-01,6.3
205,Latrobe - Gippsland,2019-01-01,7.4
205,Latrobe - Gippsland,2019-02-01,7.3
205,Latrobe - Gippsland,2019-03-01,6.9
205,Latrobe - Gippsland,2019-04-01,6.2
205,Latrobe - Gippsland,2019-05-01,5.9
205,Latrobe - Gippsland,2019-06-01,6.0
205,Latrobe - Gippsland,2019-07-01,6.0
205,Latrobe - Gippsland,2019-08-01,6.4
205,Latrobe - Gippsland,2019-09-01,6.4
205,Latrobe - Gippsland,2019-10-01,6.0
205,Latrobe - Gippsland,2019-11-01,5.7
205,Latrobe - Gippsland,2019-12-01,6.4
205,Latrobe - Gippsland,2020-01-01,7.3
205,Latrobe - Gippsland,2020-02-01,7.0
205,Latrobe - Gippsland,2020-03-01,7.0
205,Latrobe - Gippsland,2020-04-01,7.1
205,Latrobe - Gippsland,2020-05-01,7.6
205,Latrobe - Gippsland,2020-06-01,8.2
205,Latrobe - Gippsland,2020-07-01,7.6
205,Latrobe - Gippsland,2020-08-01,8.2
205,Latrobe - Gippsland,2020-09-01,7.6
205,Latrobe - Gippsland,2020-10-01,7.7
205,Latrobe - Gippsland,2020-11-01,7.9
205,Latrobe - Gippsland,2020-12-01,7.8
205,Latrobe - Gippsland,2021-01-01,8.1
205,Latrobe - Gippsland,2021-02-01,7.6
205,Latrobe - Gippsland,2021-03-01,7.8
205,Latrobe - Gippsland,2021-04-01,7.0
205,Latrobe - Gippsland,2021-05-01,6.2
205,Latrobe - Gippsland,2021-06-01,5.7
205,Latrobe - Gippsland,2021-07-01,5.9
205,Latrobe - Gippsland,2021-08-01,5.4
205,Latrobe - Gippsland,2021-09-01,5.9
205,Latrobe - Gippsland,2021-10-01,6.1
205,Latrobe - Gippsland,2021-11-01,5.6
205,Latrobe - Gippsland,2021-12-01,5.3
205,Latrobe - Gippsland,2022-01-01,6.0
205,Latrobe - Gippsland,2022-02-01,6.1
205,Latrobe - Gippsland,2022-03-01,6.0
205,Latrobe - Gippsland,2022-04-01,5.9
205,Latrobe - Gippsland,2022-05-01,5.3
205,Latrobe - Gippsland,2022-06-01,4.8
205,Latrobe - Gippsland,2022-07-01,4.5
205,Latrobe - Gippsland,2022-08-01,5.4
205,Latrobe - Gippsland,2022-09-01,5.1
205,Latrobe - Gippsland,2022-10-01,5.1
205,Latrobe - Gippsland,2022-11-01,5.0
205,Latrobe - Gippsland,2022-12-01,4.8
205,Latrobe - Gippsland,2023-01-01,6.3
205,Latrobe - Gippsland,2023-02-01,5.9
205,Latrobe - Gippsland,2023-03-01,5.7
205,Latrobe - Gippsland,2023-04-01,5.9
205,Latrobe - Gippsland,2023-05-01,5.5
205,Latrobe - Gippsland,2023-06-01,5.1
205,Latrobe - Gippsland,2023-07-01,4.8
205,Latrobe - Gippsland,2023-08-01,5.5
205,Latrobe - Gippsland,2023-09-01,5.1
205,Latrobe - Gippsland,2023-10-01,5.2
205,Latrobe - Gippsland,2023-11-01,5.7
205,Latrobe - Gippsland,2023-12-01,5.8
205,Latrobe - Gippsland,2024-01-01,6.1
205,Latrobe - Gippsland,2024-02-01,6.2
205,Latrobe - Gippsland,2024-03-01,6.5
205,Latrobe - Gippsland,2024-04-01,6.3
205,Latrobe - Gippsland,2024-05-01,6.2
205,Latrobe - Gippsland,2024-06-01,5.8
205,Latrobe - Gippsland,2024-07-01,6.0
205,Latrobe - Gippsland,2024-08-01,6.4
205,Latrobe - Gippsland,2024-09-01,6.1
205,Latrobe - Gippsland,2024-10-01,6.1
205,Latrobe - Gippsland,2024-11-01,5.4
205,Latrobe - Gippsland,2024-12-01,6.2
205,Latrobe - Gippsland,2025-01-01,7.1
205,Latrobe - Gippsland,2025-02-01,7.0
205,Latrobe - Gippsland,2025-03-01,6.3
205,Latrobe - Gippsland,2025-04-01,6.2
205,Latrobe - Gippsland,2025-05-01,5.9
205,Latrobe - Gippsland,2025-06-01,6.0
205,Latrobe - Gippsland,2025-07-01,6.2
205,Latrobe - Gippsland,2025-08-01,5.9
205,Latrobe - Gippsland,2025-09-01,6.4
205,Latrobe - Gippsland,2025-10-01,6.2
205,Latrobe - Gippsland,2025-11-01,6.0
205,Latrobe - Gippsland,2025-12-01,6.1
205,Latrobe - Gippsland,2026-01-01,6.4
205,Latrobe - Gippsland,2026-02-01,6.7
205,Latrobe - Gippsland,2026-03-01,6.8
206,Melbourne - Inner,2012-01-01,19.3
206,Melbourne - Inner,2012-02-01,22.1
206,Melbourne - Inner,2012-03-01,22.6
206,Melbourne - Inner,2012-04-01,18.7
206,Melbourne - Inner,2012-05-01,20.1
206,Melbourne - Inner,2012-06-01,18.5
206,Melbourne - Inner,2012-07-01,17.1
206,Melbourne - Inner,2012-08-01,19.1
206,Melbourne - Inner,2012-09-01,19.8
206,Melbourne - Inner,2012-10-01,16.7
206,Melbourne - Inner,2012-11-01,17.1
206,Melbourne - Inner,2012-12-01,19.3
206,Melbourne - Inner,2013-01-01,23.4
206,Melbourne - Inner,2013-02-01,23.1
206,Melbourne - Inner,2013-03-01,21.0
206,Melbourne - Inner,2013-04-01,22.3
206,Melbourne - Inner,2013-05-01,19.7
206,Melbourne - Inner,2013-06-01,19.9
206,Melbourne - Inner,2013-07-01,18.7
206,Melbourne - Inner,2013-08-01,19.9
206,Melbourne - Inner,2013-09-01,20.8
206,Melbourne - Inner,2013-10-01,21.0
206,Melbourne - Inner,2013-11-01,20.2
206,Melbourne - Inner,2013-12-01,20.8
206,Melbourne - Inner,2014-01-01,26.4
206,Melbourne - Inner,2014-02-01,27.7
206,Melbourne - Inner,2014-03-01,25.5
206,Melbourne - Inner,2014-04-01,23.6
206,Melbourne - Inner,2014-05-01,21.7
206,Melbourne - Inner,2014-06-01,21.7
206,Melbourne - Inner,2014-07-01,23.4
206,Melbourne - Inner,2014-08-01,23.6
206,Melbourne - Inner,2014-09-01,24.6
206,Melbourne - Inner,2014-10-01,24.4
206,Melbourne - Inner,2014-11-01,23.3
206,Melbourne - Inner,2014-12-01,23.3
206,Melbourne - Inner,2015-01-01,27.2
206,Melbourne - Inner,2015-02-01,24.7
206,Melbourne - Inner,2015-03-01,26.9
206,Melbourne - Inner,2015-04-01,23.7
206,Melbourne - Inner,2015-05-01,22.6
206,Melbourne - Inner,2015-06-01,22.4
206,Melbourne - Inner,2015-07-01,23.0
206,Melbourne - Inner,2015-08-01,20.7
206,Melbourne - Inner,2015-09-01,23.7
206,Melbourne - Inner,2015-10-01,18.2
206,Melbourne - Inner,2015-11-01,22.1
206,Melbourne - Inner,2015-12-01,22.0
206,Melbourne - Inner,2016-01-01,26.0
206,Melbourne - Inner,2016-02-01,23.8
206,Melbourne - Inner,2016-03-01,23.1
206,Melbourne - Inner,2016-04-01,21.1
206,Melbourne - Inner,2016-05-01,22.3
206,Melbourne - Inner,2016-06-01,20.2
206,Melbourne - Inner,2016-07-01,21.0
206,Melbourne - Inner,2016-08-01,20.6
206,Melbourne - Inner,2016-09-01,22.1
206,Melbourne - Inner,2016-10-01,21.0
206,Melbourne - Inner,2016-11-01,22.7
206,Melbourne - Inner,2016-12-01,23.9
206,Melbourne - Inner,2017-01-01,25.3
206,Melbourne - Inner,2017-02-01,25.3
206,Melbourne - Inner,2017-03-01,26.1
206,Melbourne - Inner,2017-04-01,25.8
206,Melbourne - Inner,2017-05-01,23.4
206,Melbourne - Inner,2017-06-01,22.9
206,Melbourne - Inner,2017-07-01,24.0
206,Melbourne - Inner,2017-08-01,24.3
206,Melbourne - Inner,2017-09-01,22.1
206,Melbourne - Inner,2017-10-01,21.5
206,Melbourne - Inner,2017-11-01,19.7
206,Melbourne - Inner,2017-12-01,24.0
206,Melbourne - Inner,2018-01-01,22.8
206,Melbourne - Inner,2018-02-01,23.8
206,Melbourne - Inner,2018-03-01,22.1
206,Melbourne - Inner,2018-04-01,20.6
206,Melbourne - Inner,2018-05-01,19.9
206,Melbourne - Inner,2018-06-01,19.8
206,Melbourne - Inner,2018-07-01,18.7
206,Melbourne - Inner,2018-08-01,19.3
206,Melbourne - Inner,2018-09-01,16.8
206,Melbourne - Inner,2018-10-01,15.3
206,Melbourne - Inner,2018-11-01,16.7
206,Melbourne - Inner,2018-12-01,15.2
206,Melbourne - Inner,2019-01-01,19.3
206,Melbourne - Inner,2019-02-01,20.6
206,Melbourne - Inner,2019-03-01,20.6
206,Melbourne - Inner,2019-04-01,19.9
206,Melbourne - Inner,2019-05-01,17.4
206,Melbourne - Inner,2019-06-01,18.1
206,Melbourne - Inner,2019-07-01,18.3
206,Melbourne - Inner,2019-08-01,20.2
206,Melbourne - Inner,2019-09-01,17.9
206,Melbourne - Inner,2019-10-01,18.0
206,Melbourne - Inner,2019-11-01,17.5
206,Melbourne - Inner,2019-12-01,19.0
206,Melbourne - Inner,2020-01-01,24.5
206,Melbourne - Inner,2020-02-01,23.4
206,Melbourne - Inner,2020-03-01,22.7
206,Melbourne - Inner,2020-04-01,26.9
206,Melbourne - Inner,2020-05-01,28.0
206,Melbourne - Inner,2020-06-01,32.3
206,Melbourne - Inner,2020-07-01,30.5
206,Melbourne - Inner,2020-08-01,30.0
206,Melbourne - Inner,2020-09-01,26.1
206,Melbourne - Inner,2020-10-01,30.7
206,Melbourne - Inner,2020-11-01,29.0
206,Melbourne - Inner,2020-12-01,27.0
206,Melbourne - Inner,2021-01-01,29.9
206,Melbourne - Inner,2021-02-01,27.3
206,Melbourne - Inner,2021-03-01,27.2
206,Melbourne - Inner,2021-04-01,22.9
206,Melbourne - Inner,2021-05-01,21.0
206,Melbourne - Inner,2021-06-01,18.5
206,Melbourne - Inner,2021-07-01,18.0
206,Melbourne - Inner,2021-08-01,17.4
206,Melbourne - Inner,2021-09-01,19.9
206,Melbourne - Inner,2021-10-01,22.4
206,Melbourne - Inner,2021-11-01,20.0
206,Melbourne - Inner,2021-12-01,18.4
206,Melbourne - Inner,2022-01-01,19.7
206,Melbourne - Inner,2022-02-01,19.9
206,Melbourne - Inner,2022-03-01,19.1
206,Melbourne - Inner,2022-04-01,19.9
206,Melbourne - Inner,2022-05-01,15.7
206,Melbourne - Inner,2022-06-01,13.4
206,Melbourne - Inner,2022-07-01,11.8
206,Melbourne - Inner,2022-08-01,16.5
206,Melbourne - Inner,2022-09-01,14.9
206,Melbourne - Inner,2022-10-01,14.5
206,Melbourne - Inner,2022-11-01,14.7
206,Melbourne - Inner,2022-12-01,15.8
206,Melbourne - Inner,2023-01-01,21.2
206,Melbourne - Inner,2023-02-01,17.6
206,Melbourne - Inner,2023-03-01,17.7
206,Melbourne - Inner,2023-04-01,18.2
206,Melbourne - Inner,2023-05-01,16.8
206,Melbourne - Inner,2023-06-01,15.5
206,Melbourne - Inner,2023-07-01,16.3
206,Melbourne - Inner,2023-08-01,15.2
206,Melbourne - Inner,2023-09-01,14.7
206,Melbourne - Inner,2023-10-01,17.5
206,Melbourne - Inner,2023-11-01,16.3
206,Melbourne - Inner,2023-12-01,19.6
206,Melbourne - Inner,2024-01-01,20.6
206,Melbourne - Inner,2024-02-01,20.6
206,Melbourne - Inner,2024-03-01,20.5
206,Melbourne - Inner,2024-04-01,22.1
206,Melbourne - Inner,2024-05-01,20.1
206,Melbourne - Inner,2024-06-01,20.7
206,Melbourne - Inner,2024-07-01,21.2
206,Melbourne - Inner,2024-08-01,21.9
206,Melbourne - Inner,2024-09-01,20.9
206,Melbourne - Inner,2024-10-01,20.3
206,Melbourne - Inner,2024-11-01,18.9
206,Melbourne - Inner,2024-12-01,22.0
206,Melbourne - Inner,2025-01-01,25.7
206,Melbourne - Inner,2025-02-01,25.4
206,Melbourne - Inner,2025-03-01,22.8
206,Melbourne - Inner,2025-04-01,21.7
206,Melbourne - Inner,2025-05-01,21.1
206,Melbourne - Inner,2025-06-01,22.2
206,Melbourne - Inner,2025-07-01,22.2
206,Melbourne - Inner,2025-08-01,21.2
206,Melbourne - Inner,2025-09-01,22.5
206,Melbourne - Inner,2025-10-01,21.8
206,Melbourne - Inner,2025-11-01,23.2
206,Melbourne - Inner,2025-12-01,23.2
206,Melbourne - Inner,2026-01-01,22.6
206,Melbourne - Inner,2026-02-01,25.1
206,Melbourne - Inner,2026-03-01,25.7
207,Melbourne - Inner East,2012-01-01,10.2
207,Melbourne - Inner East,2012-02-01,11.1
207,Melbourne - Inner East,2012-03-01,11.8
207,Melbourne - Inner East,2012-04-01,10.6
207,Melbourne - Inner East,2012-05-01,10.4
207,Melbourne - Inner East,2012-06-01,9.3
207,Melbourne - Inner East,2012-07-01,9.8
207,Melbourne - Inner East,2012-08-01,10.8
207,Melbourne - Inner East,2012-09-01,10.1
207,Melbourne - Inner East,2012-10-01,9.5
207,Melbourne - Inner East,2012-11-01,9.6
207,Melbourne - Inner East,2012-12-01,10.8
207,Melbourne - Inner East,2013-01-01,12.5
207,Melbourne - Inner East,2013-02-01,12.0
207,Melbourne - Inner East,2013-03-01,12.4
207,Melbourne - Inner East,2013-04-01,11.4
207,Melbourne - Inner East,2013-05-01,10.0
207,Melbourne - Inner East,2013-06-01,10.7
207,Melbourne - Inner East,2013-07-01,10.1
207,Melbourne - Inner East,2013-08-01,10.1
207,Melbourne - Inner East,2013-09-01,11.0
207,Melbourne - Inner East,2013-10-01,10.9
207,Melbourne - Inner East,2013-11-01,11.1
207,Melbourne - Inner East,2013-12-01,11.4
207,Melbourne - Inner East,2014-01-01,12.5
207,Melbourne - Inner East,2014-02-01,14.0
207,Melbourne - Inner East,2014-03-01,13.1
207,Melbourne - Inner East,2014-04-01,11.8
207,Melbourne - Inner East,2014-05-01,11.5
207,Melbourne - Inner East,2014-06-01,11.2
207,Melbourne - Inner East,2014-07-01,11.7
207,Melbourne - Inner East,2014-08-01,11.9
207,Melbourne - Inner East,2014-09-01,12.3
207,Melbourne - Inner East,2014-10-01,12.3
207,Melbourne - Inner East,2014-11-01,11.1
207,Melbourne - Inner East,2014-12-01,11.6
207,Melbourne - Inner East,2015-01-01,13.4
207,Melbourne - Inner East,2015-02-01,12.3
207,Melbourne - Inner East,2015-03-01,12.9
207,Melbourne - Inner East,2015-04-01,11.5
207,Melbourne - Inner East,2015-05-01,10.6
207,Melbourne - Inner East,2015-06-01,10.5
207,Melbourne - Inner East,2015-07-01,11.0
207,Melbourne - Inner East,2015-08-01,10.5
207,Melbourne - Inner East,2015-09-01,10.2
207,Melbourne - Inner East,2015-10-01,8.8
207,Melbourne - Inner East,2015-11-01,10.1
207,Melbourne - Inner East,2015-12-01,9.8
207,Melbourne - Inner East,2016-01-01,11.6
207,Melbourne - Inner East,2016-02-01,11.4
207,Melbourne - Inner East,2016-03-01,10.7
207,Melbourne - Inner East,2016-04-01,10.1
207,Melbourne - Inner East,2016-05-01,9.5
207,Melbourne - Inner East,2016-06-01,9.2
207,Melbourne - Inner East,2016-07-01,9.7
207,Melbourne - Inner East,2016-08-01,9.6
207,Melbourne - Inner East,2016-09-01,9.3
207,Melbourne - Inner East,2016-10-01,9.9
207,Melbourne - Inner East,2016-11-01,10.3
207,Melbourne - Inner East,2016-12-01,10.0
207,Melbourne - Inner East,2017-01-01,11.2
207,Melbourne - Inner East,2017-02-01,11.8
207,Melbourne - Inner East,2017-03-01,11.3
207,Melbourne - Inner East,2017-04-01,11.2
207,Melbourne - Inner East,2017-05-01,10.4
207,Melbourne - Inner East,2017-06-01,9.8
207,Melbourne - Inner East,2017-07-01,10.2
207,Melbourne - Inner East,2017-08-01,10.6
207,Melbourne - Inner East,2017-09-01,10.3
207,Melbourne - Inner East,2017-10-01,9.2
207,Melbourne - Inner East,2017-11-01,9.3
207,Melbourne - Inner East,2017-12-01,10.5
207,Melbourne - Inner East,2018-01-01,10.7
207,Melbourne - Inner East,2018-02-01,10.5
207,Melbourne - Inner East,2018-03-01,9.9
207,Melbourne - Inner East,2018-04-01,9.1
207,Melbourne - Inner East,2018-05-01,8.7
207,Melbourne - Inner East,2018-06-01,9.2
207,Melbourne - Inner East,2018-07-01,8.5
207,Melbourne - Inner East,2018-08-01,8.3
207,Melbourne - Inner East,2018-09-01,8.0
207,Melbourne - Inner East,2018-10-01,7.3
207,Melbourne - Inner East,2018-11-01,7.5
207,Melbourne - Inner East,2018-12-01,7.5
207,Melbourne - Inner East,2019-01-01,9.2
207,Melbourne - Inner East,2019-02-01,9.6
207,Melbourne - Inner East,2019-03-01,8.7
207,Melbourne - Inner East,2019-04-01,9.1
207,Melbourne - Inner East,2019-05-01,8.5
207,Melbourne - Inner East,2019-06-01,8.6
207,Melbourne - Inner East,2019-07-01,8.4
207,Melbourne - Inner East,2019-08-01,8.8
207,Melbourne - Inner East,2019-09-01,8.5
207,Melbourne - Inner East,2019-10-01,7.9
207,Melbourne - Inner East,2019-11-01,7.8
207,Melbourne - Inner East,2019-12-01,9.0
207,Melbourne - Inner East,2020-01-01,10.8
207,Melbourne - Inner East,2020-02-01,10.6
207,Melbourne - Inner East,2020-03-01,10.2
207,Melbourne - Inner East,2020-04-01,12.2
207,Melbourne - Inner East,2020-05-01,14.9
207,Melbourne - Inner East,2020-06-01,14.7
207,Melbourne - Inner East,2020-07-01,14.8
207,Melbourne - Inner East,2020-08-01,14.6
207,Melbourne - Inner East,2020-09-01,13.5
207,Melbourne - Inner East,2020-10-01,14.7
207,Melbourne - Inner East,2020-11-01,14.4
207,Melbourne - Inner East,2020-12-01,13.6
207,Melbourne - Inner East,2021-01-01,14.7
207,Melbourne - Inner East,2021-02-01,13.4
207,Melbourne - Inner East,2021-03-01,13.4
207,Melbourne - Inner East,2021-04-01,11.5
207,Melbourne - Inner East,2021-05-01,9.5
207,Melbourne - Inner East,2021-06-01,8.8
207,Melbourne - Inner East,2021-07-01,9.0
207,Melbourne - Inner East,2021-08-01,8.0
207,Melbourne - Inner East,2021-09-01,9.2
207,Melbourne - Inner East,2021-10-01,10.5
207,Melbourne - Inner East,2021-11-01,9.1
207,Melbourne - Inner East,2021-12-01,8.6
207,Melbourne - Inner East,2022-01-01,8.9
207,Melbourne - Inner East,2022-02-01,9.3
207,Melbourne - Inner East,2022-03-01,8.6
207,Melbourne - Inner East,2022-04-01,8.0
207,Melbourne - Inner East,2022-05-01,7.4
207,Melbourne - Inner East,2022-06-01,5.8
207,Melbourne - Inner East,2022-07-01,6.1
207,Melbourne - Inner East,2022-08-01,7.0
207,Melbourne - Inner East,2022-09-01,7.0
207,Melbourne - Inner East,2022-10-01,6.4
207,Melbourne - Inner East,2022-11-01,6.2
207,Melbourne - Inner East,2022-12-01,6.7
207,Melbourne - Inner East,2023-01-01,8.3
207,Melbourne - Inner East,2023-02-01,8.0
207,Melbourne - Inner East,2023-03-01,7.3
207,Melbourne - Inner East,2023-04-01,7.7
207,Melbourne - Inner East,2023-05-01,7.1
207,Melbourne - Inner East,2023-06-01,6.8
207,Melbourne - Inner East,2023-07-01,6.6
207,Melbourne - Inner East,2023-08-01,6.7
207,Melbourne - Inner East,2023-09-01,6.8
207,Melbourne - Inner East,2023-10-01,7.3
207,Melbourne - Inner East,2023-11-01,7.7
207,Melbourne - Inner East,2023-12-01,7.6
207,Melbourne - Inner East,2024-01-01,8.3
207,Melbourne - Inner East,2024-02-01,8.5
207,Melbourne - Inner East,2024-03-01,8.7
207,Melbourne - Inner East,2024-04-01,9.0
207,Melbourne - Inner East,2024-05-01,9.0
207,Melbourne - Inner East,2024-06-01,8.0
207,Melbourne - Inner East,2024-07-01,8.7
207,Melbourne - Inner East,2024-08-01,8.9
207,Melbourne - Inner East,2024-09-01,8.6
207,Melbourne - Inner East,2024-10-01,8.6
207,Melbourne - Inner East,2024-11-01,8.2
207,Melbourne - Inner East,2024-12-01,8.7
207,Melbourne - Inner East,2025-01-01,10.5
207,Melbourne - Inner East,2025-02-01,10.2
207,Melbourne - Inner East,2025-03-01,9.6
207,Melbourne - Inner East,2025-04-01,9.0
207,Melbourne - Inner East,2025-05-01,8.8
207,Melbourne - Inner East,2025-06-01,9.2
207,Melbourne - Inner East,2025-07-01,8.5
207,Melbourne - Inner East,2025-08-01,8.5
207,Melbourne - Inner East,2025-09-01,9.4
207,Melbourne - Inner East,2025-10-01,8.8
207,Melbourne - Inner East,2025-11-01,9.3
207,Melbourne - Inner East,2025-12-01,9.0
207,Melbourne - Inner East,2026-01-01,9.7
207,Melbourne - Inner East,2026-02-01,10.4
207,Melbourne - Inner East,2026-03-01,10.3
208,Melbourne - Inner South,2012-01-01,9.3
208,Melbourne - Inner South,2012-02-01,11.0
208,Melbourne - Inner South,2012-03-01,9.7
208,Melbourne - Inner South,2012-04-01,9.4
208,Melbourne - Inner South,2012-05-01,9.1
208,Melbourne - Inner South,2012-06-01,8.5
208,Melbourne - Inner South,2012-07-01,8.2
208,Melbourne - Inner South,2012-08-01,9.4
208,Melbourne - Inner South,2012-09-01,9.2
208,Melbourne - Inner South,2012-10-01,8.4
208,Melbourne - Inner South,2012-11-01,8.0
208,Melbourne - Inner South,2012-12-01,9.1
208,Melbourne - Inner South,2013-01-01,11.1
208,Melbourne - Inner South,2013-02-01,10.3
208,Melbourne - Inner South,2013-03-01,10.4
208,Melbourne - Inner South,2013-04-01,10.4
208,Melbourne - Inner South,2013-05-01,8.9
208,Melbourne - Inner South,2013-06-01,9.6
208,Melbourne - Inner South,2013-07-01,9.7
208,Melbourne - Inner South,2013-08-01,9.8
208,Melbourne - Inner South,2013-09-01,10.2
208,Melbourne - Inner South,2013-10-01,9.9
208,Melbourne - Inner South,2013-11-01,10.0
208,Melbourne - Inner South,2013-12-01,10.5
208,Melbourne - Inner South,2014-01-01,12.2
208,Melbourne - Inner South,2014-02-01,12.8
208,Melbourne - Inner South,2014-03-01,12.0
208,Melbourne - Inner South,2014-04-01,11.3
208,Melbourne - Inner South,2014-05-01,10.4
208,Melbourne - Inner South,2014-06-01,10.7
208,Melbourne - Inner South,2014-07-01,11.2
208,Melbourne - Inner South,2014-08-01,11.5
208,Melbourne - Inner South,2014-09-01,11.5
208,Melbourne - Inner South,2014-10-01,11.5
208,Melbourne - Inner South,2014-11-01,11.2
208,Melbourne - Inner South,2014-12-01,10.8
208,Melbourne - Inner South,2015-01-01,12.7
208,Melbourne - Inner South,2015-02-01,11.3
208,Melbourne - Inner South,2015-03-01,11.2
208,Melbourne - Inner South,2015-04-01,10.8
208,Melbourne - Inner South,2015-05-01,10.4
208,Melbourne - Inner South,2015-06-01,9.9
208,Melbourne - Inner South,2015-07-01,9.8
208,Melbourne - Inner South,2015-08-01,9.9
208,Melbourne - Inner South,2015-09-01,10.0
208,Melbourne - Inner South,2015-10-01,9.3
208,Melbourne - Inner South,2015-11-01,9.4
208,Melbourne - Inner South,2015-12-01,9.9
208,Melbourne - Inner South,2016-01-01,11.4
208,Melbourne - Inner South,2016-02-01,11.4
208,Melbourne - Inner South,2016-03-01,10.3
208,Melbourne - Inner South,2016-04-01,9.7
208,Melbourne - Inner South,2016-05-01,10.1
208,Melbourne - Inner South,2016-06-01,9.3
208,Melbourne - Inner South,2016-07-01,9.8
208,Melbourne - Inner South,2016-08-01,10.1
208,Melbourne - Inner South,2016-09-01,10.0
208,Melbourne - Inner South,2016-10-01,9.8
208,Melbourne - Inner South,2016-11-01,9.5
208,Melbourne - Inner South,2016-12-01,10.9
208,Melbourne - Inner South,2017-01-01,11.5
208,Melbourne - Inner South,2017-02-01,11.6
208,Melbourne - Inner South,2017-03-01,11.3
208,Melbourne - Inner South,2017-04-01,11.3
208,Melbourne - Inner South,2017-05-01,11.0
208,Melbourne - Inner South,2017-06-01,10.5
208,Melbourne - Inner South,2017-07-01,11.1
208,Melbourne - Inner South,2017-08-01,11.7
208,Melbourne - Inner South,2017-09-01,10.7
208,Melbourne - Inner South,2017-10-01,9.9
208,Melbourne - Inner South,2017-11-01,9.8
208,Melbourne - Inner South,2017-12-01,11.3
208,Melbourne - Inner South,2018-01-01,11.2
208,Melbourne - Inner South,2018-02-01,10.8
208,Melbourne - Inner South,2018-03-01,10.2
208,Melbourne - Inner South,2018-04-01,10.2
208,Melbourne - Inner South,2018-05-01,9.4
208,Melbourne - Inner South,2018-06-01,9.4
208,Melbourne - Inner South,2018-07-01,8.9
208,Melbourne - Inner South,2018-08-01,9.3
208,Melbourne - Inner South,2018-09-01,7.9
208,Melbourne - Inner South,2018-10-01,7.6
208,Melbourne - Inner South,2018-11-01,8.3
208,Melbourne - Inner South,2018-12-01,8.1
208,Melbourne - Inner South,2019-01-01,8.9
208,Melbourne - Inner South,2019-02-01,10.2
208,Melbourne - Inner South,2019-03-01,9.8
208,Melbourne - Inner South,2019-04-01,9.1
208,Melbourne - Inner South,2019-05-01,8.9
208,Melbourne - Inner South,2019-06-01,8.7
208,Melbourne - Inner South,2019-07-01,9.1
208,Melbourne - Inner South,2019-08-01,9.6
208,Melbourne - Inner South,2019-09-01,8.6
208,Melbourne - Inner South,2019-10-01,8.9
208,Melbourne - Inner South,2019-11-01,8.0
208,Melbourne - Inner South,2019-12-01,9.2
208,Melbourne - Inner South,2020-01-01,11.8
208,Melbourne - Inner South,2020-02-01,11.3
208,Melbourne - Inner South,2020-03-01,11.2
208,Melbourne - Inner South,2020-04-01,12.7
208,Melbourne - Inner South,2020-05-01,15.3
208,Melbourne - Inner South,2020-06-01,15.8
208,Melbourne - Inner South,2020-07-01,14.8
208,Melbourne - Inner South,2020-08-01,15.9
208,Melbourne - Inner South,2020-09-01,13.7
208,Melbourne - Inner South,2020-10-01,15.7
208,Melbourne - Inner South,2020-11-01,14.3
208,Melbourne - Inner South,2020-12-01,13.6
208,Melbourne - Inner South,2021-01-01,15.4
208,Melbourne - Inner South,2021-02-01,12.4
208,Melbourne - Inner South,2021-03-01,13.2
208,Melbourne - Inner South,2021-04-01,11.7
208,Melbourne - Inner South,2021-05-01,9.3
208,Melbourne - Inner South,2021-06-01,9.3
208,Melbourne - Inner South,2021-07-01,8.8
208,Melbourne - Inner South,2021-08-01,8.3
208,Melbourne - Inner South,2021-09-01,9.0
208,Melbourne - Inner South,2021-10-01,10.6
208,Melbourne - Inner South,2021-11-01,8.9
208,Melbourne - Inner South,2021-12-01,8.6
208,Melbourne - Inner South,2022-01-01,9.4
208,Melbourne - Inner South,2022-02-01,9.2
208,Melbourne - Inner South,2022-03-01,8.2
208,Melbourne - Inner South,2022-04-01,9.4
208,Melbourne - Inner South,2022-05-01,7.4
208,Melbourne - Inner South,2022-06-01,6.5
208,Melbourne - Inner South,2022-07-01,6.1
208,Melbourne - Inner South,2022-08-01,7.1
208,Melbourne - Inner South,2022-09-01,6.8
208,Melbourne - Inner South,2022-10-01,7.1
208,Melbourne - Inner South,2022-11-01,7.2
208,Melbourne - Inner South,2022-12-01,7.4
208,Melbourne - Inner South,2023-01-01,8.9
208,Melbourne - Inner South,2023-02-01,8.4
208,Melbourne - Inner South,2023-03-01,8.6
208,Melbourne - Inner South,2023-04-01,8.0
208,Melbourne - Inner South,2023-05-01,7.4
208,Melbourne - Inner South,2023-06-01,6.7
208,Melbourne - Inner South,2023-07-01,6.7
208,Melbourne - Inner South,2023-08-01,7.2
208,Melbourne - Inner South,2023-09-01,6.9
208,Melbourne - Inner South,2023-10-01,7.5
208,Melbourne - Inner South,2023-11-01,7.6
208,Melbourne - Inner South,2023-12-01,7.9
208,Melbourne - Inner South,2024-01-01,9.0
208,Melbourne - Inner South,2024-02-01,8.5
208,Melbourne - Inner South,2024-03-01,9.1
208,Melbourne - Inner South,2024-04-01,9.6
208,Melbourne - Inner South,2024-05-01,9.2
208,Melbourne - Inner South,2024-06-01,8.5
208,Melbourne - Inner South,2024-07-01,9.0
208,Melbourne - Inner South,2024-08-01,9.6
208,Melbourne - Inner South,2024-09-01,8.9
208,Melbourne - Inner South,2024-10-01,9.4
208,Melbourne - Inner South,2024-11-01,8.7
208,Melbourne - Inner South,2024-12-01,9.0
208,Melbourne - Inner South,2025-01-01,10.7
208,Melbourne - Inner South,2025-02-01,10.9
208,Melbourne - Inner South,2025-03-01,10.0
208,Melbourne - Inner South,2025-04-01,9.5
208,Melbourne - Inner South,2025-05-01,8.8
208,Melbourne - Inner South,2025-06-01,9.2
208,Melbourne - Inner South,2025-07-01,9.6
208,Melbourne - Inner South,2025-08-01,9.4
208,Melbourne - Inner South,2025-09-01,10.1
208,Melbourne - Inner South,2025-10-01,9.3
208,Melbourne - Inner South,2025-11-01,10.0
208,Melbourne - Inner South,2025-12-01,9.7
208,Melbourne - Inner South,2026-01-01,10.5
208,Melbourne - Inner South,2026-02-01,11.2
208,Melbourne - Inner South,2026-03-01,11.1
209,Melbourne - North East,2012-01-01,12.2
209,Melbourne - North East,2012-02-01,13.8
209,Melbourne - North East,2012-03-01,14.4
209,Melbourne - North East,2012-04-01,12.6
209,Melbourne - North East,2012-05-01,12.8
209,Melbourne - North East,2012-06-01,12.4
209,Melbourne - North East,2012-07-01,12.2
209,Melbourne - North East,2012-08-01,12.6
209,Melbourne - North East,2012-09-01,13.5
209,Melbourne - North East,2012-10-01,11.9
209,Melbourne - North East,2012-11-01,11.8
209,Melbourne - North East,2012-12-01,13.1
209,Melbourne - North East,2013-01-01,15.3
209,Melbourne - North East,2013-02-01,15.3
209,Melbourne - North East,2013-03-01,14.6
209,Melbourne - North East,2013-04-01,15.1
209,Melbourne - North East,2013-05-01,13.9
209,Melbourne - North East,2013-06-01,13.4
209,Melbourne - North East,2013-07-01,13.2
209,Melbourne - North East,2013-08-01,13.9
209,Melbourne - North East,2013-09-01,14.4
209,Melbourne - North East,2013-10-01,14.7
209,Melbourne - North East,2013-11-01,14.5
209,Melbourne - North East,2013-12-01,14.4
209,Melbourne - North East,2014-01-01,17.7
209,Melbourne - North East,2014-02-01,18.6
209,Melbourne - North East,2014-03-01,16.4
209,Melbourne - North East,2014-04-01,16.1
209,Melbourne - North East,2014-05-01,15.5
209,Melbourne - North East,2014-06-01,15.8
209,Melbourne - North East,2014-07-01,15.9
209,Melbourne - North East,2014-08-01,17.0
209,Melbourne - North East,2014-09-01,16.7
209,Melbourne - North East,2014-10-01,16.4
209,Melbourne - North East,2014-11-01,16.8
209,Melbourne - North East,2014-12-01,16.0
209,Melbourne - North East,2015-01-01,18.2
209,Melbourne - North East,2015-02-01,17.2
209,Melbourne - North East,2015-03-01,17.6
209,Melbourne - North East,2015-04-01,16.5
209,Melbourne - North East,2015-05-01,15.4
209,Melbourne - North East,2015-06-01,15.0
209,Melbourne - North East,2015-07-01,16.2
209,Melbourne - North East,2015-08-01,15.1
209,Melbourne - North East,2015-09-01,15.7
209,Melbourne - North East,2015-10-01,13.9
209,Melbourne - North East,2015-11-01,15.9
209,Melbourne - North East,2015-12-01,14.8
209,Melbourne - North East,2016-01-01,18.3
209,Melbourne - North East,2016-02-01,17.7
209,Melbourne - North East,2016-03-01,15.0
209,Melbourne - North East,2016-04-01,14.6
209,Melbourne - North East,2016-05-01,15.3
209,Melbourne - North East,2016-06-01,14.7
209,Melbourne - North East,2016-07-01,15.8
209,Melbourne - North East,2016-08-01,14.4
209,Melbourne - North East,2016-09-01,15.5
209,Melbourne - North East,2016-10-01,15.1
209,Melbourne - North East,2016-11-01,16.0
209,Melbourne - North East,2016-12-01,16.9
209,Melbourne - North East,2017-01-01,18.0
209,Melbourne - North East,2017-02-01,18.0
209,Melbourne - North East,2017-03-01,19.0
209,Melbourne - North East,2017-04-01,18.4
209,Melbourne - North East,2017-05-01,17.1
209,Melbourne - North East,2017-06-01,15.3
209,Melbourne - North East,2017-07-01,16.6
209,Melbourne - North East,2017-08-01,17.0
209,Melbourne - North East,2017-09-01,17.0
209,Melbourne - North East,2017-10-01,15.1
209,Melbourne - North East,2017-11-01,14.7
209,Melbourne - North East,2017-12-01,16.8
209,Melbourne - North East,2018-01-01,17.1
209,Melbourne - North East,2018-02-01,16.8
209,Melbourne - North East,2018-03-01,15.1
209,Melbourne - North East,2018-04-01,15.1
209,Melbourne - North East,2018-05-01,14.6
209,Melbourne - North East,2018-06-01,14.8
209,Melbourne - North East,2018-07-01,12.7
209,Melbourne - North East,2018-08-01,13.6
209,Melbourne - North East,2018-09-01,12.6
209,Melbourne - North East,2018-10-01,11.7
209,Melbourne - North East,2018-11-01,12.1
209,Melbourne - North East,2018-12-01,12.3
209,Melbourne - North East,2019-01-01,14.2
209,Melbourne - North East,2019-02-01,15.1
209,Melbourne - North East,2019-03-01,14.2
209,Melbourne - North East,2019-04-01,14.4
209,Melbourne - North East,2019-05-01,13.4
209,Melbourne - North East,2019-06-01,13.6
209,Melbourne - North East,2019-07-01,14.1
209,Melbourne - North East,2019-08-01,14.2
209,Melbourne - North East,2019-09-01,14.3
209,Melbourne - North East,2019-10-01,13.4
209,Melbourne - North East,2019-11-01,13.0
209,Melbourne - North East,2019-12-01,15.2
209,Melbourne - North East,2020-01-01,17.1
209,Melbourne - North East,2020-02-01,18.5
209,Melbourne - North East,2020-03-01,16.4
209,Melbourne - North East,2020-04-01,17.7
209,Melbourne - North East,2020-05-01,18.3
209,Melbourne - North East,2020-06-01,19.9
209,Melbourne - North East,2020-07-01,18.5
209,Melbourne - North East,2020-08-01,20.0
209,Melbourne - North East,2020-09-01,18.5
209,Melbourne - North East,2020-10-01,19.1
209,Melbourne - North East,2020-11-01,19.8
209,Melbourne - North East,2020-12-01,18.4
209,Melbourne - North East,2021-01-01,20.6
209,Melbourne - North East,2021-02-01,18.6
209,Melbourne - North East,2021-03-01,18.5
209,Melbourne - North East,2021-04-01,16.3
209,Melbourne - North East,2021-05-01,14.0
209,Melbourne - North East,2021-06-01,12.4
209,Melbourne - North East,2021-07-01,12.7
209,Melbourne - North East,2021-08-01,11.6
209,Melbourne - North East,2021-09-01,13.1
209,Melbourne - North East,2021-10-01,15.6
209,Melbourne - North East,2021-11-01,12.4
209,Melbourne - North East,2021-12-01,12.7
209,Melbourne - North East,2022-01-01,13.7
209,Melbourne - North East,2022-02-01,13.8
209,Melbourne - North East,2022-03-01,13.1
209,Melbourne - North East,2022-04-01,13.1
209,Melbourne - North East,2022-05-01,11.6
209,Melbourne - North East,2022-06-01,9.5
209,Melbourne - North East,2022-07-01,9.3
209,Melbourne - North East,2022-08-01,11.2
209,Melbourne - North East,2022-09-01,10.7
209,Melbourne - North East,2022-10-01,10.4
209,Melbourne - North East,2022-11-01,10.7
209,Melbourne - North East,2022-12-01,10.6
209,Melbourne - North East,2023-01-01,13.5
209,Melbourne - North East,2023-02-01,12.0
209,Melbourne - North East,2023-03-01,12.3
209,Melbourne - North East,2023-04-01,12.4
209,Melbourne - North East,2023-05-01,11.9
209,Melbourne - North East,2023-06-01,10.8
209,Melbourne - North East,2023-07-01,11.0
209,Melbourne - North East,2023-08-01,11.5
209,Melbourne - North East,2023-09-01,10.4
209,Melbourne - North East,2023-10-01,11.5
209,Melbourne - North East,2023-11-01,11.7
209,Melbourne - North East,2023-12-01,13.4
209,Melbourne - North East,2024-01-01,13.4
209,Melbourne - North East,2024-02-01,13.7
209,Melbourne - North East,2024-03-01,14.2
209,Melbourne - North East,2024-04-01,14.2
209,Melbourne - North East,2024-05-01,14.6
209,Melbourne - North East,2024-06-01,13.4
209,Melbourne - North East,2024-07-01,14.8
209,Melbourne - North East,2024-08-01,13.0
209,Melbourne - North East,2024-09-01,13.8
209,Melbourne - North East,2024-10-01,14.0
209,Melbourne - North East,2024-11-01,12.9
209,Melbourne - North East,2024-12-01,13.9
209,Melbourne - North East,2025-01-01,16.5
209,Melbourne - North East,2025-02-01,16.3
209,Melbourne - North East,2025-03-01,14.5
209,Melbourne - North East,2025-04-01,14.2
209,Melbourne - North East,2025-05-01,13.7
209,Melbourne - North East,2025-06-01,14.6
209,Melbourne - North East,2025-07-01,14.3
209,Melbourne - North East,2025-08-01,13.7
209,Melbourne - North East,2025-09-01,15.3
209,Melbourne - North East,2025-10-01,15.2
209,Melbourne - North East,2025-11-01,14.8
209,Melbourne - North East,2025-12-01,13.9
209,Melbourne - North East,2026-01-01,15.5
209,Melbourne - North East,2026-02-01,17.6
209,Melbourne - North East,2026-03-01,17.1
210,Melbourne - North West,2012-01-01,11.1
210,Melbourne - North West,2012-02-01,12.1
210,Melbourne - North West,2012-03-01,12.3
210,Melbourne - North West,2012-04-01,10.9
210,Melbourne - North West,2012-05-01,10.7
210,Melbourne - North West,2012-06-01,10.5
210,Melbourne - North West,2012-07-01,9.8
210,Melbourne - North West,2012-08-01,10.8
210,Melbourne - North West,2012-09-01,10.8
210,Melbourne - North West,2012-10-01,10.6
210,Melbourne - North West,2012-11-01,9.3
210,Melbourne - North West,2012-12-01,10.8
210,Melbourne - North West,2013-01-01,12.7
210,Melbourne - North West,2013-02-01,12.4
210,Melbourne - North West,2013-03-01,11.6
210,Melbourne - North West,2013-04-01,11.9
210,Melbourne - North West,2013-05-01,10.9
210,Melbourne - North West,2013-06-01,11.5
210,Melbourne - North West,2013-07-01,11.0
210,Melbourne - North West,2013-08-01,11.1
210,Melbourne - North West,2013-09-01,12.2
210,Melbourne - North West,2013-10-01,11.9
210,Melbourne - North West,2013-11-01,11.8
210,Melbourne - North West,2013-12-01,12.4
210,Melbourne - North West,2014-01-01,14.2
210,Melbourne - North West,2014-02-01,14.9
210,Melbourne - North West,2014-03-01,14.1
210,Melbourne - North West,2014-04-01,13.0
210,Melbourne - North West,2014-05-01,12.8
210,Melbourne - North West,2014-06-01,12.7
210,Melbourne - North West,2014-07-01,13.6
210,Melbourne - North West,2014-08-01,14.1
210,Melbourne - North West,2014-09-01,13.5
210,Melbourne - North West,2014-10-01,13.6
210,Melbourne - North West,2014-11-01,13.1
210,Melbourne - North West,2014-12-01,12.8
210,Melbourne - North West,2015-01-01,14.8
210,Melbourne - North West,2015-02-01,13.5
210,Melbourne - North West,2015-03-01,13.9
210,Melbourne - North West,2015-04-01,13.8
210,Melbourne - North West,2015-05-01,12.4
210,Melbourne - North West,2015-06-01,12.1
210,Melbourne - North West,2015-07-01,13.5
210,Melbourne - North West,2015-08-01,13.1
210,Melbourne - North West,2015-09-01,13.7
210,Melbourne - North West,2015-10-01,11.7
210,Melbourne - North West,2015-11-01,13.1
210,Melbourne - North West,2015-12-01,13.4
210,Melbourne - North West,2016-01-01,15.8
210,Melbourne - North West,2016-02-01,14.6
210,Melbourne - North West,2016-03-01,13.6
210,Melbourne - North West,2016-04-01,13.0
210,Melbourne - North West,2016-05-01,13.3
210,Melbourne - North West,2016-06-01,12.5
210,Melbourne - North West,2016-07-01,13.1
210,Melbourne - North West,2016-08-01,13.2
210,Melbourne - North West,2016-09-01,13.7
210,Melbourne - North West,2016-10-01,13.4
210,Melbourne - North West,2016-11-01,13.7
210,Melbourne - North West,2016-12-01,15.1
210,Melbourne - North West,2017-01-01,16.1
210,Melbourne - North West,2017-02-01,16.5
210,Melbourne - North West,2017-03-01,17.3
210,Melbourne - North West,2017-04-01,16.2
210,Melbourne - North West,2017-05-01,15.5
210,Melbourne - North West,2017-06-01,14.7
210,Melbourne - North West,2017-07-01,15.8
210,Melbourne - North West,2017-08-01,16.3
210,Melbourne - North West,2017-09-01,15.1
210,Melbourne - North West,2017-10-01,13.8
210,Melbourne - North West,2017-11-01,13.7
210,Melbourne - North West,2017-12-01,15.7
210,Melbourne - North West,2018-01-01,15.4
210,Melbourne - North West,2018-02-01,15.6
210,Melbourne - North West,2018-03-01,15.2
210,Melbourne - North West,2018-04-01,13.7
210,Melbourne - North West,2018-05-01,12.5
210,Melbourne - North West,2018-06-01,14.0
210,Melbourne - North West,2018-07-01,12.9
210,Melbourne - North West,2018-08-01,12.7
210,Melbourne - North West,2018-09-01,11.9
210,Melbourne - North West,2018-10-01,11.2
210,Melbourne - North West,2018-11-01,11.5
210,Melbourne - North West,2018-12-01,11.3
210,Melbourne - North West,2019-01-01,13.7
210,Melbourne - North West,2019-02-01,14.8
210,Melbourne - North West,2019-03-01,13.1
210,Melbourne - North West,2019-04-01,14.3
210,Melbourne - North West,2019-05-01,12.9
210,Melbourne - North West,2019-06-01,13.1
210,Melbourne - North West,2019-07-01,13.2
210,Melbourne - North West,2019-08-01,14.1
210,Melbourne - North West,2019-09-01,13.3
210,Melbourne - North West,2019-10-01,13.0
210,Melbourne - North West,2019-11-01,13.0
210,Melbourne - North West,2019-12-01,13.8
210,Melbourne - North West,2020-01-01,16.9
210,Melbourne - North West,2020-02-01,17.4
210,Melbourne - North West,2020-03-01,15.9
210,Melbourne - North West,2020-04-01,16.5
210,Melbourne - North West,2020-05-01,17.4
210,Melbourne - North West,2020-06-01,18.7
210,Melbourne - North West,2020-07-01,17.9
210,Melbourne - North West,2020-08-01,18.3
210,Melbourne - North West,2020-09-01,16.6
210,Melbourne - North West,2020-10-01,17.6
210,Melbourne - North West,2020-11-01,17.9
210,Melbourne - North West,2020-12-01,17.7
210,Melbourne - North West,2021-01-01,19.0
210,Melbourne - North West,2021-02-01,17.7
210,Melbourne - North West,2021-03-01,18.0
210,Melbourne - North West,2021-04-01,14.8
210,Melbourne - North West,2021-05-01,12.9
210,Melbourne - North West,2021-06-01,11.9
210,Melbourne - North West,2021-07-01,12.5
210,Melbourne - North West,2021-08-01,11.3
210,Melbourne - North West,2021-09-01,12.1
210,Melbourne - North West,2021-10-01,14.8
210,Melbourne - North West,2021-11-01,11.9
210,Melbourne - North West,2021-12-01,12.2
210,Melbourne - North West,2022-01-01,12.6
210,Melbourne - North West,2022-02-01,12.7
210,Melbourne - North West,2022-03-01,12.7
210,Melbourne - North West,2022-04-01,12.8
210,Melbourne - North West,2022-05-01,10.7
210,Melbourne - North West,2022-06-01,8.9
210,Melbourne - North West,2022-07-01,9.1
210,Melbourne - North West,2022-08-01,10.3
210,Melbourne - North West,2022-09-01,9.8
210,Melbourne - North West,2022-10-01,10.1
210,Melbourne - North West,2022-11-01,9.6
210,Melbourne - North West,2022-12-01,10.3
210,Melbourne - North West,2023-01-01,13.2
210,Melbourne - North West,2023-02-01,12.1
210,Melbourne - North West,2023-03-01,11.7
210,Melbourne - North West,2023-04-01,12.6
210,Melbourne - North West,2023-05-01,10.8
210,Melbourne - North West,2023-06-01,10.4
210,Melbourne - North West,2023-07-01,10.0
210,Melbourne - North West,2023-08-01,10.4
210,Melbourne - North West,2023-09-01,10.5
210,Melbourne - North West,2023-10-01,10.5
210,Melbourne - North West,2023-11-01,11.7
210,Melbourne - North West,2023-12-01,12.4
210,Melbourne - North West,2024-01-01,12.8
210,Melbourne - North West,2024-02-01,12.8
210,Melbourne - North West,2024-03-01,13.5
210,Melbourne - North West,2024-04-01,13.4
210,Melbourne - North West,2024-05-01,13.0
210,Melbourne - North West,2024-06-01,12.4
210,Melbourne - North West,2024-07-01,13.0
210,Melbourne - North West,2024-08-01,13.0
210,Melbourne - North West,2024-09-01,12.4
210,Melbourne - North West,2024-10-01,13.3
210,Melbourne - North West,2024-11-01,12.3
210,Melbourne - North West,2024-12-01,13.2
210,Melbourne - North West,2025-01-01,15.3
210,Melbourne - North West,2025-02-01,14.4
210,Melbourne - North West,2025-03-01,13.8
210,Melbourne - North West,2025-04-01,13.3
210,Melbourne - North West,2025-05-01,12.8
210,Melbourne - North West,2025-06-01,12.7
210,Melbourne - North West,2025-07-01,13.0
210,Melbourne - North West,2025-08-01,12.5
210,Melbourne - North West,2025-09-01,14.3
210,Melbourne - North West,2025-10-01,12.7
210,Melbourne - North West,2025-11-01,13.2
210,Melbourne - North West,2025-12-01,13.4
210,Melbourne - North West,2026-01-01,14.5
210,Melbourne - North West,2026-02-01,15.3
210,Melbourne - North West,2026-03-01,15.0
211,Melbourne - Outer East,2012-01-01,11.0
211,Melbourne - Outer East,2012-02-01,12.5
211,Melbourne - Outer East,2012-03-01,13.7
211,Melbourne - Outer East,2012-04-01,11.6
211,Melbourne - Outer East,2012-05-01,11.2
211,Melbourne - Outer East,2012-06-01,11.0
211,Melbourne - Outer East,2012-07-01,10.7
211,Melbourne - Outer East,2012-08-01,11.0
211,Melbourne - Outer East,2012-09-01,11.3
211,Melbourne - Outer East,2012-10-01,9.7
211,Melbourne - Outer East,2012-11-01,10.7
211,Melbourne - Outer East,2012-12-01,9.9
211,Melbourne - Outer East,2013-01-01,13.7
211,Melbourne - Outer East,2013-02-01,13.0
211,Melbourne - Outer East,2013-03-01,12.8
211,Melbourne - Outer East,2013-04-01,12.9
211,Melbourne - Outer East,2013-05-01,11.8
211,Melbourne - Outer East,2013-06-01,12.3
211,Melbourne - Outer East,2013-07-01,11.5
211,Melbourne - Outer East,2013-08-01,12.0
211,Melbourne - Outer East,2013-09-01,12.6
211,Melbourne - Outer East,2013-10-01,12.3
211,Melbourne - Outer East,2013-11-01,12.7
211,Melbourne - Outer East,2013-12-01,12.8
211,Melbourne - Outer East,2014-01-01,15.0
211,Melbourne - Outer East,2014-02-01,16.0
211,Melbourne - Outer East,2014-03-01,15.2
211,Melbourne - Outer East,2014-04-01,13.7
211,Melbourne - Outer East,2014-05-01,13.7
211,Melbourne - Outer East,2014-06-01,13.5
211,Melbourne - Outer East,2014-07-01,13.8
211,Melbourne - Outer East,2014-08-01,14.0
211,Melbourne - Outer East,2014-09-01,14.6
211,Melbourne - Outer East,2014-10-01,14.4
211,Melbourne - Outer East,2014-11-01,13.4
211,Melbourne - Outer East,2014-12-01,13.1
211,Melbourne - Outer East,2015-01-01,15.5
211,Melbourne - Outer East,2015-02-01,12.8
211,Melbourne - Outer East,2015-03-01,14.9
211,Melbourne - Outer East,2015-04-01,13.4
211,Melbourne - Outer East,2015-05-01,12.3
211,Melbourne - Outer East,2015-06-01,12.2
211,Melbourne - Outer East,2015-07-01,14.0
211,Melbourne - Outer East,2015-08-01,12.8
211,Melbourne - Outer East,2015-09-01,13.1
211,Melbourne - Outer East,2015-10-01,12.1
211,Melbourne - Outer East,2015-11-01,12.8
211,Melbourne - Outer East,2015-12-01,12.5
211,Melbourne - Outer East,2016-01-01,15.1
211,Melbourne - Outer East,2016-02-01,13.1
211,Melbourne - Outer East,2016-03-01,13.7
211,Melbourne - Outer East,2016-04-01,12.7
211,Melbourne - Outer East,2016-05-01,12.5
211,Melbourne - Outer East,2016-06-01,12.0
211,Melbourne - Outer East,2016-07-01,12.8
211,Melbourne - Outer East,2016-08-01,12.5
211,Melbourne - Outer East,2016-09-01,12.6
211,Melbourne - Outer East,2016-10-01,12.4
211,Melbourne - Outer East,2016-11-01,12.8
211,Melbourne - Outer East,2016-12-01,13.8
211,Melbourne - Outer East,2017-01-01,13.7
211,Melbourne - Outer East,2017-02-01,15.2
211,Melbourne - Outer East,2017-03-01,15.7
211,Melbourne - Outer East,2017-04-01,14.5
211,Melbourne - Outer East,2017-05-01,13.6
211,Melbourne - Outer East,2017-06-01,13.3
211,Melbourne - Outer East,2017-07-01,12.8
211,Melbourne - Outer East,2017-08-01,14.1
211,Melbourne - Outer East,2017-09-01,13.3
211,Melbourne - Outer East,2017-10-01,12.4
211,Melbourne - Outer East,2017-11-01,11.3
211,Melbourne - Outer East,2017-12-01,13.3
211,Melbourne - Outer East,2018-01-01,14.6
211,Melbourne - Outer East,2018-02-01,13.9
211,Melbourne - Outer East,2018-03-01,12.3
211,Melbourne - Outer East,2018-04-01,11.9
211,Melbourne - Outer East,2018-05-01,11.3
211,Melbourne - Outer East,2018-06-01,12.9
211,Melbourne - Outer East,2018-07-01,11.1
211,Melbourne - Outer East,2018-08-01,10.9
211,Melbourne - Outer East,2018-09-01,10.2
211,Melbourne - Outer East,2018-10-01,10.0
211,Melbourne - Outer East,2018-11-01,10.2
211,Melbourne - Outer East,2018-12-01,8.8
211,Melbourne - Outer East,2019-01-01,11.7
211,Melbourne - Outer East,2019-02-01,12.3
211,Melbourne - Outer East,2019-03-01,11.7
211,Melbourne - Outer East,2019-04-01,11.7
211,Melbourne - Outer East,2019-05-01,11.0
211,Melbourne - Outer East,2019-06-01,10.4
211,Melbourne - Outer East,2019-07-01,11.7
211,Melbourne - Outer East,2019-08-01,12.0
211,Melbourne - Outer East,2019-09-01,10.7
211,Melbourne - Outer East,2019-10-01,10.5
211,Melbourne - Outer East,2019-11-01,9.9
211,Melbourne - Outer East,2019-12-01,11.8
211,Melbourne - Outer East,2020-01-01,14.2
211,Melbourne - Outer East,2020-02-01,13.7
211,Melbourne - Outer East,2020-03-01,13.6
211,Melbourne - Outer East,2020-04-01,14.4
211,Melbourne - Outer East,2020-05-01,16.0
211,Melbourne - Outer East,2020-06-01,16.9
211,Melbourne - Outer East,2020-07-01,15.1
211,Melbourne - Outer East,2020-08-01,17.2
211,Melbourne - Outer East,2020-09-01,15.3
211,Melbourne - Outer East,2020-10-01,16.2
211,Melbourne - Outer East,2020-11-01,15.4
211,Melbourne - Outer East,2020-12-01,15.6
211,Melbourne - Outer East,2021-01-01,15.8
211,Melbourne - Outer East,2021-02-01,14.3
211,Melbourne - Outer East,2021-03-01,15.6
211,Melbourne - Outer East,2021-04-01,12.7
211,Melbourne - Outer East,2021-05-01,10.7
211,Melbourne - Outer East,2021-06-01,9.9
211,Melbourne - Outer East,2021-07-01,10.5
211,Melbourne - Outer East,2021-08-01,9.2
211,Melbourne - Outer East,2021-09-01,10.4
211,Melbourne - Outer East,2021-10-01,11.6
211,Melbourne - Outer East,2021-11-01,10.0
211,Melbourne - Outer East,2021-12-01,9.8
211,Melbourne - Outer East,2022-01-01,10.8
211,Melbourne - Outer East,2022-02-01,10.4
211,Melbourne - Outer East,2022-03-01,9.9
211,Melbourne - Outer East,2022-04-01,9.5
211,Melbourne - Outer East,2022-05-01,8.8
211,Melbourne - Outer East,2022-06-01,7.1
211,Melbourne - Outer East,2022-07-01,7.3
211,Melbourne - Outer East,2022-08-01,8.7
211,Melbourne - Outer East,2022-09-01,7.4
211,Melbourne - Outer East,2022-10-01,8.0
211,Melbourne - Outer East,2022-11-01,7.9
211,Melbourne - Outer East,2022-12-01,7.5
211,Melbourne - Outer East,2023-01-01,10.0
211,Melbourne - Outer East,2023-02-01,9.8
211,Melbourne - Outer East,2023-03-01,8.6
211,Melbourne - Outer East,2023-04-01,8.8
211,Melbourne - Outer East,2023-05-01,8.1
211,Melbourne - Outer East,2023-06-01,8.0
211,Melbourne - Outer East,2023-07-01,8.0
211,Melbourne - Outer East,2023-08-01,7.6
211,Melbourne - Outer East,2023-09-01,8.5
211,Melbourne - Outer East,2023-10-01,7.9
211,Melbourne - Outer East,2023-11-01,9.0
211,Melbourne - Outer East,2023-12-01,9.5
211,Melbourne - Outer East,2024-01-01,9.9
211,Melbourne - Outer East,2024-02-01,10.1
211,Melbourne - Outer East,2024-03-01,10.3
211,Melbourne - Outer East,2024-04-01,10.6
211,Melbourne - Outer East,2024-05-01,10.2
211,Melbourne - Outer East,2024-06-01,10.2
211,Melbourne - Outer East,2024-07-01,10.0
211,Melbourne - Outer East,2024-08-01,9.8
211,Melbourne - Outer East,2024-09-01,10.2
211,Melbourne - Outer East,2024-10-01,10.3
211,Melbourne - Outer East,2024-11-01,8.8
211,Melbourne - Outer East,2024-12-01,10.2
211,Melbourne - Outer East,2025-01-01,11.7
211,Melbourne - Outer East,2025-02-01,12.1
211,Melbourne - Outer East,2025-03-01,10.5
211,Melbourne - Outer East,2025-04-01,10.4
211,Melbourne - Outer East,2025-05-01,10.7
211,Melbourne - Outer East,2025-06-01,10.0
211,Melbourne - Outer East,2025-07-01,10.3
211,Melbourne - Outer East,2025-08-01,10.3
211,Melbourne - Outer East,2025-09-01,11.5
211,Melbourne - Outer East,2025-10-01,10.1
211,Melbourne - Outer East,2025-11-01,10.4
211,Melbourne - Outer East,2025-12-01,11.4
211,Melbourne - Outer East,2026-01-01,11.3
211,Melbourne - Outer East,2026-02-01,12.3
211,Melbourne - Outer East,2026-03-01,12.4
212,Melbourne - South East,2012-01-01,20.4
212,Melbourne - South East,2012-02-01,26.6
212,Melbourne - South East,2012-03-01,27.3
212,Melbourne - South East,2012-04-01,22.1
212,Melbourne - South East,2012-05-01,23.4
212,Melbourne - South East,2012-06-01,21.6
212,Melbourne - South East,2012-07-01,21.1
212,Melbourne - South East,2012-08-01,22.3
212,Melbourne - South East,2012-09-01,23.7
212,Melbourne - South East,2012-10-01,21.5
212,Melbourne - South East,2012-11-01,20.3
212,Melbourne - South East,2012-12-01,23.4
212,Melbourne - South East,2013-01-01,26.2
212,Melbourne - South East,2013-02-01,24.2
212,Melbourne - South East,2013-03-01,27.2
212,Melbourne - South East,2013-04-01,26.8
212,Melbourne - South East,2013-05-01,24.4
212,Melbourne - South East,2013-06-01,25.1
212,Melbourne - South East,2013-07-01,24.1
212,Melbourne - South East,2013-08-01,26.6
212,Melbourne - South East,2013-09-01,26.4
212,Melbourne - South East,2013-10-01,26.2
212,Melbourne - South East,2013-11-01,25.7
212,Melbourne - South East,2013-12-01,27.6
212,Melbourne - South East,2014-01-01,30.0
212,Melbourne - South East,2014-02-01,31.3
212,Melbourne - South East,2014-03-01,31.5
212,Melbourne - South East,2014-04-01,30.1
212,Melbourne - South East,2014-05-01,25.9
212,Melbourne - South East,2014-06-01,26.5
212,Melbourne - South East,2014-07-01,31.4
212,Melbourne - South East,2014-08-01,31.8
212,Melbourne - South East,2014-09-01,29.6
212,Melbourne - South East,2014-10-01,29.3
212,Melbourne - South East,2014-11-01,27.8
212,Melbourne - South East,2014-12-01,28.4
212,Melbourne - South East,2015-01-01,32.5
212,Melbourne - South East,2015-02-01,27.6
212,Melbourne - South East,2015-03-01,30.2
212,Melbourne - South East,2015-04-01,29.4
212,Melbourne - South East,2015-05-01,26.1
212,Melbourne - South East,2015-06-01,25.9
212,Melbourne - South East,2015-07-01,28.4
212,Melbourne - South East,2015-08-01,26.6
212,Melbourne - South East,2015-09-01,28.5
212,Melbourne - South East,2015-10-01,24.6
212,Melbourne - South East,2015-11-01,26.7
212,Melbourne - South East,2015-12-01,26.8
212,Melbourne - South East,2016-01-01,31.4
212,Melbourne - South East,2016-02-01,27.3
212,Melbourne - South East,2016-03-01,27.2
212,Melbourne - South East,2016-04-01,25.6
212,Melbourne - South East,2016-05-01,26.2
212,Melbourne - South East,2016-06-01,25.3
212,Melbourne - South East,2016-07-01,26.7
212,Melbourne - South East,2016-08-01,25.7
212,Melbourne - South East,2016-09-01,26.3
212,Melbourne - South East,2016-10-01,25.8
212,Melbourne - South East,2016-11-01,26.5
212,Melbourne - South East,2016-12-01,28.2
212,Melbourne - South East,2017-01-01,29.4
212,Melbourne - South East,2017-02-01,30.5
212,Melbourne - South East,2017-03-01,32.8
212,Melbourne - South East,2017-04-01,28.7
212,Melbourne - South East,2017-05-01,28.1
212,Melbourne - South East,2017-06-01,26.9
212,Melbourne - South East,2017-07-01,29.5
212,Melbourne - South East,2017-08-01,29.9
212,Melbourne - South East,2017-09-01,28.2
212,Melbourne - South East,2017-10-01,24.9
212,Melbourne - South East,2017-11-01,24.1
212,Melbourne - South East,2017-12-01,29.9
212,Melbourne - South East,2018-01-01,29.6
212,Melbourne - South East,2018-02-01,28.7
212,Melbourne - South East,2018-03-01,25.8
212,Melbourne - South East,2018-04-01,25.6
212,Melbourne - South East,2018-05-01,23.7
212,Melbourne - South East,2018-06-01,25.8
212,Melbourne - South East,2018-07-01,22.6
212,Melbourne - South East,2018-08-01,21.8
212,Melbourne - South East,2018-09-01,21.2
212,Melbourne - South East,2018-10-01,20.5
212,Melbourne - South East,2018-11-01,21.6
212,Melbourne - South East,2018-12-01,19.8
212,Melbourne - South East,2019-01-01,25.5
212,Melbourne - South East,2019-02-01,26.1
212,Melbourne - South East,2019-03-01,24.2
212,Melbourne - South East,2019-04-01,26.8
212,Melbourne - South East,2019-05-01,22.6
212,Melbourne - South East,2019-06-01,24.0
212,Melbourne - South East,2019-07-01,26.5
212,Melbourne - South East,2019-08-01,26.0
212,Melbourne - South East,2019-09-01,25.0
212,Melbourne - South East,2019-10-01,23.7
212,Melbourne - South East,2019-11-01,22.4
212,Melbourne - South East,2019-12-01,26.5
212,Melbourne - South East,2020-01-01,30.5
212,Melbourne - South East,2020-02-01,31.3
212,Melbourne - South East,2020-03-01,28.4
212,Melbourne - South East,2020-04-01,32.0
212,Melbourne - South East,2020-05-01,32.8
212,Melbourne - South East,2020-06-01,37.4
212,Melbourne - South East,2020-07-01,33.5
212,Melbourne - South East,2020-08-01,35.4
212,Melbourne - South East,2020-09-01,32.5
212,Melbourne - South East,2020-10-01,35.1
212,Melbourne - South East,2020-11-01,35.4
212,Melbourne - South East,2020-12-01,34.3
212,Melbourne - South East,2021-01-01,36.5
212,Melbourne - South East,2021-02-01,32.9
212,Melbourne - South East,2021-03-01,34.3
212,Melbourne - South East,2021-04-01,28.6
212,Melbourne - South East,2021-05-01,24.4
212,Melbourne - South East,2021-06-01,21.3
212,Melbourne - South East,2021-07-01,22.7
212,Melbourne - South East,2021-08-01,20.7
212,Melbourne - South East,2021-09-01,24.1
212,Melbourne - South East,2021-10-01,26.7
212,Melbourne - South East,2021-11-01,23.9
212,Melbourne - South East,2021-12-01,22.4
212,Melbourne - South East,2022-01-01,22.3
212,Melbourne - South East,2022-02-01,24.7
212,Melbourne - South East,2022-03-01,23.9
212,Melbourne - South East,2022-04-01,22.8
212,Melbourne - South East,2022-05-01,19.6
212,Melbourne - South East,2022-06-01,15.9
212,Melbourne - South East,2022-07-01,16.2
212,Melbourne - South East,2022-08-01,20.3
212,Melbourne - South East,2022-09-01,17.0
212,Melbourne - South East,2022-10-01,18.1
212,Melbourne - South East,2022-11-01,19.0
212,Melbourne - South East,2022-12-01,17.9
212,Melbourne - South East,2023-01-01,23.8
212,Melbourne - South East,2023-02-01,23.2
212,Melbourne - South East,2023-03-01,22.5
212,Melbourne - South East,2023-04-01,22.8
212,Melbourne - South East,2023-05-01,20.2
212,Melbourne - South East,2023-06-01,21.5
212,Melbourne - South East,2023-07-01,20.0
212,Melbourne - South East,2023-08-01,19.0
212,Melbourne - South East,2023-09-01,20.3
212,Melbourne - South East,2023-10-01,20.9
212,Melbourne - South East,2023-11-01,22.3
212,Melbourne - South East,2023-12-01,24.4
212,Melbourne - South East,2024-01-01,25.7
212,Melbourne - South East,2024-02-01,24.4
212,Melbourne - South East,2024-03-01,26.4
212,Melbourne - South East,2024-04-01,28.1
212,Melbourne - South East,2024-05-01,26.8
212,Melbourne - South East,2024-06-01,26.4
212,Melbourne - South East,2024-07-01,25.5
212,Melbourne - South East,2024-08-01,27.9
212,Melbourne - South East,2024-09-01,27.5
212,Melbourne - South East,2024-10-01,26.4
212,Melbourne - South East,2024-11-01,24.6
212,Melbourne - South East,2024-12-01,27.6
212,Melbourne - South East,2025-01-01,34.0
212,Melbourne - South East,2025-02-01,32.2
212,Melbourne - South East,2025-03-01,28.4
212,Melbourne - South East,2025-04-01,28.6
212,Melbourne - South East,2025-05-01,28.0
212,Melbourne - South East,2025-06-01,27.4
212,Melbourne - South East,2025-07-01,28.8
212,Melbourne - South East,2025-08-01,26.3
212,Melbourne - South East,2025-09-01,30.1
212,Melbourne - South East,2025-10-01,28.7
212,Melbourne - South East,2025-11-01,30.2
212,Melbourne - South East,2025-12-01,31.0
212,Melbourne - South East,2026-01-01,28.8
212,Melbourne - South East,2026-02-01,33.0
212,Melbourne - South East,2026-03-01,33.4
213,Melbourne - West,2012-01-01,24.0
213,Melbourne - West,2012-02-01,26.1
213,Melbourne - West,2012-03-01,28.3
213,Melbourne - West,2012-04-01,25.2
213,Melbourne - West,2012-05-01,25.8
213,Melbourne - West,2012-06-01,25.2
213,Melbourne - West,2012-07-01,23.0
213,Melbourne - West,2012-08-01,23.8
213,Melbourne - West,2012-09-01,26.9
213,Melbourne - West,2012-10-01,25.5
213,Melbourne - West,2012-11-01,21.5
213,Melbourne - West,2012-12-01,25.2
213,Melbourne - West,2013-01-01,30.4
213,Melbourne - West,2013-02-01,29.9
213,Melbourne - West,2013-03-01,28.4
213,Melbourne - West,2013-04-01,28.0
213,Melbourne - West,2013-05-01,27.3
213,Melbourne - West,2013-06-01,27.0
213,Melbourne - West,2013-07-01,25.0
213,Melbourne - West,2013-08-01,27.5
213,Melbourne - West,2013-09-01,29.4
213,Melbourne - West,2013-10-01,29.0
213,Melbourne - West,2013-11-01,28.4
213,Melbourne - West,2013-12-01,30.2
213,Melbourne - West,2014-01-01,33.1
213,Melbourne - West,2014-02-01,33.9
213,Melbourne - West,2014-03-01,34.1
213,Melbourne - West,2014-04-01,32.0
213,Melbourne - West,2014-05-01,29.4
213,Melbourne - West,2014-06-01,31.3
213,Melbourne - West,2014-07-01,33.8
213,Melbourne - West,2014-08-01,32.8
213,Melbourne - West,2014-09-01,33.7
213,Melbourne - West,2014-10-01,33.0
213,Melbourne - West,2014-11-01,30.6
213,Melbourne - West,2014-12-01,32.1
213,Melbourne - West,2015-01-01,34.9
213,Melbourne - West,2015-02-01,32.3
213,Melbourne - West,2015-03-01,32.4
213,Melbourne - West,2015-04-01,32.4
213,Melbourne - West,2015-05-01,29.3
213,Melbourne - West,2015-06-01,28.4
213,Melbourne - West,2015-07-01,33.5
213,Melbourne - West,2015-08-01,30.4
213,Melbourne - West,2015-09-01,32.2
213,Melbourne - West,2015-10-01,28.0
213,Melbourne - West,2015-11-01,30.4
213,Melbourne - West,2015-12-01,30.1
213,Melbourne - West,2016-01-01,35.7
213,Melbourne - West,2016-02-01,30.6
213,Melbourne - West,2016-03-01,31.1
213,Melbourne - West,2016-04-01,29.7
213,Melbourne - West,2016-05-01,29.4
213,Melbourne - West,2016-06-01,28.3
213,Melbourne - West,2016-07-01,31.9
213,Melbourne - West,2016-08-01,30.6
213,Melbourne - West,2016-09-01,30.7
213,Melbourne - West,2016-10-01,30.3
213,Melbourne - West,2016-11-01,32.4
213,Melbourne - West,2016-12-01,32.4
213,Melbourne - West,2017-01-01,34.9
213,Melbourne - West,2017-02-01,35.9
213,Melbourne - West,2017-03-01,37.8
213,Melbourne - West,2017-04-01,36.4
213,Melbourne - West,2017-05-01,33.6
213,Melbourne - West,2017-06-01,33.0
213,Melbourne - West,2017-07-01,34.4
213,Melbourne - West,2017-08-01,35.8
213,Melbourne - West,2017-09-01,35.9
213,Melbourne - West,2017-10-01,31.8
213,Melbourne - West,2017-11-01,28.8
213,Melbourne - West,2017-12-01,35.5
213,Melbourne - West,2018-01-01,35.6
213,Melbourne - West,2018-02-01,35.8
213,Melbourne - West,2018-03-01,31.7
213,Melbourne - West,2018-04-01,29.9
213,Melbourne - West,2018-05-01,27.3
213,Melbourne - West,2018-06-01,31.9
213,Melbourne - West,2018-07-01,29.9
213,Melbourne - West,2018-08-01,27.0
213,Melbourne - West,2018-09-01,25.5
213,Melbourne - West,2018-10-01,24.9
213,Melbourne - West,2018-11-01,25.5
213,Melbourne - West,2018-12-01,23.1
213,Melbourne - West,2019-01-01,29.7
213,Melbourne - West,2019-02-01,30.3
213,Melbourne - West,2019-03-01,29.9
213,Melbourne - West,2019-04-01,31.3
213,Melbourne - West,2019-05-01,26.6
213,Melbourne - West,2019-06-01,29.1
213,Melbourne - West,2019-07-01,29.9
213,Melbourne - West,2019-08-01,32.3
213,Melbourne - West,2019-09-01,29.1
213,Melbourne - West,2019-10-01,28.5
213,Melbourne - West,2019-11-01,26.1
213,Melbourne - West,2019-12-01,30.2
213,Melbourne - West,2020-01-01,38.6
213,Melbourne - West,2020-02-01,38.0
213,Melbourne - West,2020-03-01,33.9
213,Melbourne - West,2020-04-01,35.7
213,Melbourne - West,2020-05-01,36.2
213,Melbourne - West,2020-06-01,40.3
213,Melbourne - West,2020-07-01,38.9
213,Melbourne - West,2020-08-01,40.2
213,Melbourne - West,2020-09-01,36.2
213,Melbourne - West,2020-10-01,38.4
213,Melbourne - West,2020-11-01,41.7
213,Melbourne - West,2020-12-01,37.8
213,Melbourne - West,2021-01-01,42.4
213,Melbourne - West,2021-02-01,36.5
213,Melbourne - West,2021-03-01,40.8
213,Melbourne - West,2021-04-01,36.5
213,Melbourne - West,2021-05-01,27.0
213,Melbourne - West,2021-06-01,25.7
213,Melbourne - West,2021-07-01,27.0
213,Melbourne - West,2021-08-01,23.8
213,Melbourne - West,2021-09-01,26.5
213,Melbourne - West,2021-10-01,31.5
213,Melbourne - West,2021-11-01,28.2
213,Melbourne - West,2021-12-01,25.9
213,Melbourne - West,2022-01-01,27.2
213,Melbourne - West,2022-02-01,28.4
213,Melbourne - West,2022-03-01,25.8
213,Melbourne - West,2022-04-01,28.0
213,Melbourne - West,2022-05-01,22.8
213,Melbourne - West,2022-06-01,19.0
213,Melbourne - West,2022-07-01,18.7
213,Melbourne - West,2022-08-01,25.1
213,Melbourne - West,2022-09-01,21.1
213,Melbourne - West,2022-10-01,22.1
213,Melbourne - West,2022-11-01,21.8
213,Melbourne - West,2022-12-01,22.2
213,Melbourne - West,2023-01-01,27.1
213,Melbourne - West,2023-02-01,27.8
213,Melbourne - West,2023-03-01,26.7
213,Melbourne - West,2023-04-01,26.9
213,Melbourne - West,2023-05-01,26.3
213,Melbourne - West,2023-06-01,23.1
213,Melbourne - West,2023-07-01,24.1
213,Melbourne - West,2023-08-01,23.7
213,Melbourne - West,2023-09-01,22.1
213,Melbourne - West,2023-10-01,24.5
213,Melbourne - West,2023-11-01,26.9
213,Melbourne - West,2023-12-01,26.7
213,Melbourne - West,2024-01-01,29.9
213,Melbourne - West,2024-02-01,28.3
213,Melbourne - West,2024-03-01,28.9
213,Melbourne - West,2024-04-01,30.5
213,Melbourne - West,2024-05-01,30.6
213,Melbourne - West,2024-06-01,32.7
213,Melbourne - West,2024-07-01,30.8
213,Melbourne - West,2024-08-01,30.7
213,Melbourne - West,2024-09-01,30.5
213,Melbourne - West,2024-10-01,29.5
213,Melbourne - West,2024-11-01,27.0
213,Melbourne - West,2024-12-01,32.9
213,Melbourne - West,2025-01-01,37.4
213,Melbourne - West,2025-02-01,35.8
213,Melbourne - West,2025-03-01,33.7
213,Melbourne - West,2025-04-01,30.8
213,Melbourne - West,2025-05-01,31.3
213,Melbourne - West,2025-06-01,30.9
213,Melbourne - West,2025-07-01,30.9
213,Melbourne - West,2025-08-01,30.8
213,Melbourne - West,2025-09-01,35.2
213,Melbourne - West,2025-10-01,32.3
213,Melbourne - West,2025-11-01,32.7
213,Melbourne - West,2025-12-01,32.4
213,Melbourne - West,2026-01-01,33.3
213,Melbourne - West,2026-02-01,38.4
213,Melbourne - West,2026-03-01,36.1
214,Mornington Peninsula,2012-01-01,7.3
214,Mornington Peninsula,2012-02-01,7.3
214,Mornington Peninsula,2012-03-01,8.2
214,Mornington Peninsula,2012-04-01,7.1
214,Mornington Peninsula,2012-05-01,7.4
214,Mornington Peninsula,2012-06-01,7.3
214,Mornington Peninsula,2012-07-01,7.0
214,Mornington Peninsula,2012-08-01,7.0
214,Mornington Peninsula,2012-09-01,7.3
214,Mornington Peninsula,2012-10-01,6.7
214,Mornington Peninsula,2012-11-01,6.3
214,Mornington Peninsula,2012-12-01,7.0
214,Mornington Peninsula,2013-01-01,7.4
214,Mornington Peninsula,2013-02-01,8.3
214,Mornington Peninsula,2013-03-01,8.1
214,Mornington Peninsula,2013-04-01,7.7
214,Mornington Peninsula,2013-05-01,7.5
214,Mornington Peninsula,2013-06-01,8.2
214,Mornington Peninsula,2013-07-01,7.7
214,Mornington Peninsula,2013-08-01,8.1
214,Mornington Peninsula,2013-09-01,8.1
214,Mornington Peninsula,2013-10-01,8.3
214,Mornington Peninsula,2013-11-01,8.2
214,Mornington Peninsula,2013-12-01,8.2
214,Mornington Peninsula,2014-01-01,9.7
214,Mornington Peninsula,2014-02-01,9.7
214,Mornington Peninsula,2014-03-01,9.6
214,Mornington Peninsula,2014-04-01,9.3
214,Mornington Peninsula,2014-05-01,8.6
214,Mornington Peninsula,2014-06-01,8.7
214,Mornington Peninsula,2014-07-01,9.1
214,Mornington Peninsula,2014-08-01,9.6
214,Mornington Peninsula,2014-09-01,9.6
214,Mornington Peninsula,2014-10-01,8.2
214,Mornington Peninsula,2014-11-01,8.6
214,Mornington Peninsula,2014-12-01,8.8
214,Mornington Peninsula,2015-01-01,9.6
214,Mornington Peninsula,2015-02-01,8.8
214,Mornington Peninsula,2015-03-01,8.8
214,Mornington Peninsula,2015-04-01,8.7
214,Mornington Peninsula,2015-05-01,8.1
214,Mornington Peninsula,2015-06-01,7.9
214,Mornington Peninsula,2015-07-01,9.0
214,Mornington Peninsula,2015-08-01,9.0
214,Mornington Peninsula,2015-09-01,9.2
214,Mornington Peninsula,2015-10-01,8.0
214,Mornington Peninsula,2015-11-01,8.2
214,Mornington Peninsula,2015-12-01,8.2
214,Mornington Peninsula,2016-01-01,10.0
214,Mornington Peninsula,2016-02-01,9.0
214,Mornington Peninsula,2016-03-01,9.1
214,Mornington Peninsula,2016-04-01,8.2
214,Mornington Peninsula,2016-05-01,8.3
214,Mornington Peninsula,2016-06-01,8.1
214,Mornington Peninsula,2016-07-01,8.7
214,Mornington Peninsula,2016-08-01,8.2
214,Mornington Peninsula,2016-09-01,8.5
214,Mornington Peninsula,2016-10-01,8.5
214,Mornington Peninsula,2016-11-01,8.4
214,Mornington Peninsula,2016-12-01,8.9
214,Mornington Peninsula,2017-01-01,9.3
214,Mornington Peninsula,2017-02-01,9.5
214,Mornington Peninsula,2017-03-01,9.5
214,Mornington Peninsula,2017-04-01,9.7
214,Mornington Peninsula,2017-05-01,8.9
214,Mornington Peninsula,2017-06-01,8.6
214,Mornington Peninsula,2017-07-01,9.3
214,Mornington Peninsula,2017-08-01,9.4
214,Mornington Peninsula,2017-09-01,9.1
214,Mornington Peninsula,2017-10-01,8.2
214,Mornington Peninsula,2017-11-01,8.1
214,Mornington Peninsula,2017-12-01,8.6
214,Mornington Peninsula,2018-01-01,8.9
214,Mornington Peninsula,2018-02-01,9.3
214,Mornington Peninsula,2018-03-01,8.8
214,Mornington Peninsula,2018-04-01,8.2
214,Mornington Peninsula,2018-05-01,7.6
214,Mornington Peninsula,2018-06-01,8.0
214,Mornington Peninsula,2018-07-01,7.6
214,Mornington Peninsula,2018-08-01,7.3
214,Mornington Peninsula,2018-09-01,6.8
214,Mornington Peninsula,2018-10-01,6.4
214,Mornington Peninsula,2018-11-01,6.4
214,Mornington Peninsula,2018-12-01,6.5
214,Mornington Peninsula,2019-01-01,7.8
214,Mornington Peninsula,2019-02-01,8.0
214,Mornington Peninsula,2019-03-01,7.8
214,Mornington Peninsula,2019-04-01,7.7
214,Mornington Peninsula,2019-05-01,7.4
214,Mornington Peninsula,2019-06-01,7.6
214,Mornington Peninsula,2019-07-01,7.6
214,Mornington Peninsula,2019-08-01,7.7
214,Mornington Peninsula,2019-09-01,7.6
214,Mornington Peninsula,2019-10-01,7.4
214,Mornington Peninsula,2019-11-01,7.0
214,Mornington Peninsula,2019-12-01,7.5
214,Mornington Peninsula,2020-01-01,9.5
214,Mornington Peninsula,2020-02-01,9.8
214,Mornington Peninsula,2020-03-01,9.0
214,Mornington Peninsula,2020-04-01,9.8
214,Mornington Peninsula,2020-05-01,10.0
214,Mornington Peninsula,2020-06-01,10.6
214,Mornington Peninsula,2020-07-01,10.0
214,Mornington Peninsula,2020-08-01,10.5
214,Mornington Peninsula,2020-09-01,9.5
214,Mornington Peninsula,2020-10-01,10.0
214,Mornington Peninsula,2020-11-01,10.1
214,Mornington Peninsula,2020-12-01,9.3
214,Mornington Peninsula,2021-01-01,9.9
214,Mornington Peninsula,2021-02-01,9.5
214,Mornington Peninsula,2021-03-01,9.5
214,Mornington Peninsula,2021-04-01,8.3
214,Mornington Peninsula,2021-05-01,7.2
214,Mornington Peninsula,2021-06-01,6.9
214,Mornington Peninsula,2021-07-01,6.8
214,Mornington Peninsula,2021-08-01,6.5
214,Mornington Peninsula,2021-09-01,7.0
214,Mornington Peninsula,2021-10-01,7.8
214,Mornington Peninsula,2021-11-01,6.6
214,Mornington Peninsula,2021-12-01,6.8
214,Mornington Peninsula,2022-01-01,7.0
214,Mornington Peninsula,2022-02-01,7.1
214,Mornington Peninsula,2022-03-01,6.9
214,Mornington Peninsula,2022-04-01,6.7
214,Mornington Peninsula,2022-05-01,5.9
214,Mornington Peninsula,2022-06-01,5.2
214,Mornington Peninsula,2022-07-01,5.1
214,Mornington Peninsula,2022-08-01,5.8
214,Mornington Peninsula,2022-09-01,5.4
214,Mornington Peninsula,2022-10-01,5.4
214,Mornington Peninsula,2022-11-01,5.4
214,Mornington Peninsula,2022-12-01,5.5
214,Mornington Peninsula,2023-01-01,7.1
214,Mornington Peninsula,2023-02-01,6.3
214,Mornington Peninsula,2023-03-01,5.9
214,Mornington Peninsula,2023-04-01,6.5
214,Mornington Peninsula,2023-05-01,5.7
214,Mornington Peninsula,2023-06-01,5.6
214,Mornington Peninsula,2023-07-01,5.4
214,Mornington Peninsula,2023-08-01,5.6
214,Mornington Peninsula,2023-09-01,5.4
214,Mornington Peninsula,2023-10-01,5.7
214,Mornington Peninsula,2023-11-01,5.8
214,Mornington Peninsula,2023-12-01,6.0
214,Mornington Peninsula,2024-01-01,6.6
214,Mornington Peninsula,2024-02-01,6.8
214,Mornington Peninsula,2024-03-01,7.1
214,Mornington Peninsula,2024-04-01,6.6
214,Mornington Peninsula,2024-05-01,7.1
214,Mornington Peninsula,2024-06-01,6.8
214,Mornington Peninsula,2024-07-01,7.1
214,Mornington Peninsula,2024-08-01,6.8
214,Mornington Peninsula,2024-09-01,6.9
214,Mornington Peninsula,2024-10-01,7.0
214,Mornington Peninsula,2024-11-01,6.2
214,Mornington Peninsula,2024-12-01,7.1
214,Mornington Peninsula,2025-01-01,8.1
214,Mornington Peninsula,2025-02-01,7.7
214,Mornington Peninsula,2025-03-01,7.3
214,Mornington Peninsula,2025-04-01,7.1
214,Mornington Peninsula,2025-05-01,6.9
214,Mornington Peninsula,2025-06-01,7.0
214,Mornington Peninsula,2025-07-01,6.8
214,Mornington Peninsula,2025-08-01,6.7
214,Mornington Peninsula,2025-09-01,7.4
214,Mornington Peninsula,2025-10-01,7.2
214,Mornington Peninsula,2025-11-01,7.2
214,Mornington Peninsula,2025-12-01,7.4
214,Mornington Peninsula,2026-01-01,7.0
214,Mornington Peninsula,2026-02-01,7.8
214,Mornington Peninsula,2026-03-01,8.0
215,Victoria - North West,2012-01-01,3.4
215,Victoria - North West,2012-02-01,3.6
215,Victoria - North West,2012-03-01,3.7
215,Victoria - North West,2012-04-01,3.3
215,Victoria - North West,2012-05-01,3.2
215,Victoria - North West,2012-06-01,3.3
215,Victoria - North West,2012-07-01,3.3
215,Victoria - North West,2012-08-01,3.6
215,Victoria - North West,2012-09-01,3.8
215,Victoria - North West,2012-10-01,3.2
215,Victoria - North West,2012-11-01,3.2
215,Victoria - North West,2012-12-01,3.5
215,Victoria - North West,2013-01-01,3.6
215,Victoria - North West,2013-02-01,3.7
215,Victoria - North West,2013-03-01,3.4
215,Victoria - North West,2013-04-01,3.4
215,Victoria - North West,2013-05-01,3.1
215,Victoria - North West,2013-06-01,3.2
215,Victoria - North West,2013-07-01,2.9
215,Victoria - North West,2013-08-01,3.3
215,Victoria - North West,2013-09-01,3.2
215,Victoria - North West,2013-10-01,3.2
215,Victoria - North West,2013-11-01,3.0
215,Victoria - North West,2013-12-01,3.2
215,Victoria - North West,2014-01-01,3.4
215,Victoria - North West,2014-02-01,3.9
215,Victoria - North West,2014-03-01,3.8
215,Victoria - North West,2014-04-01,3.8
215,Victoria - North West,2014-05-01,3.7
215,Victoria - North West,2014-06-01,3.8
215,Victoria - North West,2014-07-01,4.0
215,Victoria - North West,2014-08-01,4.2
215,Victoria - North West,2014-09-01,4.2
215,Victoria - North West,2014-10-01,4.1
215,Victoria - North West,2014-11-01,3.9
215,Victoria - North West,2014-12-01,3.9
215,Victoria - North West,2015-01-01,4.4
215,Victoria - North West,2015-02-01,4.0
215,Victoria - North West,2015-03-01,4.0
215,Victoria - North West,2015-04-01,3.9
215,Victoria - North West,2015-05-01,3.7
215,Victoria - North West,2015-06-01,3.6
215,Victoria - North West,2015-07-01,3.7
215,Victoria - North West,2015-08-01,3.6
215,Victoria - North West,2015-09-01,3.7
215,Victoria - North West,2015-10-01,3.3
215,Victoria - North West,2015-11-01,3.5
215,Victoria - North West,2015-12-01,3.5
215,Victoria - North West,2016-01-01,4.2
215,Victoria - North West,2016-02-01,3.8
215,Victoria - North West,2016-03-01,3.8
215,Victoria - North West,2016-04-01,3.5
215,Victoria - North West,2016-05-01,3.6
215,Victoria - North West,2016-06-01,3.4
215,Victoria - North West,2016-07-01,3.5
215,Victoria - North West,2016-08-01,3.5
215,Victoria - North West,2016-09-01,3.5
215,Victoria - North West,2016-10-01,3.3
215,Victoria - North West,2016-11-01,3.3
215,Victoria - North West,2016-12-01,3.3
215,Victoria - North West,2017-01-01,3.6
215,Victoria - North West,2017-02-01,3.7
215,Victoria - North West,2017-03-01,3.6
215,Victoria - North West,2017-04-01,3.3
215,Victoria - North West,2017-05-01,3.3
215,Victoria - North West,2017-06-01,3.1
215,Victoria - North West,2017-07-01,3.3
215,Victoria - North West,2017-08-01,3.4
215,Victoria - North West,2017-09-01,3.3
215,Victoria - North West,2017-10-01,3.2
215,Victoria - North West,2017-11-01,3.2
215,Victoria - North West,2017-12-01,3.5
215,Victoria - North West,2018-01-01,3.7
215,Victoria - North West,2018-02-01,3.6
215,Victoria - North West,2018-03-01,3.4
215,Victoria - North West,2018-04-01,3.2
215,Victoria - North West,2018-05-01,3.0
215,Victoria - North West,2018-06-01,3.1
215,Victoria - North West,2018-07-01,3.0
215,Victoria - North West,2018-08-01,2.9
215,Victoria - North West,2018-09-01,2.9
215,Victoria - North West,2018-10-01,2.7
215,Victoria - North West,2018-11-01,2.7
215,Victoria - North West,2018-12-01,2.7
215,Victoria - North West,2019-01-01,3.1
215,Victoria - North West,2019-02-01,3.2
215,Victoria - North West,2019-03-01,2.8
215,Victoria - North West,2019-04-01,2.8
215,Victoria - North West,2019-05-01,2.6
215,Victoria - North West,2019-06-01,2.6
215,Victoria - North West,2019-07-01,2.5
215,Victoria - North West,2019-08-01,2.8
215,Victoria - North West,2019-09-01,2.6
215,Victoria - North West,2019-10-01,2.6
215,Victoria - North West,2019-11-01,2.6
215,Victoria - North West,2019-12-01,2.8
215,Victoria - North West,2020-01-01,3.1
215,Victoria - North West,2020-02-01,2.9
215,Victoria - North West,2020-03-01,3.1
215,Victoria - North West,2020-04-01,3.1
215,Victoria - North West,2020-05-01,3.2
215,Victoria - North West,2020-06-01,3.5
215,Victoria - North West,2020-07-01,3.1
215,Victoria - North West,2020-08-01,3.4
215,Victoria - North West,2020-09-01,3.2
215,Victoria - North West,2020-10-01,3.3
215,Victoria - North West,2020-11-01,3.3
215,Victoria - North West,2020-12-01,3.2
215,Victoria - North West,2021-01-01,3.4
215,Victoria - North West,2021-02-01,3.4
215,Victoria - North West,2021-03-01,3.3
215,Victoria - North West,2021-04-01,3.0
215,Victoria - North West,2021-05-01,2.6
215,Victoria - North West,2021-06-01,2.5
215,Victoria - North West,2021-07-01,2.6
215,Victoria - North West,2021-08-01,2.5
215,Victoria - North West,2021-09-01,2.6
215,Victoria - North West,2021-10-01,2.6
215,Victoria - North West,2021-11-01,2.3
215,Victoria - North West,2021-12-01,2.5
215,Victoria - North West,2022-01-01,2.7
215,Victoria - North West,2022-02-01,2.7
215,Victoria - North West,2022-03-01,2.6
215,Victoria - North West,2022-04-01,2.6
215,Victoria - North West,2022-05-01,2.4
215,Victoria - North West,2022-06-01,2.1
215,Victoria - North West,2022-07-01,2.2
215,Victoria - North West,2022-08-01,2.3
215,Victoria - North West,2022-09-01,2.4
215,Victoria - North West,2022-10-01,2.3
215,Victoria - North West,2022-11-01,2.2
215,Victoria - North West,2022-12-01,2.3
215,Victoria - North West,2023-01-01,2.8
215,Victoria - North West,2023-02-01,2.7
215,Victoria - North West,2023-03-01,2.6
215,Victoria - North West,2023-04-01,2.6
215,Victoria - North West,2023-05-01,2.3
215,Victoria - North West,2023-06-01,2.3
215,Victoria - North West,2023-07-01,2.4
215,Victoria - North West,2023-08-01,2.3
215,Victoria - North West,2023-09-01,2.2
215,Victoria - North West,2023-10-01,2.3
215,Victoria - North West,2023-11-01,2.3
215,Victoria - North West,2023-12-01,2.4
215,Victoria - North West,2024-01-01,2.6
215,Victoria - North West,2024-02-01,2.6
215,Victoria - North West,2024-03-01,2.6
215,Victoria - North West,2024-04-01,2.7
215,Victoria - North West,2024-05-01,2.7
215,Victoria - North West,2024-06-01,2.5
215,Victoria - North West,2024-07-01,2.6
215,Victoria - North West,2024-08-01,2.7
215,Victoria - North West,2024-09-01,2.5
215,Victoria - North West,2024-10-01,2.5
215,Victoria - North West,2024-11-01,2.4
215,Victoria - North West,2024-12-01,2.7
215,Victoria - North West,2025-01-01,2.9
215,Victoria - North West,2025-02-01,2.9
215,Victoria - North West,2025-03-01,2.7
215,Victoria - North West,2025-04-01,2.7
215,Victoria - North West,2025-05-01,2.6
215,Victoria - North West,2025-06-01,2.6
215,Victoria - North West,2025-07-01,2.6
215,Victoria - North West,2025-08-01,2.6
215,Victoria - North West,2025-09-01,2.8
215,Victoria - North West,2025-10-01,2.6
215,Victoria - North West,2025-11-01,2.6
215,Victoria - North West,2025-12-01,2.7
215,Victoria - North West,2026-01-01,2.8
215,Victoria - North West,2026-02-01,2.9
215,Victoria - North West,2026-03-01,2.9
216,Shepparton,2012-01-01,3.3
216,Shepparton,2012-02-01,3.6
216,Shepparton,2012-03-01,3.6
216,Shepparton,2012-04-01,3.3
216,Shepparton,2012-05-01,3.1
216,Shepparton,2012-06-01,3.3
216,Shepparton,2012-07-01,3.2
216,Shepparton,2012-08-01,3.5
216,Shepparton,2012-09-01,3.6
216,Shepparton,2012-10-01,3.3
216,Shepparton,2012-11-01,3.3
216,Shepparton,2012-12-01,3.4
216,Shepparton,2013-01-01,3.8
216,Shepparton,2013-02-01,3.5
216,Shepparton,2013-03-01,3.3
216,Shepparton,2013-04-01,3.5
216,Shepparton,2013-05-01,2.9
216,Shepparton,2013-06-01,3.1
216,Shepparton,2013-07-01,3.0
216,Shepparton,2013-08-01,3.2
216,Shepparton,2013-09-01,3.2
216,Shepparton,2013-10-01,3.0
216,Shepparton,2013-11-01,3.1
216,Shepparton,2013-12-01,3.3
216,Shepparton,2014-01-01,3.8
216,Shepparton,2014-02-01,3.8
216,Shepparton,2014-03-01,3.6
216,Shepparton,2014-04-01,3.7
216,Shepparton,2014-05-01,3.6
216,Shepparton,2014-06-01,3.6
216,Shepparton,2014-07-01,3.8
216,Shepparton,2014-08-01,3.9
216,Shepparton,2014-09-01,3.8
216,Shepparton,2014-10-01,3.8
216,Shepparton,2014-11-01,3.6
216,Shepparton,2014-12-01,3.5
216,Shepparton,2015-01-01,3.9
216,Shepparton,2015-02-01,3.5
216,Shepparton,2015-03-01,3.4
216,Shepparton,2015-04-01,3.4
216,Shepparton,2015-05-01,3.1
216,Shepparton,2015-06-01,3.1
216,Shepparton,2015-07-01,3.4
216,Shepparton,2015-08-01,3.4
216,Shepparton,2015-09-01,3.4
216,Shepparton,2015-10-01,3.1
216,Shepparton,2015-11-01,3.5
216,Shepparton,2015-12-01,3.4
216,Shepparton,2016-01-01,4.1
216,Shepparton,2016-02-01,3.7
216,Shepparton,2016-03-01,3.5
216,Shepparton,2016-04-01,3.4
216,Shepparton,2016-05-01,3.3
216,Shepparton,2016-06-01,3.2
216,Shepparton,2016-07-01,3.5
216,Shepparton,2016-08-01,3.4
216,Shepparton,2016-09-01,3.4
216,Shepparton,2016-10-01,3.3
216,Shepparton,2016-11-01,3.3
216,Shepparton,2016-12-01,3.5
216,Shepparton,2017-01-01,3.6
216,Shepparton,2017-02-01,3.6
216,Shepparton,2017-03-01,3.7
216,Shepparton,2017-04-01,3.5
216,Shepparton,2017-05-01,3.4
216,Shepparton,2017-06-01,3.3
216,Shepparton,2017-07-01,3.6
216,Shepparton,2017-08-01,3.6
216,Shepparton,2017-09-01,3.5
216,Shepparton,2017-10-01,3.3
216,Shepparton,2017-11-01,3.3
216,Shepparton,2017-12-01,3.7
216,Shepparton,2018-01-01,3.9
216,Shepparton,2018-02-01,3.8
216,Shepparton,2018-03-01,3.5
216,Shepparton,2018-04-01,3.4
216,Shepparton,2018-05-01,3.2
216,Shepparton,2018-06-01,3.2
216,Shepparton,2018-07-01,3.2
216,Shepparton,2018-08-01,3.2
216,Shepparton,2018-09-01,3.1
216,Shepparton,2018-10-01,3.0
216,Shepparton,2018-11-01,3.0
216,Shepparton,2018-12-01,2.8
216,Shepparton,2019-01-01,3.2
216,Shepparton,2019-02-01,3.1
216,Shepparton,2019-03-01,3.0
216,Shepparton,2019-04-01,2.8
216,Shepparton,2019-05-01,2.7
216,Shepparton,2019-06-01,2.5
216,Shepparton,2019-07-01,2.6
216,Shepparton,2019-08-01,2.8
216,Shepparton,2019-09-01,2.6
216,Shepparton,2019-10-01,2.6
216,Shepparton,2019-11-01,2.6
216,Shepparton,2019-12-01,2.8
216,Shepparton,2020-01-01,3.3
216,Shepparton,2020-02-01,2.9
216,Shepparton,2020-03-01,3.2
216,Shepparton,2020-04-01,3.3
216,Shepparton,2020-05-01,3.4
216,Shepparton,2020-06-01,3.6
216,Shepparton,2020-07-01,3.4
216,Shepparton,2020-08-01,3.6
216,Shepparton,2020-09-01,3.4
216,Shepparton,2020-10-01,3.5
216,Shepparton,2020-11-01,3.4
216,Shepparton,2020-12-01,3.3
216,Shepparton,2021-01-01,3.5
216,Shepparton,2021-02-01,3.4
216,Shepparton,2021-03-01,3.3
216,Shepparton,2021-04-01,3.0
216,Shepparton,2021-05-01,2.7
216,Shepparton,2021-06-01,2.6
216,Shepparton,2021-07-01,2.5
216,Shepparton,2021-08-01,2.4
216,Shepparton,2021-09-01,2.7
216,Shepparton,2021-10-01,2.7
216,Shepparton,2021-11-01,2.4
216,Shepparton,2021-12-01,2.3
216,Shepparton,2022-01-01,2.7
216,Shepparton,2022-02-01,2.7
216,Shepparton,2022-03-01,2.5
216,Shepparton,2022-04-01,2.5
216,Shepparton,2022-05-01,2.3
216,Shepparton,2022-06-01,2.1
216,Shepparton,2022-07-01,2.0
216,Shepparton,2022-08-01,2.3
216,Shepparton,2022-09-01,2.2
216,Shepparton,2022-10-01,2.9
216,Shepparton,2022-11-01,2.7
216,Shepparton,2022-12-01,2.5
216,Shepparton,2023-01-01,2.8
216,Shepparton,2023-02-01,2.7
216,Shepparton,2023-03-01,2.5
216,Shepparton,2023-04-01,2.6
216,Shepparton,2023-05-01,2.2
216,Shepparton,2023-06-01,2.2
216,Shepparton,2023-07-01,2.2
216,Shepparton,2023-08-01,2.2
216,Shepparton,2023-09-01,2.2
216,Shepparton,2023-10-01,2.2
216,Shepparton,2023-11-01,2.2
216,Shepparton,2023-12-01,2.5
216,Shepparton,2024-01-01,2.6
216,Shepparton,2024-02-01,2.6
216,Shepparton,2024-03-01,2.6
216,Shepparton,2024-04-01,2.5
216,Shepparton,2024-05-01,2.6
216,Shepparton,2024-06-01,2.4
216,Shepparton,2024-07-01,2.5
216,Shepparton,2024-08-01,2.6
216,Shepparton,2024-09-01,2.5
216,Shepparton,2024-10-01,2.6
216,Shepparton,2024-11-01,2.4
216,Shepparton,2024-12-01,2.6
216,Shepparton,2025-01-01,2.9
216,Shepparton,2025-02-01,2.9
216,Shepparton,2025-03-01,2.7
216,Shepparton,2025-04-01,2.6
216,Shepparton,2025-05-01,2.5
216,Shepparton,2025-06-01,2.5
216,Shepparton,2025-07-01,2.6
216,Shepparton,2025-08-01,2.6
216,Shepparton,2025-09-01,2.8
216,Shepparton,2025-10-01,2.7
216,Shepparton,2025-11-01,2.6
216,Shepparton,2025-12-01,2.7
216,Shepparton,2026-01-01,2.9
216,Shepparton,2026-02-01,3.0
216,Shepparton,2026-03-01,2.9
217,Warrnambool and South West,2012-01-01,2.6
217,Warrnambool and South West,2012-02-01,2.8
217,Warrnambool and South West,2012-03-01,2.7
217,Warrnambool and South West,2012-04-01,2.5
217,Warrnambool and South West,2012-05-01,2.5
217,Warrnambool and South West,2012-06-01,2.4
217,Warrnambool and South West,2012-07-01,2.5
217,Warrnambool and South West,2012-08-01,2.7
217,Warrnambool and South West,2012-09-01,2.8
217,Warrnambool and South West,2012-10-01,2.5
217,Warrnambool and South West,2012-11-01,2.5
217,Warrnambool and South West,2012-12-01,2.7
217,Warrnambool and South West,2013-01-01,2.9
217,Warrnambool and South West,2013-02-01,3.0
217,Warrnambool and South West,2013-03-01,2.9
217,Warrnambool and South West,2013-04-01,2.8
217,Warrnambool and South West,2013-05-01,2.5
217,Warrnambool and South West,2013-06-01,2.5
217,Warrnambool and South West,2013-07-01,2.5
217,Warrnambool and South West,2013-08-01,2.6
217,Warrnambool and South West,2013-09-01,2.6
217,Warrnambool and South West,2013-10-01,2.5
217,Warrnambool and South West,2013-11-01,2.5
217,Warrnambool and South West,2013-12-01,2.7
217,Warrnambool and South West,2014-01-01,3.0
217,Warrnambool and South West,2014-02-01,3.3
217,Warrnambool and South West,2014-03-01,3.0
217,Warrnambool and South West,2014-04-01,3.1
217,Warrnambool and South West,2014-05-01,3.0
217,Warrnambool and South West,2014-06-01,3.0
217,Warrnambool and South West,2014-07-01,3.2
217,Warrnambool and South West,2014-08-01,3.2
217,Warrnambool and South West,2014-09-01,3.2
217,Warrnambool and South West,2014-10-01,3.0
217,Warrnambool and South West,2014-11-01,2.8
217,Warrnambool and South West,2014-12-01,2.8
217,Warrnambool and South West,2015-01-01,3.2
217,Warrnambool and South West,2015-02-01,2.9
217,Warrnambool and South West,2015-03-01,3.0
217,Warrnambool and South West,2015-04-01,2.8
217,Warrnambool and South West,2015-05-01,2.7
217,Warrnambool and South West,2015-06-01,2.6
217,Warrnambool and South West,2015-07-01,2.7
217,Warrnambool and South West,2015-08-01,2.7
217,Warrnambool and South West,2015-09-01,2.6
217,Warrnambool and South West,2015-10-01,2.5
217,Warrnambool and South West,2015-11-01,2.7
217,Warrnambool and South West,2015-12-01,2.6
217,Warrnambool and South West,2016-01-01,3.0
217,Warrnambool and South West,2016-02-01,3.0
217,Warrnambool and South West,2016-03-01,2.9
217,Warrnambool and South West,2016-04-01,2.7
217,Warrnambool and South West,2016-05-01,2.6
217,Warrnambool and South West,2016-06-01,2.5
217,Warrnambool and South West,2016-07-01,2.6
217,Warrnambool and South West,2016-08-01,2.7
217,Warrnambool and South West,2016-09-01,2.7
217,Warrnambool and South West,2016-10-01,2.5
217,Warrnambool and South West,2016-11-01,2.5
217,Warrnambool and South West,2016-12-01,2.6
217,Warrnambool and South West,2017-01-01,2.8
217,Warrnambool and South West,2017-02-01,2.9
217,Warrnambool and South West,2017-03-01,2.8
217,Warrnambool and South West,2017-04-01,2.6
217,Warrnambool and South West,2017-05-01,2.5
217,Warrnambool and South West,2017-06-01,2.4
217,Warrnambool and South West,2017-07-01,2.5
217,Warrnambool and South West,2017-08-01,2.6
217,Warrnambool and South West,2017-09-01,2.6
217,Warrnambool and South West,2017-10-01,2.5
217,Warrnambool and South West,2017-11-01,2.4
217,Warrnambool and South West,2017-12-01,2.7
217,Warrnambool and South West,2018-01-01,2.7
217,Warrnambool and South West,2018-02-01,2.8
217,Warrnambool and South West,2018-03-01,2.6
217,Warrnambool and South West,2018-04-01,2.5
217,Warrnambool and South West,2018-05-01,2.4
217,Warrnambool and South West,2018-06-01,2.4
217,Warrnambool and South West,2018-07-01,2.4
217,Warrnambool and South West,2018-08-01,2.4
217,Warrnambool and South West,2018-09-01,2.3
217,Warrnambool and South West,2018-10-01,2.1
217,Warrnambool and South West,2018-11-01,2.2
217,Warrnambool and South West,2018-12-01,2.2
217,Warrnambool and South West,2019-01-01,2.5
217,Warrnambool and South West,2019-02-01,2.4
217,Warrnambool and South West,2019-03-01,2.3
217,Warrnambool and South West,2019-04-01,2.2
217,Warrnambool and South West,2019-05-01,2.0
217,Warrnambool and South West,2019-06-01,2.1
217,Warrnambool and South West,2019-07-01,2.1
217,Warrnambool and South West,2019-08-01,2.2
217,Warrnambool and South West,2019-09-01,2.1
217,Warrnambool and South West,2019-10-01,2.1
217,Warrnambool and South West,2019-11-01,2.0
217,Warrnambool and South West,2019-12-01,2.2
217,Warrnambool and South West,2020-01-01,2.4
217,Warrnambool and South West,2020-02-01,2.3
217,Warrnambool and South West,2020-03-01,2.4
217,Warrnambool and South West,2020-04-01,2.3
217,Warrnambool and South West,2020-05-01,2.5
217,Warrnambool and South West,2020-06-01,2.6
217,Warrnambool and South West,2020-07-01,2.5
217,Warrnambool and South West,2020-08-01,2.5
217,Warrnambool and South West,2020-09-01,2.5
217,Warrnambool and South West,2020-10-01,2.4
217,Warrnambool and South West,2020-11-01,2.5
217,Warrnambool and South West,2020-12-01,2.4
217,Warrnambool and South West,2021-01-01,2.6
217,Warrnambool and South West,2021-02-01,2.5
217,Warrnambool and South West,2021-03-01,2.4
217,Warrnambool and South West,2021-04-01,2.3
217,Warrnambool and South West,2021-05-01,2.0
217,Warrnambool and South West,2021-06-01,1.8
217,Warrnambool and South West,2021-07-01,1.9
217,Warrnambool and South West,2021-08-01,1.8
217,Warrnambool and South West,2021-09-01,1.9
217,Warrnambool and South West,2021-10-01,1.9
217,Warrnambool and South West,2021-11-01,1.8
217,Warrnambool and South West,2021-12-01,1.8
217,Warrnambool and South West,2022-01-01,2.0
217,Warrnambool and South West,2022-02-01,2.0
217,Warrnambool and South West,2022-03-01,1.9
217,Warrnambool and South West,2022-04-01,1.9
217,Warrnambool and South West,2022-05-01,1.6
217,Warrnambool and South West,2022-06-01,1.5
217,Warrnambool and South West,2022-07-01,1.6
217,Warrnambool and South West,2022-08-01,1.6
217,Warrnambool and South West,2022-09-01,1.6
217,Warrnambool and South West,2022-10-01,1.6
217,Warrnambool and South West,2022-11-01,1.6
217,Warrnambool and South West,2022-12-01,1.6
217,Warrnambool and South West,2023-01-01,1.9
217,Warrnambool and South West,2023-02-01,1.9
217,Warrnambool and South West,2023-03-01,1.7
217,Warrnambool and South West,2023-04-01,1.8
217,Warrnambool and South West,2023-05-01,1.7
217,Warrnambool and South West,2023-06-01,1.5
217,Warrnambool and South West,2023-07-01,1.6
217,Warrnambool and South West,2023-08-01,1.6
217,Warrnambool and South West,2023-09-01,1.6
217,Warrnambool and South West,2023-10-01,1.6
217,Warrnambool and South West,2023-11-01,1.6
217,Warrnambool and South West,2023-12-01,1.7
217,Warrnambool and South West,2024-01-01,1.8
217,Warrnambool and South West,2024-02-01,1.9
217,Warrnambool and South West,2024-03-01,1.8
217,Warrnambool and South West,2024-04-01,1.8
217,Warrnambool and South West,2024-05-01,1.8
217,Warrnambool and South West,2024-06-01,1.8
217,Warrnambool and South West,2024-07-01,1.8
217,Warrnambool and South West,2024-08-01,1.8
217,Warrnambool and South West,2024-09-01,1.8
217,Warrnambool and South West,2024-10-01,1.8
217,Warrnambool and South West,2024-11-01,1.7
217,Warrnambool and South West,2024-12-01,1.8
217,Warrnambool and South West,2025-01-01,2.1
217,Warrnambool and South West,2025-02-01,2.0
217,Warrnambool and South West,2025-03-01,1.9
217,Warrnambool and South West,2025-04-01,1.8
217,Warrnambool and South West,2025-05-01,1.8
217,Warrnambool and South West,2025-06-01,1.8
217,Warrnambool and South West,2025-07-01,1.8
217,Warrnambool and South West,2025-08-01,1.8
217,Warrnambool and South West,2025-09-01,1.9
217,Warrnambool and South West,2025-10-01,1.8
217,Warrnambool and South West,2025-11-01,1.8
217,Warrnambool and South West,2025-12-01,1.9
217,Warrnambool and South West,2026-01-01,2.0
217,Warrnambool and South West,2026-02-01,2.0
217,Warrnambool and South West,2026-03-01,2.0
301,Brisbane - East,2012-01-01,5.6
301,Brisbane - East,2012-02-01,6.7
301,Brisbane - East,2012-03-01,6.3
301,Brisbane - East,2012-04-01,5.5
301,Brisbane - East,2012-05-01,6.2
301,Brisbane - East,2012-06-01,5.2
301,Brisbane - East,2012-07-01,5.3
301,Brisbane - East,2012-08-01,5.7
301,Brisbane - East,2012-09-01,6.3
301,Brisbane - East,2012-10-01,5.8
301,Brisbane - East,2012-11-01,6.2
301,Brisbane - East,2012-12-01,5.6
301,Brisbane - East,2013-01-01,6.3
301,Brisbane - East,2013-02-01,6.9
301,Brisbane - East,2013-03-01,6.3
301,Brisbane - East,2013-04-01,5.4
301,Brisbane - East,2013-05-01,6.4
301,Brisbane - East,2013-06-01,6.0
301,Brisbane - East,2013-07-01,5.6
301,Brisbane - East,2013-08-01,6.0
301,Brisbane - East,2013-09-01,6.3
301,Brisbane - East,2013-10-01,5.7
301,Brisbane - East,2013-11-01,5.6
301,Brisbane - East,2013-12-01,6.4
301,Brisbane - East,2014-01-01,6.2
301,Brisbane - East,2014-02-01,8.0
301,Brisbane - East,2014-03-01,7.2
301,Brisbane - East,2014-04-01,6.0
301,Brisbane - East,2014-05-01,6.2
301,Brisbane - East,2014-06-01,7.2
301,Brisbane - East,2014-07-01,6.7
301,Brisbane - East,2014-08-01,6.6
301,Brisbane - East,2014-09-01,6.9
301,Brisbane - East,2014-10-01,6.9
301,Brisbane - East,2014-11-01,6.0
301,Brisbane - East,2014-12-01,6.2
301,Brisbane - East,2015-01-01,7.3
301,Brisbane - East,2015-02-01,8.1
301,Brisbane - East,2015-03-01,7.6
301,Brisbane - East,2015-04-01,6.6
301,Brisbane - East,2015-05-01,5.6
301,Brisbane - East,2015-06-01,6.0
301,Brisbane - East,2015-07-01,6.3
301,Brisbane - East,2015-08-01,6.0
301,Brisbane - East,2015-09-01,5.8
301,Brisbane - East,2015-10-01,5.8
301,Brisbane - East,2015-11-01,5.3
301,Brisbane - East,2015-12-01,5.5
301,Brisbane - East,2016-01-01,6.9
301,Brisbane - East,2016-02-01,6.2
301,Brisbane - East,2016-03-01,6.5
301,Brisbane - East,2016-04-01,6.5
301,Brisbane - East,2016-05-01,5.5
301,Brisbane - East,2016-06-01,5.9
301,Brisbane - East,2016-07-01,5.9
301,Brisbane - East,2016-08-01,5.8
301,Brisbane - East,2016-09-01,5.8
301,Brisbane - East,2016-10-01,5.6
301,Brisbane - East,2016-11-01,5.7
301,Brisbane - East,2016-12-01,6.1
301,Brisbane - East,2017-01-01,7.2
301,Brisbane - East,2017-02-01,8.0
301,Brisbane - East,2017-03-01,7.1
301,Brisbane - East,2017-04-01,6.9
301,Brisbane - East,2017-05-01,6.7
301,Brisbane - East,2017-06-01,6.9
301,Brisbane - East,2017-07-01,6.3
301,Brisbane - East,2017-08-01,6.1
301,Brisbane - East,2017-09-01,6.0
301,Brisbane - East,2017-10-01,6.0
301,Brisbane - East,2017-11-01,5.6
301,Brisbane - East,2017-12-01,5.5
301,Brisbane - East,2018-01-01,6.8
301,Brisbane - East,2018-02-01,7.8
301,Brisbane - East,2018-03-01,6.9
301,Brisbane - East,2018-04-01,6.8
301,Brisbane - East,2018-05-01,6.4
301,Brisbane - East,2018-06-01,6.4
301,Brisbane - East,2018-07-01,6.2
301,Brisbane - East,2018-08-01,6.8
301,Brisbane - East,2018-09-01,5.7
301,Brisbane - East,2018-10-01,6.0
301,Brisbane - East,2018-11-01,6.2
301,Brisbane - East,2018-12-01,6.0
301,Brisbane - East,2019-01-01,6.9
301,Brisbane - East,2019-02-01,6.7
301,Brisbane - East,2019-03-01,7.0
301,Brisbane - East,2019-04-01,6.5
301,Brisbane - East,2019-05-01,6.0
301,Brisbane - East,2019-06-01,6.2
301,Brisbane - East,2019-07-01,6.1
301,Brisbane - East,2019-08-01,7.0
301,Brisbane - East,2019-09-01,5.5
301,Brisbane - East,2019-10-01,6.3
301,Brisbane - East,2019-11-01,5.5
301,Brisbane - East,2019-12-01,5.7
301,Brisbane - East,2020-01-01,7.2
301,Brisbane - East,2020-02-01,6.5
301,Brisbane - East,2020-03-01,6.6
301,Brisbane - East,2020-04-01,7.5
301,Brisbane - East,2020-05-01,8.2
301,Brisbane - East,2020-06-01,8.2
301,Brisbane - East,2020-07-01,8.5
301,Brisbane - East,2020-08-01,7.5
301,Brisbane - East,2020-09-01,7.9
301,Brisbane - East,2020-10-01,7.7
301,Brisbane - East,2020-11-01,7.0
301,Brisbane - East,2020-12-01,7.6
301,Brisbane - East,2021-01-01,8.4
301,Brisbane - East,2021-02-01,7.7
301,Brisbane - East,2021-03-01,7.4
301,Brisbane - East,2021-04-01,7.2
301,Brisbane - East,2021-05-01,6.3
301,Brisbane - East,2021-06-01,5.6
301,Brisbane - East,2021-07-01,5.7
301,Brisbane - East,2021-08-01,6.3
301,Brisbane - East,2021-09-01,5.2
301,Brisbane - East,2021-10-01,4.9
301,Brisbane - East,2021-11-01,4.8
301,Brisbane - East,2021-12-01,4.8
301,Brisbane - East,2022-01-01,5.7
301,Brisbane - East,2022-02-01,5.2
301,Brisbane - East,2022-03-01,4.7
301,Brisbane - East,2022-04-01,4.6
301,Brisbane - East,2022-05-01,4.6
301,Brisbane - East,2022-06-01,4.7
301,Brisbane - East,2022-07-01,3.7
301,Brisbane - East,2022-08-01,4.3
301,Brisbane - East,2022-09-01,3.5
301,Brisbane - East,2022-10-01,3.7
301,Brisbane - East,2022-11-01,4.0
301,Brisbane - East,2022-12-01,4.1
301,Brisbane - East,2023-01-01,4.6
301,Brisbane - East,2023-02-01,4.6
301,Brisbane - East,2023-03-01,5.1
301,Brisbane - East,2023-04-01,4.7
301,Brisbane - East,2023-05-01,4.8
301,Brisbane - East,2023-06-01,4.5
301,Brisbane - East,2023-07-01,5.3
301,Brisbane - East,2023-08-01,4.9
301,Brisbane - East,2023-09-01,4.1
301,Brisbane - East,2023-10-01,5.1
301,Brisbane - East,2023-11-01,4.7
301,Brisbane - East,2023-12-01,5.1
301,Brisbane - East,2024-01-01,4.9
301,Brisbane - East,2024-02-01,5.0
301,Brisbane - East,2024-03-01,5.3
301,Brisbane - East,2024-04-01,5.5
301,Brisbane - East,2024-05-01,5.1
301,Brisbane - East,2024-06-01,4.7
301,Brisbane - East,2024-07-01,5.7
301,Brisbane - East,2024-08-01,4.9
301,Brisbane - East,2024-09-01,4.8
301,Brisbane - East,2024-10-01,5.1
301,Brisbane - East,2024-11-01,4.1
301,Brisbane - East,2024-12-01,4.5
301,Brisbane - East,2025-01-01,5.4
301,Brisbane - East,2025-02-01,5.6
301,Brisbane - East,2025-03-01,5.7
301,Brisbane - East,2025-04-01,5.8
301,Brisbane - East,2025-05-01,4.5
301,Brisbane - East,2025-06-01,5.4
301,Brisbane - East,2025-07-01,5.5
301,Brisbane - East,2025-08-01,4.8
301,Brisbane - East,2025-09-01,5.1
301,Brisbane - East,2025-10-01,5.2
301,Brisbane - East,2025-11-01,5.1
301,Brisbane - East,2025-12-01,4.8
301,Brisbane - East,2026-01-01,6.5
301,Brisbane - East,2026-02-01,6.0
301,Brisbane - East,2026-03-01,5.0
302,Brisbane - North,2012-01-01,5.1
302,Brisbane - North,2012-02-01,6.4
302,Brisbane - North,2012-03-01,6.0
302,Brisbane - North,2012-04-01,5.1
302,Brisbane - North,2012-05-01,6.1
302,Brisbane - North,2012-06-01,5.6
302,Brisbane - North,2012-07-01,6.0
302,Brisbane - North,2012-08-01,5.7
302,Brisbane - North,2012-09-01,6.2
302,Brisbane - North,2012-10-01,5.8
302,Brisbane - North,2012-11-01,5.8
302,Brisbane - North,2012-12-01,6.1
302,Brisbane - North,2013-01-01,5.9
302,Brisbane - North,2013-02-01,6.6
302,Brisbane - North,2013-03-01,6.5
302,Brisbane - North,2013-04-01,5.3
302,Brisbane - North,2013-05-01,5.4
302,Brisbane - North,2013-06-01,6.3
302,Brisbane - North,2013-07-01,5.5
302,Brisbane - North,2013-08-01,5.7
302,Brisbane - North,2013-09-01,6.0
302,Brisbane - North,2013-10-01,5.5
302,Brisbane - North,2013-11-01,5.5
302,Brisbane - North,2013-12-01,6.2
302,Brisbane - North,2014-01-01,6.7
302,Brisbane - North,2014-02-01,7.4
302,Brisbane - North,2014-03-01,6.9
302,Brisbane - North,2014-04-01,6.2
302,Brisbane - North,2014-05-01,6.3
302,Brisbane - North,2014-06-01,6.6
302,Brisbane - North,2014-07-01,6.7
302,Brisbane - North,2014-08-01,6.5
302,Brisbane - North,2014-09-01,6.2
302,Brisbane - North,2014-10-01,6.2
302,Brisbane - North,2014-11-01,6.3
302,Brisbane - North,2014-12-01,6.5
302,Brisbane - North,2015-01-01,6.6
302,Brisbane - North,2015-02-01,7.5
302,Brisbane - North,2015-03-01,6.9
302,Brisbane - North,2015-04-01,6.4
302,Brisbane - North,2015-05-01,6.0
302,Brisbane - North,2015-06-01,5.9
302,Brisbane - North,2015-07-01,6.4
302,Brisbane - North,2015-08-01,5.9
302,Brisbane - North,2015-09-01,5.4
302,Brisbane - North,2015-10-01,5.8
302,Brisbane - North,2015-11-01,5.4
302,Brisbane - North,2015-12-01,5.7
302,Brisbane - North,2016-01-01,7.1
302,Brisbane - North,2016-02-01,6.2
302,Brisbane - North,2016-03-01,6.2
302,Brisbane - North,2016-04-01,5.5
302,Brisbane - North,2016-05-01,6.4
302,Brisbane - North,2016-06-01,5.9
302,Brisbane - North,2016-07-01,5.9
302,Brisbane - North,2016-08-01,5.9
302,Brisbane - North,2016-09-01,6.0
302,Brisbane - North,2016-10-01,5.3
302,Brisbane - North,2016-11-01,5.4
302,Brisbane - North,2016-12-01,5.6
302,Brisbane - North,2017-01-01,6.8
302,Brisbane - North,2017-02-01,7.7
302,Brisbane - North,2017-03-01,6.4
302,Brisbane - North,2017-04-01,5.9
302,Brisbane - North,2017-05-01,6.5
302,Brisbane - North,2017-06-01,6.6
302,Brisbane - North,2017-07-01,6.0
302,Brisbane - North,2017-08-01,5.5
302,Brisbane - North,2017-09-01,6.0
302,Brisbane - North,2017-10-01,5.4
302,Brisbane - North,2017-11-01,5.3
302,Brisbane - North,2017-12-01,5.1
302,Brisbane - North,2018-01-01,6.5
302,Brisbane - North,2018-02-01,7.0
302,Brisbane - North,2018-03-01,7.1
302,Brisbane - North,2018-04-01,7.0
302,Brisbane - North,2018-05-01,6.1
302,Brisbane - North,2018-06-01,6.3
302,Brisbane - North,2018-07-01,6.5
302,Brisbane - North,2018-08-01,6.8
302,Brisbane - North,2018-09-01,5.8
302,Brisbane - North,2018-10-01,6.2
302,Brisbane - North,2018-11-01,6.1
302,Brisbane - North,2018-12-01,5.3
302,Brisbane - North,2019-01-01,7.0
302,Brisbane - North,2019-02-01,6.5
302,Brisbane - North,2019-03-01,6.9
302,Brisbane - North,2019-04-01,6.5
302,Brisbane - North,2019-05-01,6.1
302,Brisbane - North,2019-06-01,6.5
302,Brisbane - North,2019-07-01,6.4
302,Brisbane - North,2019-08-01,6.3
302,Brisbane - North,2019-09-01,6.2
302,Brisbane - North,2019-10-01,6.1
302,Brisbane - North,2019-11-01,5.5
302,Brisbane - North,2019-12-01,5.5
302,Brisbane - North,2020-01-01,7.0
302,Brisbane - North,2020-02-01,6.9
302,Brisbane - North,2020-03-01,6.3
302,Brisbane - North,2020-04-01,7.4
302,Brisbane - North,2020-05-01,7.9
302,Brisbane - North,2020-06-01,8.1
302,Brisbane - North,2020-07-01,8.8
302,Brisbane - North,2020-08-01,7.4
302,Brisbane - North,2020-09-01,8.1
302,Brisbane - North,2020-10-01,8.2
302,Brisbane - North,2020-11-01,7.3
302,Brisbane - North,2020-12-01,7.5
302,Brisbane - North,2021-01-01,8.7
302,Brisbane - North,2021-02-01,7.1
302,Brisbane - North,2021-03-01,7.2
302,Brisbane - North,2021-04-01,6.6
302,Brisbane - North,2021-05-01,6.1
302,Brisbane - North,2021-06-01,6.1
302,Brisbane - North,2021-07-01,5.8
302,Brisbane - North,2021-08-01,5.8
302,Brisbane - North,2021-09-01,5.4
302,Brisbane - North,2021-10-01,5.0
302,Brisbane - North,2021-11-01,4.9
302,Brisbane - North,2021-12-01,4.5
302,Brisbane - North,2022-01-01,5.0
302,Brisbane - North,2022-02-01,5.0
302,Brisbane - North,2022-03-01,4.8
302,Brisbane - North,2022-04-01,4.9
302,Brisbane - North,2022-05-01,4.5
302,Brisbane - North,2022-06-01,4.6
302,Brisbane - North,2022-07-01,3.8
302,Brisbane - North,2022-08-01,3.7
302,Brisbane - North,2022-09-01,4.1
302,Brisbane - North,2022-10-01,3.3
302,Brisbane - North,2022-11-01,3.1
302,Brisbane - North,2022-12-01,3.8
302,Brisbane - North,2023-01-01,4.8
302,Brisbane - North,2023-02-01,4.4
302,Brisbane - North,2023-03-01,4.9
302,Brisbane - North,2023-04-01,4.5
302,Brisbane - North,2023-05-01,4.7
302,Brisbane - North,2023-06-01,4.0
302,Brisbane - North,2023-07-01,5.0
302,Brisbane - North,2023-08-01,4.4
302,Brisbane - North,2023-09-01,4.0
302,Brisbane - North,2023-10-01,4.3
302,Brisbane - North,2023-11-01,4.6
302,Brisbane - North,2023-12-01,4.7
302,Brisbane - North,2024-01-01,4.7
302,Brisbane - North,2024-02-01,5.3
302,Brisbane - North,2024-03-01,5.5
302,Brisbane - North,2024-04-01,5.0
302,Brisbane - North,2024-05-01,4.8
302,Brisbane - North,2024-06-01,4.7
302,Brisbane - North,2024-07-01,5.5
302,Brisbane - North,2024-08-01,4.8
302,Brisbane - North,2024-09-01,4.3
302,Brisbane - North,2024-10-01,4.7
302,Brisbane - North,2024-11-01,3.9
302,Brisbane - North,2024-12-01,4.8
302,Brisbane - North,2025-01-01,5.4
302,Brisbane - North,2025-02-01,5.2
302,Brisbane - North,2025-03-01,5.2
302,Brisbane - North,2025-04-01,4.9
302,Brisbane - North,2025-05-01,4.8
302,Brisbane - North,2025-06-01,4.8
302,Brisbane - North,2025-07-01,5.2
302,Brisbane - North,2025-08-01,5.5
302,Brisbane - North,2025-09-01,4.9
302,Brisbane - North,2025-10-01,5.1
302,Brisbane - North,2025-11-01,4.5
302,Brisbane - North,2025-12-01,4.2
302,Brisbane - North,2026-01-01,5.6
302,Brisbane - North,2026-02-01,6.0
302,Brisbane - North,2026-03-01,5.0
303,Brisbane - South,2012-01-01,10.1
303,Brisbane - South,2012-02-01,12.7
303,Brisbane - South,2012-03-01,11.4
303,Brisbane - South,2012-04-01,10.0
303,Brisbane - South,2012-05-01,10.5
303,Brisbane - South,2012-06-01,9.8
303,Brisbane - South,2012-07-01,10.4
303,Brisbane - South,2012-08-01,10.4
303,Brisbane - South,2012-09-01,12.7
303,Brisbane - South,2012-10-01,11.9
303,Brisbane - South,2012-11-01,10.3
303,Brisbane - South,2012-12-01,11.1
303,Brisbane - South,2013-01-01,12.2
303,Brisbane - South,2013-02-01,13.3
303,Brisbane - South,2013-03-01,11.2
303,Brisbane - South,2013-04-01,10.6
303,Brisbane - South,2013-05-01,10.6
303,Brisbane - South,2013-06-01,10.2
303,Brisbane - South,2013-07-01,10.8
303,Brisbane - South,2013-08-01,9.7
303,Brisbane - South,2013-09-01,11.5
303,Brisbane - South,2013-10-01,10.3
303,Brisbane - South,2013-11-01,11.0
303,Brisbane - South,2013-12-01,11.0
303,Brisbane - South,2014-01-01,12.7
303,Brisbane - South,2014-02-01,14.6
303,Brisbane - South,2014-03-01,13.6
303,Brisbane - South,2014-04-01,11.2
303,Brisbane - South,2014-05-01,12.6
303,Brisbane - South,2014-06-01,11.5
303,Brisbane - South,2014-07-01,12.2
303,Brisbane - South,2014-08-01,13.2
303,Brisbane - South,2014-09-01,11.9
303,Brisbane - South,2014-10-01,13.6
303,Brisbane - South,2014-11-01,12.2
303,Brisbane - South,2014-12-01,11.5
303,Brisbane - South,2015-01-01,12.7
303,Brisbane - South,2015-02-01,13.7
303,Brisbane - South,2015-03-01,13.0
303,Brisbane - South,2015-04-01,11.8
303,Brisbane - South,2015-05-01,11.3
303,Brisbane - South,2015-06-01,9.9
303,Brisbane - South,2015-07-01,11.2
303,Brisbane - South,2015-08-01,11.5
303,Brisbane - South,2015-09-01,10.8
303,Brisbane - South,2015-10-01,10.8
303,Brisbane - South,2015-11-01,10.5
303,Brisbane - South,2015-12-01,10.8
303,Brisbane - South,2016-01-01,12.7
303,Brisbane - South,2016-02-01,11.9
303,Brisbane - South,2016-03-01,11.7
303,Brisbane - South,2016-04-01,11.4
303,Brisbane - South,2016-05-01,11.5
303,Brisbane - South,2016-06-01,11.6
303,Brisbane - South,2016-07-01,10.2
303,Brisbane - South,2016-08-01,11.9
303,Brisbane - South,2016-09-01,11.8
303,Brisbane - South,2016-10-01,9.9
303,Brisbane - South,2016-11-01,9.6
303,Brisbane - South,2016-12-01,12.2
303,Brisbane - South,2017-01-01,11.9
303,Brisbane - South,2017-02-01,15.6
303,Brisbane - South,2017-03-01,13.2
303,Brisbane - South,2017-04-01,11.6
303,Brisbane - South,2017-05-01,11.6
303,Brisbane - South,2017-06-01,12.6
303,Brisbane - South,2017-07-01,12.5
303,Brisbane - South,2017-08-01,11.6
303,Brisbane - South,2017-09-01,9.6
303,Brisbane - South,2017-10-01,10.3
303,Brisbane - South,2017-11-01,10.2
303,Brisbane - South,2017-12-01,10.9
303,Brisbane - South,2018-01-01,13.9
303,Brisbane - South,2018-02-01,13.8
303,Brisbane - South,2018-03-01,12.1
303,Brisbane - South,2018-04-01,12.5
303,Brisbane - South,2018-05-01,11.7
303,Brisbane - South,2018-06-01,12.3
303,Brisbane - South,2018-07-01,11.2
303,Brisbane - South,2018-08-01,11.9
303,Brisbane - South,2018-09-01,11.4
303,Brisbane - South,2018-10-01,10.9
303,Brisbane - South,2018-11-01,10.6
303,Brisbane - South,2018-12-01,11.7
303,Brisbane - South,2019-01-01,12.7
303,Brisbane - South,2019-02-01,11.9
303,Brisbane - South,2019-03-01,13.0
303,Brisbane - South,2019-04-01,12.1
303,Brisbane - South,2019-05-01,11.4
303,Brisbane - South,2019-06-01,12.8
303,Brisbane - South,2019-07-01,11.4
303,Brisbane - South,2019-08-01,12.0
303,Brisbane - South,2019-09-01,11.9
303,Brisbane - South,2019-10-01,10.8
303,Brisbane - South,2019-11-01,10.5
303,Brisbane - South,2019-12-01,10.5
303,Brisbane - South,2020-01-01,12.9
303,Brisbane - South,2020-02-01,12.6
303,Brisbane - South,2020-03-01,12.9
303,Brisbane - South,2020-04-01,12.2
303,Brisbane - South,2020-05-01,15.0
303,Brisbane - South,2020-06-01,15.1
303,Brisbane - South,2020-07-01,16.8
303,Brisbane - South,2020-08-01,13.3
303,Brisbane - South,2020-09-01,14.1
303,Brisbane - South,2020-10-01,15.8
303,Brisbane - South,2020-11-01,15.3
303,Brisbane - South,2020-12-01,15.1
303,Brisbane - South,2021-01-01,16.8
303,Brisbane - South,2021-02-01,15.0
303,Brisbane - South,2021-03-01,13.9
303,Brisbane - South,2021-04-01,14.0
303,Brisbane - South,2021-05-01,11.9
303,Brisbane - South,2021-06-01,11.5
303,Brisbane - South,2021-07-01,12.1
303,Brisbane - South,2021-08-01,11.7
303,Brisbane - South,2021-09-01,9.8
303,Brisbane - South,2021-10-01,10.5
303,Brisbane - South,2021-11-01,8.9
303,Brisbane - South,2021-12-01,8.8
303,Brisbane - South,2022-01-01,9.7
303,Brisbane - South,2022-02-01,9.3
303,Brisbane - South,2022-03-01,9.5
303,Brisbane - South,2022-04-01,9.6
303,Brisbane - South,2022-05-01,8.4
303,Brisbane - South,2022-06-01,8.1
303,Brisbane - South,2022-07-01,7.8
303,Brisbane - South,2022-08-01,6.5
303,Brisbane - South,2022-09-01,7.8
303,Brisbane - South,2022-10-01,6.7
303,Brisbane - South,2022-11-01,6.3
303,Brisbane - South,2022-12-01,7.3
303,Brisbane - South,2023-01-01,8.2
303,Brisbane - South,2023-02-01,8.6
303,Brisbane - South,2023-03-01,9.0
303,Brisbane - South,2023-04-01,7.4
303,Brisbane - South,2023-05-01,9.0
303,Brisbane - South,2023-06-01,8.3
303,Brisbane - South,2023-07-01,9.8
303,Brisbane - South,2023-08-01,9.0
303,Brisbane - South,2023-09-01,8.6
303,Brisbane - South,2023-10-01,8.3
303,Brisbane - South,2023-11-01,8.4
303,Brisbane - South,2023-12-01,9.1
303,Brisbane - South,2024-01-01,10.4
303,Brisbane - South,2024-02-01,9.6
303,Brisbane - South,2024-03-01,9.5
303,Brisbane - South,2024-04-01,9.6
303,Brisbane - South,2024-05-01,9.5
303,Brisbane - South,2024-06-01,8.3
303,Brisbane - South,2024-07-01,10.7
303,Brisbane - South,2024-08-01,9.5
303,Brisbane - South,2024-09-01,8.2
303,Brisbane - South,2024-10-01,8.4
303,Brisbane - South,2024-11-01,8.2
303,Brisbane - South,2024-12-01,7.9
303,Brisbane - South,2025-01-01,9.5
303,Brisbane - South,2025-02-01,11.1
303,Brisbane - South,2025-03-01,11.6
303,Brisbane - South,2025-04-01,9.4
303,Brisbane - South,2025-05-01,8.7
303,Brisbane - South,2025-06-01,9.4
303,Brisbane - South,2025-07-01,10.2
303,Brisbane - South,2025-08-01,9.8
303,Brisbane - South,2025-09-01,9.6
303,Brisbane - South,2025-10-01,8.6
303,Brisbane - South,2025-11-01,7.8
303,Brisbane - South,2025-12-01,8.3
303,Brisbane - South,2026-01-01,12.0
303,Brisbane - South,2026-02-01,12.2
303,Brisbane - South,2026-03-01,9.5
304,Brisbane - West,2012-01-01,4.6
304,Brisbane - West,2012-02-01,5.5
304,Brisbane - West,2012-03-01,5.2
304,Brisbane - West,2012-04-01,4.5
304,Brisbane - West,2012-05-01,4.7
304,Brisbane - West,2012-06-01,4.5
304,Brisbane - West,2012-07-01,5.0
304,Brisbane - West,2012-08-01,4.8
304,Brisbane - West,2012-09-01,5.6
304,Brisbane - West,2012-10-01,5.1
304,Brisbane - West,2012-11-01,4.4
304,Brisbane - West,2012-12-01,5.7
304,Brisbane - West,2013-01-01,5.8
304,Brisbane - West,2013-02-01,6.0
304,Brisbane - West,2013-03-01,5.6
304,Brisbane - West,2013-04-01,4.4
304,Brisbane - West,2013-05-01,4.7
304,Brisbane - West,2013-06-01,5.0
304,Brisbane - West,2013-07-01,5.1
304,Brisbane - West,2013-08-01,4.9
304,Brisbane - West,2013-09-01,5.1
304,Brisbane - West,2013-10-01,5.0
304,Brisbane - West,2013-11-01,4.9
304,Brisbane - West,2013-12-01,5.3
304,Brisbane - West,2014-01-01,5.7
304,Brisbane - West,2014-02-01,6.8
304,Brisbane - West,2014-03-01,5.8
304,Brisbane - West,2014-04-01,5.4
304,Brisbane - West,2014-05-01,5.3
304,Brisbane - West,2014-06-01,5.4
304,Brisbane - West,2014-07-01,5.4
304,Brisbane - West,2014-08-01,5.2
304,Brisbane - West,2014-09-01,5.0
304,Brisbane - West,2014-10-01,5.3
304,Brisbane - West,2014-11-01,5.4
304,Brisbane - West,2014-12-01,5.3
304,Brisbane - West,2015-01-01,5.6
304,Brisbane - West,2015-02-01,6.0
304,Brisbane - West,2015-03-01,6.0
304,Brisbane - West,2015-04-01,5.1
304,Brisbane - West,2015-05-01,4.4
304,Brisbane - West,2015-06-01,4.3
304,Brisbane - West,2015-07-01,4.8
304,Brisbane - West,2015-08-01,5.1
304,Brisbane - West,2015-09-01,4.3
304,Brisbane - West,2015-10-01,4.7
304,Brisbane - West,2015-11-01,4.2
304,Brisbane - West,2015-12-01,4.5
304,Brisbane - West,2016-01-01,5.4
304,Brisbane - West,2016-02-01,4.7
304,Brisbane - West,2016-03-01,4.9
304,Brisbane - West,2016-04-01,5.1
304,Brisbane - West,2016-05-01,4.9
304,Brisbane - West,2016-06-01,4.7
304,Brisbane - West,2016-07-01,4.7
304,Brisbane - West,2016-08-01,3.9
304,Brisbane - West,2016-09-01,4.8
304,Brisbane - West,2016-10-01,4.0
304,Brisbane - West,2016-11-01,4.4
304,Brisbane - West,2016-12-01,4.5
304,Brisbane - West,2017-01-01,5.3
304,Brisbane - West,2017-02-01,5.9
304,Brisbane - West,2017-03-01,5.3
304,Brisbane - West,2017-04-01,4.8
304,Brisbane - West,2017-05-01,5.0
304,Brisbane - West,2017-06-01,5.0
304,Brisbane - West,2017-07-01,5.2
304,Brisbane - West,2017-08-01,4.8
304,Brisbane - West,2017-09-01,4.8
304,Brisbane - West,2017-10-01,4.3
304,Brisbane - West,2017-11-01,4.4
304,Brisbane - West,2017-12-01,4.8
304,Brisbane - West,2018-01-01,5.6
304,Brisbane - West,2018-02-01,5.8
304,Brisbane - West,2018-03-01,5.2
304,Brisbane - West,2018-04-01,5.5
304,Brisbane - West,2018-05-01,4.8
304,Brisbane - West,2018-06-01,4.8
304,Brisbane - West,2018-07-01,5.0
304,Brisbane - West,2018-08-01,5.0
304,Brisbane - West,2018-09-01,4.7
304,Brisbane - West,2018-10-01,4.5
304,Brisbane - West,2018-11-01,4.2
304,Brisbane - West,2018-12-01,4.5
304,Brisbane - West,2019-01-01,5.3
304,Brisbane - West,2019-02-01,5.3
304,Brisbane - West,2019-03-01,5.4
304,Brisbane - West,2019-04-01,4.6
304,Brisbane - West,2019-05-01,4.9
304,Brisbane - West,2019-06-01,5.0
304,Brisbane - West,2019-07-01,5.0
304,Brisbane - West,2019-08-01,4.8
304,Brisbane - West,2019-09-01,4.7
304,Brisbane - West,2019-10-01,4.6
304,Brisbane - West,2019-11-01,4.4
304,Brisbane - West,2019-12-01,4.0
304,Brisbane - West,2020-01-01,5.2
304,Brisbane - West,2020-02-01,5.5
304,Brisbane - West,2020-03-01,4.9
304,Brisbane - West,2020-04-01,5.4
304,Brisbane - West,2020-05-01,6.9
304,Brisbane - West,2020-06-01,6.5
304,Brisbane - West,2020-07-01,6.8
304,Brisbane - West,2020-08-01,6.3
304,Brisbane - West,2020-09-01,6.5
304,Brisbane - West,2020-10-01,6.9
304,Brisbane - West,2020-11-01,5.7
304,Brisbane - West,2020-12-01,6.5
304,Brisbane - West,2021-01-01,7.1
304,Brisbane - West,2021-02-01,6.0
304,Brisbane - West,2021-03-01,5.7
304,Brisbane - West,2021-04-01,5.8
304,Brisbane - West,2021-05-01,5.1
304,Brisbane - West,2021-06-01,4.7
304,Brisbane - West,2021-07-01,4.8
304,Brisbane - West,2021-08-01,4.7
304,Brisbane - West,2021-09-01,4.0
304,Brisbane - West,2021-10-01,4.1
304,Brisbane - West,2021-11-01,3.9
304,Brisbane - West,2021-12-01,3.7
304,Brisbane - West,2022-01-01,4.3
304,Brisbane - West,2022-02-01,4.3
304,Brisbane - West,2022-03-01,3.5
304,Brisbane - West,2022-04-01,3.4
304,Brisbane - West,2022-05-01,3.7
304,Brisbane - West,2022-06-01,3.6
304,Brisbane - West,2022-07-01,3.1
304,Brisbane - West,2022-08-01,3.0
304,Brisbane - West,2022-09-01,3.4
304,Brisbane - West,2022-10-01,2.7
304,Brisbane - West,2022-11-01,2.8
304,Brisbane - West,2022-12-01,3.2
304,Brisbane - West,2023-01-01,3.6
304,Brisbane - West,2023-02-01,3.7
304,Brisbane - West,2023-03-01,3.5
304,Brisbane - West,2023-04-01,3.4
304,Brisbane - West,2023-05-01,3.4
304,Brisbane - West,2023-06-01,3.1
304,Brisbane - West,2023-07-01,3.8
304,Brisbane - West,2023-08-01,3.1
304,Brisbane - West,2023-09-01,3.3
304,Brisbane - West,2023-10-01,3.3
304,Brisbane - West,2023-11-01,3.5
304,Brisbane - West,2023-12-01,3.4
304,Brisbane - West,2024-01-01,3.8
304,Brisbane - West,2024-02-01,3.5
304,Brisbane - West,2024-03-01,4.0
304,Brisbane - West,2024-04-01,3.9
304,Brisbane - West,2024-05-01,3.5
304,Brisbane - West,2024-06-01,3.4
304,Brisbane - West,2024-07-01,4.2
304,Brisbane - West,2024-08-01,3.9
304,Brisbane - West,2024-09-01,3.4
304,Brisbane - West,2024-10-01,3.3
304,Brisbane - West,2024-11-01,3.4
304,Brisbane - West,2024-12-01,3.2
304,Brisbane - West,2025-01-01,4.4
304,Brisbane - West,2025-02-01,3.5
304,Brisbane - West,2025-03-01,3.9
304,Brisbane - West,2025-04-01,4.2
304,Brisbane - West,2025-05-01,3.5
304,Brisbane - West,2025-06-01,3.4
304,Brisbane - West,2025-07-01,4.1
304,Brisbane - West,2025-08-01,4.0
304,Brisbane - West,2025-09-01,3.8
304,Brisbane - West,2025-10-01,3.8
304,Brisbane - West,2025-11-01,3.6
304,Brisbane - West,2025-12-01,3.3
304,Brisbane - West,2026-01-01,4.8
304,Brisbane - West,2026-02-01,4.6
304,Brisbane - West,2026-03-01,3.7
305,Brisbane Inner City,2012-01-01,7.2
305,Brisbane Inner City,2012-02-01,7.8
305,Brisbane Inner City,2012-03-01,6.9
305,Brisbane Inner City,2012-04-01,6.0
305,Brisbane Inner City,2012-05-01,7.3
305,Brisbane Inner City,2012-06-01,5.9
305,Brisbane Inner City,2012-07-01,6.8
305,Brisbane Inner City,2012-08-01,6.7
305,Brisbane Inner City,2012-09-01,8.0
305,Brisbane Inner City,2012-10-01,7.7
305,Brisbane Inner City,2012-11-01,6.8
305,Brisbane Inner City,2012-12-01,7.4
305,Brisbane Inner City,2013-01-01,8.3
305,Brisbane Inner City,2013-02-01,8.5
305,Brisbane Inner City,2013-03-01,8.2
305,Brisbane Inner City,2013-04-01,6.6
305,Brisbane Inner City,2013-05-01,7.4
305,Brisbane Inner City,2013-06-01,7.2
305,Brisbane Inner City,2013-07-01,6.9
305,Brisbane Inner City,2013-08-01,6.5
305,Brisbane Inner City,2013-09-01,7.0
305,Brisbane Inner City,2013-10-01,6.8
305,Brisbane Inner City,2013-11-01,6.2
305,Brisbane Inner City,2013-12-01,7.6
305,Brisbane Inner City,2014-01-01,8.9
305,Brisbane Inner City,2014-02-01,9.3
305,Brisbane Inner City,2014-03-01,8.3
305,Brisbane Inner City,2014-04-01,8.0
305,Brisbane Inner City,2014-05-01,7.5
305,Brisbane Inner City,2014-06-01,7.0
305,Brisbane Inner City,2014-07-01,8.4
305,Brisbane Inner City,2014-08-01,7.2
305,Brisbane Inner City,2014-09-01,7.9
305,Brisbane Inner City,2014-10-01,8.3
305,Brisbane Inner City,2014-11-01,7.1
305,Brisbane Inner City,2014-12-01,7.1
305,Brisbane Inner City,2015-01-01,8.4
305,Brisbane Inner City,2015-02-01,9.2
305,Brisbane Inner City,2015-03-01,8.5
305,Brisbane Inner City,2015-04-01,7.3
305,Brisbane Inner City,2015-05-01,7.6
305,Brisbane Inner City,2015-06-01,6.9
305,Brisbane Inner City,2015-07-01,6.9
305,Brisbane Inner City,2015-08-01,6.7
305,Brisbane Inner City,2015-09-01,6.8
305,Brisbane Inner City,2015-10-01,7.1
305,Brisbane Inner City,2015-11-01,6.7
305,Brisbane Inner City,2015-12-01,5.8
305,Brisbane Inner City,2016-01-01,8.2
305,Brisbane Inner City,2016-02-01,7.8
305,Brisbane Inner City,2016-03-01,7.7
305,Brisbane Inner City,2016-04-01,7.6
305,Brisbane Inner City,2016-05-01,7.1
305,Brisbane Inner City,2016-06-01,7.0
305,Brisbane Inner City,2016-07-01,6.6
305,Brisbane Inner City,2016-08-01,6.9
305,Brisbane Inner City,2016-09-01,7.0
305,Brisbane Inner City,2016-10-01,6.5
305,Brisbane Inner City,2016-11-01,6.4
305,Brisbane Inner City,2016-12-01,7.1
305,Brisbane Inner City,2017-01-01,8.1
305,Brisbane Inner City,2017-02-01,9.8
305,Brisbane Inner City,2017-03-01,8.3
305,Brisbane Inner City,2017-04-01,7.3
305,Brisbane Inner City,2017-05-01,7.8
305,Brisbane Inner City,2017-06-01,8.2
305,Brisbane Inner City,2017-07-01,7.5
305,Brisbane Inner City,2017-08-01,7.3
305,Brisbane Inner City,2017-09-01,7.1
305,Brisbane Inner City,2017-10-01,6.8
305,Brisbane Inner City,2017-11-01,6.1
305,Brisbane Inner City,2017-12-01,6.8
305,Brisbane Inner City,2018-01-01,8.0
305,Brisbane Inner City,2018-02-01,9.3
305,Brisbane Inner City,2018-03-01,8.5
305,Brisbane Inner City,2018-04-01,8.4
305,Brisbane Inner City,2018-05-01,8.0
305,Brisbane Inner City,2018-06-01,7.1
305,Brisbane Inner City,2018-07-01,7.6
305,Brisbane Inner City,2018-08-01,8.3
305,Brisbane Inner City,2018-09-01,7.5
305,Brisbane Inner City,2018-10-01,7.8
305,Brisbane Inner City,2018-11-01,7.6
305,Brisbane Inner City,2018-12-01,7.2
305,Brisbane Inner City,2019-01-01,8.3
305,Brisbane Inner City,2019-02-01,8.7
305,Brisbane Inner City,2019-03-01,9.0
305,Brisbane Inner City,2019-04-01,7.6
305,Brisbane Inner City,2019-05-01,7.7
305,Brisbane Inner City,2019-06-01,8.5
305,Brisbane Inner City,2019-07-01,8.2
305,Brisbane Inner City,2019-08-01,8.2
305,Brisbane Inner City,2019-09-01,8.1
305,Brisbane Inner City,2019-10-01,8.1
305,Brisbane Inner City,2019-11-01,6.5
305,Brisbane Inner City,2019-12-01,7.1
305,Brisbane Inner City,2020-01-01,9.0
305,Brisbane Inner City,2020-02-01,8.4
305,Brisbane Inner City,2020-03-01,8.6
305,Brisbane Inner City,2020-04-01,11.3
305,Brisbane Inner City,2020-05-01,11.9
305,Brisbane Inner City,2020-06-01,12.2
305,Brisbane Inner City,2020-07-01,12.0
305,Brisbane Inner City,2020-08-01,12.0
305,Brisbane Inner City,2020-09-01,11.4
305,Brisbane Inner City,2020-10-01,11.7
305,Brisbane Inner City,2020-11-01,11.1
305,Brisbane Inner City,2020-12-01,11.6
305,Brisbane Inner City,2021-01-01,12.1
305,Brisbane Inner City,2021-02-01,11.5
305,Brisbane Inner City,2021-03-01,11.0
305,Brisbane Inner City,2021-04-01,10.1
305,Brisbane Inner City,2021-05-01,9.0
305,Brisbane Inner City,2021-06-01,8.4
305,Brisbane Inner City,2021-07-01,8.5
305,Brisbane Inner City,2021-08-01,9.3
305,Brisbane Inner City,2021-09-01,7.4
305,Brisbane Inner City,2021-10-01,7.9
305,Brisbane Inner City,2021-11-01,6.6
305,Brisbane Inner City,2021-12-01,6.6
305,Brisbane Inner City,2022-01-01,8.0
305,Brisbane Inner City,2022-02-01,7.8
305,Brisbane Inner City,2022-03-01,7.2
305,Brisbane Inner City,2022-04-01,6.8
305,Brisbane Inner City,2022-05-01,6.8
305,Brisbane Inner City,2022-06-01,6.2
305,Brisbane Inner City,2022-07-01,6.3
305,Brisbane Inner City,2022-08-01,5.8
305,Brisbane Inner City,2022-09-01,5.7
305,Brisbane Inner City,2022-10-01,5.1
305,Brisbane Inner City,2022-11-01,5.5
305,Brisbane Inner City,2022-12-01,5.7
305,Brisbane Inner City,2023-01-01,6.8
305,Brisbane Inner City,2023-02-01,7.6
305,Brisbane Inner City,2023-03-01,7.3
305,Brisbane Inner City,2023-04-01,6.7
305,Brisbane Inner City,2023-05-01,5.8
305,Brisbane Inner City,2023-06-01,5.9
305,Brisbane Inner City,2023-07-01,8.2
305,Brisbane Inner City,2023-08-01,6.4
305,Brisbane Inner City,2023-09-01,6.7
305,Brisbane Inner City,2023-10-01,6.9
305,Brisbane Inner City,2023-11-01,6.8
305,Brisbane Inner City,2023-12-01,7.4
305,Brisbane Inner City,2024-01-01,7.6
305,Brisbane Inner City,2024-02-01,7.7
305,Brisbane Inner City,2024-03-01,7.9
305,Brisbane Inner City,2024-04-01,6.8
305,Brisbane Inner City,2024-05-01,6.7
305,Brisbane Inner City,2024-06-01,7.5
305,Brisbane Inner City,2024-07-01,7.9
305,Brisbane Inner City,2024-08-01,6.9
305,Brisbane Inner City,2024-09-01,6.9
305,Brisbane Inner City,2024-10-01,6.5
305,Brisbane Inner City,2024-11-01,6.7
305,Brisbane Inner City,2024-12-01,6.6
305,Brisbane Inner City,2025-01-01,7.8
305,Brisbane Inner City,2025-02-01,7.8
305,Brisbane Inner City,2025-03-01,7.8
305,Brisbane Inner City,2025-04-01,7.7
305,Brisbane Inner City,2025-05-01,6.9
305,Brisbane Inner City,2025-06-01,7.1
305,Brisbane Inner City,2025-07-01,7.8
305,Brisbane Inner City,2025-08-01,7.6
305,Brisbane Inner City,2025-09-01,7.4
305,Brisbane Inner City,2025-10-01,7.2
305,Brisbane Inner City,2025-11-01,7.1
305,Brisbane Inner City,2025-12-01,7.0
305,Brisbane Inner City,2026-01-01,8.7
305,Brisbane Inner City,2026-02-01,8.8
305,Brisbane Inner City,2026-03-01,7.3
306,Cairns,2012-01-01,8.6
306,Cairns,2012-02-01,9.7
306,Cairns,2012-03-01,9.1
306,Cairns,2012-04-01,7.5
306,Cairns,2012-05-01,7.9
306,Cairns,2012-06-01,7.1
306,Cairns,2012-07-01,7.7
306,Cairns,2012-08-01,8.3
306,Cairns,2012-09-01,9.1
306,Cairns,2012-10-01,8.6
306,Cairns,2012-11-01,8.1
306,Cairns,2012-12-01,8.8
306,Cairns,2013-01-01,8.3
306,Cairns,2013-02-01,9.9
306,Cairns,2013-03-01,9.8
306,Cairns,2013-04-01,8.2
306,Cairns,2013-05-01,7.8
306,Cairns,2013-06-01,9.0
306,Cairns,2013-07-01,8.3
306,Cairns,2013-08-01,7.9
306,Cairns,2013-09-01,8.9
306,Cairns,2013-10-01,7.7
306,Cairns,2013-11-01,6.9
306,Cairns,2013-12-01,8.8
306,Cairns,2014-01-01,9.4
306,Cairns,2014-02-01,10.5
306,Cairns,2014-03-01,10.2
306,Cairns,2014-04-01,8.9
306,Cairns,2014-05-01,8.5
306,Cairns,2014-06-01,9.3
306,Cairns,2014-07-01,9.2
306,Cairns,2014-08-01,9.2
306,Cairns,2014-09-01,9.2
306,Cairns,2014-10-01,10.1
306,Cairns,2014-11-01,8.8
306,Cairns,2014-12-01,9.4
306,Cairns,2015-01-01,10.1
306,Cairns,2015-02-01,10.8
306,Cairns,2015-03-01,10.5
306,Cairns,2015-04-01,9.3
306,Cairns,2015-05-01,9.5
306,Cairns,2015-06-01,8.8
306,Cairns,2015-07-01,8.8
306,Cairns,2015-08-01,8.5
306,Cairns,2015-09-01,8.5
306,Cairns,2015-10-01,8.1
306,Cairns,2015-11-01,7.1
306,Cairns,2015-12-01,7.6
306,Cairns,2016-01-01,8.8
306,Cairns,2016-02-01,8.5
306,Cairns,2016-03-01,9.4
306,Cairns,2016-04-01,9.1
306,Cairns,2016-05-01,9.2
306,Cairns,2016-06-01,8.9
306,Cairns,2016-07-01,8.4
306,Cairns,2016-08-01,8.3
306,Cairns,2016-09-01,8.1
306,Cairns,2016-10-01,7.0
306,Cairns,2016-11-01,7.1
306,Cairns,2016-12-01,7.3
306,Cairns,2017-01-01,8.6
306,Cairns,2017-02-01,10.5
306,Cairns,2017-03-01,8.3
306,Cairns,2017-04-01,8.2
306,Cairns,2017-05-01,7.7
306,Cairns,2017-06-01,7.8
306,Cairns,2017-07-01,7.5
306,Cairns,2017-08-01,7.6
306,Cairns,2017-09-01,7.1
306,Cairns,2017-10-01,7.6
306,Cairns,2017-11-01,6.8
306,Cairns,2017-12-01,7.3
306,Cairns,2018-01-01,8.6
306,Cairns,2018-02-01,9.4
306,Cairns,2018-03-01,9.3
306,Cairns,2018-04-01,9.2
306,Cairns,2018-05-01,8.6
306,Cairns,2018-06-01,7.8
306,Cairns,2018-07-01,7.9
306,Cairns,2018-08-01,8.1
306,Cairns,2018-09-01,7.2
306,Cairns,2018-10-01,7.8
306,Cairns,2018-11-01,7.7
306,Cairns,2018-12-01,7.2
306,Cairns,2019-01-01,7.1
306,Cairns,2019-02-01,8.6
306,Cairns,2019-03-01,9.2
306,Cairns,2019-04-01,7.9
306,Cairns,2019-05-01,8.8
306,Cairns,2019-06-01,8.4
306,Cairns,2019-07-01,8.1
306,Cairns,2019-08-01,9.1
306,Cairns,2019-09-01,8.9
306,Cairns,2019-10-01,8.4
306,Cairns,2019-11-01,7.8
306,Cairns,2019-12-01,7.1
306,Cairns,2020-01-01,9.2
306,Cairns,2020-02-01,8.3
306,Cairns,2020-03-01,8.9
306,Cairns,2020-04-01,9.7
306,Cairns,2020-05-01,10.6
306,Cairns,2020-06-01,10.8
306,Cairns,2020-07-01,11.8
306,Cairns,2020-08-01,9.8
306,Cairns,2020-09-01,10.3
306,Cairns,2020-10-01,9.9
306,Cairns,2020-11-01,8.9
306,Cairns,2020-12-01,9.0
306,Cairns,2021-01-01,9.7
306,Cairns,2021-02-01,9.9
306,Cairns,2021-03-01,8.7
306,Cairns,2021-04-01,8.0
306,Cairns,2021-05-01,7.7
306,Cairns,2021-06-01,7.6
306,Cairns,2021-07-01,7.1
306,Cairns,2021-08-01,7.0
306,Cairns,2021-09-01,6.2
306,Cairns,2021-10-01,7.3
306,Cairns,2021-11-01,6.8
306,Cairns,2021-12-01,6.4
306,Cairns,2022-01-01,6.9
306,Cairns,2022-02-01,7.1
306,Cairns,2022-03-01,6.4
306,Cairns,2022-04-01,7.0
306,Cairns,2022-05-01,6.4
306,Cairns,2022-06-01,6.6
306,Cairns,2022-07-01,5.9
306,Cairns,2022-08-01,5.2
306,Cairns,2022-09-01,5.9
306,Cairns,2022-10-01,5.0
306,Cairns,2022-11-01,4.1
306,Cairns,2022-12-01,5.6
306,Cairns,2023-01-01,6.7
306,Cairns,2023-02-01,7.0
306,Cairns,2023-03-01,7.4
306,Cairns,2023-04-01,6.0
306,Cairns,2023-05-01,6.2
306,Cairns,2023-06-01,6.5
306,Cairns,2023-07-01,6.6
306,Cairns,2023-08-01,6.0
306,Cairns,2023-09-01,5.7
306,Cairns,2023-10-01,6.7
306,Cairns,2023-11-01,6.2
306,Cairns,2023-12-01,6.8
306,Cairns,2024-01-01,8.0
306,Cairns,2024-02-01,7.5
306,Cairns,2024-03-01,7.6
306,Cairns,2024-04-01,7.0
306,Cairns,2024-05-01,6.8
306,Cairns,2024-06-01,5.4
306,Cairns,2024-07-01,7.8
306,Cairns,2024-08-01,6.3
306,Cairns,2024-09-01,6.2
306,Cairns,2024-10-01,6.0
306,Cairns,2024-11-01,5.7
306,Cairns,2024-12-01,6.4
306,Cairns,2025-01-01,7.3
306,Cairns,2025-02-01,8.2
306,Cairns,2025-03-01,6.6
306,Cairns,2025-04-01,7.5
306,Cairns,2025-05-01,6.2
306,Cairns,2025-06-01,7.1
306,Cairns,2025-07-01,7.6
306,Cairns,2025-08-01,7.1
306,Cairns,2025-09-01,7.1
306,Cairns,2025-10-01,6.5
306,Cairns,2025-11-01,6.4
306,Cairns,2025-12-01,6.3
306,Cairns,2026-01-01,7.7
306,Cairns,2026-02-01,7.6
306,Cairns,2026-03-01,7.1
307,Darling Downs - Maranoa,2012-01-01,2.5
307,Darling Downs - Maranoa,2012-02-01,2.7
307,Darling Downs - Maranoa,2012-03-01,2.2
307,Darling Downs - Maranoa,2012-04-01,1.9
307,Darling Downs - Maranoa,2012-05-01,2.2
307,Darling Downs - Maranoa,2012-06-01,1.9
307,Darling Downs - Maranoa,2012-07-01,2.0
307,Darling Downs - Maranoa,2012-08-01,2.1
307,Darling Downs - Maranoa,2012-09-01,2.1
307,Darling Downs - Maranoa,2012-10-01,2.2
307,Darling Downs - Maranoa,2012-11-01,2.0
307,Darling Downs - Maranoa,2012-12-01,2.3
307,Darling Downs - Maranoa,2013-01-01,2.3
307,Darling Downs - Maranoa,2013-02-01,2.3
307,Darling Downs - Maranoa,2013-03-01,2.1
307,Darling Downs - Maranoa,2013-04-01,2.0
307,Darling Downs - Maranoa,2013-05-01,2.2
307,Darling Downs - Maranoa,2013-06-01,2.2
307,Darling Downs - Maranoa,2013-07-01,2.2
307,Darling Downs - Maranoa,2013-08-01,2.0
307,Darling Downs - Maranoa,2013-09-01,2.1
307,Darling Downs - Maranoa,2013-10-01,2.1
307,Darling Downs - Maranoa,2013-11-01,1.9
307,Darling Downs - Maranoa,2013-12-01,2.2
307,Darling Downs - Maranoa,2014-01-01,2.3
307,Darling Downs - Maranoa,2014-02-01,2.6
307,Darling Downs - Maranoa,2014-03-01,2.4
307,Darling Downs - Maranoa,2014-04-01,2.4
307,Darling Downs - Maranoa,2014-05-01,2.4
307,Darling Downs - Maranoa,2014-06-01,2.2
307,Darling Downs - Maranoa,2014-07-01,2.5
307,Darling Downs - Maranoa,2014-08-01,2.5
307,Darling Downs - Maranoa,2014-09-01,2.6
307,Darling Downs - Maranoa,2014-10-01,2.7
307,Darling Downs - Maranoa,2014-11-01,2.4
307,Darling Downs - Maranoa,2014-12-01,2.5
307,Darling Downs - Maranoa,2015-01-01,2.7
307,Darling Downs - Maranoa,2015-02-01,3.2
307,Darling Downs - Maranoa,2015-03-01,3.0
307,Darling Downs - Maranoa,2015-04-01,2.9
307,Darling Downs - Maranoa,2015-05-01,2.7
307,Darling Downs - Maranoa,2015-06-01,2.6
307,Darling Downs - Maranoa,2015-07-01,2.7
307,Darling Downs - Maranoa,2015-08-01,2.9
307,Darling Downs - Maranoa,2015-09-01,2.7
307,Darling Downs - Maranoa,2015-10-01,2.5
307,Darling Downs - Maranoa,2015-11-01,2.4
307,Darling Downs - Maranoa,2015-12-01,2.4
307,Darling Downs - Maranoa,2016-01-01,3.0
307,Darling Downs - Maranoa,2016-02-01,3.0
307,Darling Downs - Maranoa,2016-03-01,3.1
307,Darling Downs - Maranoa,2016-04-01,3.0
307,Darling Downs - Maranoa,2016-05-01,2.7
307,Darling Downs - Maranoa,2016-06-01,3.0
307,Darling Downs - Maranoa,2016-07-01,2.7
307,Darling Downs - Maranoa,2016-08-01,2.8
307,Darling Downs - Maranoa,2016-09-01,2.5
307,Darling Downs - Maranoa,2016-10-01,2.5
307,Darling Downs - Maranoa,2016-11-01,2.5
307,Darling Downs - Maranoa,2016-12-01,2.5
307,Darling Downs - Maranoa,2017-01-01,2.8
307,Darling Downs - Maranoa,2017-02-01,3.4
307,Darling Downs - Maranoa,2017-03-01,2.9
307,Darling Downs - Maranoa,2017-04-01,2.7
307,Darling Downs - Maranoa,2017-05-01,2.5
307,Darling Downs - Maranoa,2017-06-01,2.6
307,Darling Downs - Maranoa,2017-07-01,2.7
307,Darling Downs - Maranoa,2017-08-01,2.6
307,Darling Downs - Maranoa,2017-09-01,2.4
307,Darling Downs - Maranoa,2017-10-01,2.5
307,Darling Downs - Maranoa,2017-11-01,2.4
307,Darling Downs - Maranoa,2017-12-01,2.7
307,Darling Downs - Maranoa,2018-01-01,2.8
307,Darling Downs - Maranoa,2018-02-01,3.2
307,Darling Downs - Maranoa,2018-03-01,3.0
307,Darling Downs - Maranoa,2018-04-01,3.1
307,Darling Downs - Maranoa,2018-05-01,3.1
307,Darling Downs - Maranoa,2018-06-01,2.8
307,Darling Downs - Maranoa,2018-07-01,2.7
307,Darling Downs - Maranoa,2018-08-01,2.8
307,Darling Downs - Maranoa,2018-09-01,2.7
307,Darling Downs - Maranoa,2018-10-01,2.7
307,Darling Downs - Maranoa,2018-11-01,2.7
307,Darling Downs - Maranoa,2018-12-01,2.6
307,Darling Downs - Maranoa,2019-01-01,3.1
307,Darling Downs - Maranoa,2019-02-01,3.0
307,Darling Downs - Maranoa,2019-03-01,3.1
307,Darling Downs - Maranoa,2019-04-01,2.9
307,Darling Downs - Maranoa,2019-05-01,3.1
307,Darling Downs - Maranoa,2019-06-01,3.0
307,Darling Downs - Maranoa,2019-07-01,2.9
307,Darling Downs - Maranoa,2019-08-01,3.4
307,Darling Downs - Maranoa,2019-09-01,3.1
307,Darling Downs - Maranoa,2019-10-01,2.8
307,Darling Downs - Maranoa,2019-11-01,2.7
307,Darling Downs - Maranoa,2019-12-01,2.6
307,Darling Downs - Maranoa,2020-01-01,3.3
307,Darling Downs - Maranoa,2020-02-01,3.1
307,Darling Downs - Maranoa,2020-03-01,2.9
307,Darling Downs - Maranoa,2020-04-01,3.2
307,Darling Downs - Maranoa,2020-05-01,3.1
307,Darling Downs - Maranoa,2020-06-01,3.4
307,Darling Downs - Maranoa,2020-07-01,3.7
307,Darling Downs - Maranoa,2020-08-01,3.4
307,Darling Downs - Maranoa,2020-09-01,3.4
307,Darling Downs - Maranoa,2020-10-01,3.1
307,Darling Downs - Maranoa,2020-11-01,2.5
307,Darling Downs - Maranoa,2020-12-01,2.9
307,Darling Downs - Maranoa,2021-01-01,3.4
307,Darling Downs - Maranoa,2021-02-01,3.0
307,Darling Downs - Maranoa,2021-03-01,2.9
307,Darling Downs - Maranoa,2021-04-01,2.8
307,Darling Downs - Maranoa,2021-05-01,2.7
307,Darling Downs - Maranoa,2021-06-01,2.5
307,Darling Downs - Maranoa,2021-07-01,2.4
307,Darling Downs - Maranoa,2021-08-01,2.3
307,Darling Downs - Maranoa,2021-09-01,2.3
307,Darling Downs - Maranoa,2021-10-01,2.5
307,Darling Downs - Maranoa,2021-11-01,2.2
307,Darling Downs - Maranoa,2021-12-01,2.1
307,Darling Downs - Maranoa,2022-01-01,2.3
307,Darling Downs - Maranoa,2022-02-01,2.3
307,Darling Downs - Maranoa,2022-03-01,2.1
307,Darling Downs - Maranoa,2022-04-01,2.2
307,Darling Downs - Maranoa,2022-05-01,2.2
307,Darling Downs - Maranoa,2022-06-01,2.0
307,Darling Downs - Maranoa,2022-07-01,2.0
307,Darling Downs - Maranoa,2022-08-01,1.9
307,Darling Downs - Maranoa,2022-09-01,1.9
307,Darling Downs - Maranoa,2022-10-01,1.9
307,Darling Downs - Maranoa,2022-11-01,1.6
307,Darling Downs - Maranoa,2022-12-01,1.9
307,Darling Downs - Maranoa,2023-01-01,2.2
307,Darling Downs - Maranoa,2023-02-01,2.1
307,Darling Downs - Maranoa,2023-03-01,2.2
307,Darling Downs - Maranoa,2023-04-01,2.1
307,Darling Downs - Maranoa,2023-05-01,2.2
307,Darling Downs - Maranoa,2023-06-01,2.0
307,Darling Downs - Maranoa,2023-07-01,2.3
307,Darling Downs - Maranoa,2023-08-01,2.1
307,Darling Downs - Maranoa,2023-09-01,2.1
307,Darling Downs - Maranoa,2023-10-01,2.3
307,Darling Downs - Maranoa,2023-11-01,2.1
307,Darling Downs - Maranoa,2023-12-01,2.1
307,Darling Downs - Maranoa,2024-01-01,2.6
307,Darling Downs - Maranoa,2024-02-01,2.2
307,Darling Downs - Maranoa,2024-03-01,2.2
307,Darling Downs - Maranoa,2024-04-01,2.2
307,Darling Downs - Maranoa,2024-05-01,2.3
307,Darling Downs - Maranoa,2024-06-01,2.2
307,Darling Downs - Maranoa,2024-07-01,2.2
307,Darling Downs - Maranoa,2024-08-01,2.3
307,Darling Downs - Maranoa,2024-09-01,2.0
307,Darling Downs - Maranoa,2024-10-01,2.3
307,Darling Downs - Maranoa,2024-11-01,2.1
307,Darling Downs - Maranoa,2024-12-01,2.0
307,Darling Downs - Maranoa,2025-01-01,2.3
307,Darling Downs - Maranoa,2025-02-01,2.6
307,Darling Downs - Maranoa,2025-03-01,2.3
307,Darling Downs - Maranoa,2025-04-01,2.4
307,Darling Downs - Maranoa,2025-05-01,2.3
307,Darling Downs - Maranoa,2025-06-01,2.3
307,Darling Downs - Maranoa,2025-07-01,2.3
307,Darling Downs - Maranoa,2025-08-01,2.6
307,Darling Downs - Maranoa,2025-09-01,2.2
307,Darling Downs - Maranoa,2025-10-01,2.3
307,Darling Downs - Maranoa,2025-11-01,2.4
307,Darling Downs - Maranoa,2025-12-01,2.1
307,Darling Downs - Maranoa,2026-01-01,2.6
307,Darling Downs - Maranoa,2026-02-01,2.8
307,Darling Downs - Maranoa,2026-03-01,2.4
308,Central Queensland,2012-01-01,6.1
308,Central Queensland,2012-02-01,6.2
308,Central Queensland,2012-03-01,6.1
308,Central Queensland,2012-04-01,4.3
308,Central Queensland,2012-05-01,5.2
308,Central Queensland,2012-06-01,4.5
308,Central Queensland,2012-07-01,4.7
308,Central Queensland,2012-08-01,4.8
308,Central Queensland,2012-09-01,5.4
308,Central Queensland,2012-10-01,5.5
308,Central Queensland,2012-11-01,5.0
308,Central Queensland,2012-12-01,5.3
308,Central Queensland,2013-01-01,5.7
308,Central Queensland,2013-02-01,6.6
308,Central Queensland,2013-03-01,5.8
308,Central Queensland,2013-04-01,5.2
308,Central Queensland,2013-05-01,5.3
308,Central Queensland,2013-06-01,6.0
308,Central Queensland,2013-07-01,5.5
308,Central Queensland,2013-08-01,4.8
308,Central Queensland,2013-09-01,5.8
308,Central Queensland,2013-10-01,5.0
308,Central Queensland,2013-11-01,5.0
308,Central Queensland,2013-12-01,6.0
308,Central Queensland,2014-01-01,6.2
308,Central Queensland,2014-02-01,7.1
308,Central Queensland,2014-03-01,6.6
308,Central Queensland,2014-04-01,6.5
308,Central Queensland,2014-05-01,5.7
308,Central Queensland,2014-06-01,6.3
308,Central Queensland,2014-07-01,6.6
308,Central Queensland,2014-08-01,6.7
308,Central Queensland,2014-09-01,6.7
308,Central Queensland,2014-10-01,7.4
308,Central Queensland,2014-11-01,7.3
308,Central Queensland,2014-12-01,7.2
308,Central Queensland,2015-01-01,8.2
308,Central Queensland,2015-02-01,9.1
308,Central Queensland,2015-03-01,8.6
308,Central Queensland,2015-04-01,8.2
308,Central Queensland,2015-05-01,7.3
308,Central Queensland,2015-06-01,7.2
308,Central Queensland,2015-07-01,7.9
308,Central Queensland,2015-08-01,7.9
308,Central Queensland,2015-09-01,7.6
308,Central Queensland,2015-10-01,7.4
308,Central Queensland,2015-11-01,6.8
308,Central Queensland,2015-12-01,6.8
308,Central Queensland,2016-01-01,8.9
308,Central Queensland,2016-02-01,8.1
308,Central Queensland,2016-03-01,8.5
308,Central Queensland,2016-04-01,8.7
308,Central Queensland,2016-05-01,8.2
308,Central Queensland,2016-06-01,9.4
308,Central Queensland,2016-07-01,7.9
308,Central Queensland,2016-08-01,8.3
308,Central Queensland,2016-09-01,8.7
308,Central Queensland,2016-10-01,7.8
308,Central Queensland,2016-11-01,7.3
308,Central Queensland,2016-12-01,7.6
308,Central Queensland,2017-01-01,9.2
308,Central Queensland,2017-02-01,9.8
308,Central Queensland,2017-03-01,8.8
308,Central Queensland,2017-04-01,8.5
308,Central Queensland,2017-05-01,7.8
308,Central Queensland,2017-06-01,8.5
308,Central Queensland,2017-07-01,7.7
308,Central Queensland,2017-08-01,7.4
308,Central Queensland,2017-09-01,7.7
308,Central Queensland,2017-10-01,7.5
308,Central Queensland,2017-11-01,7.5
308,Central Queensland,2017-12-01,8.0
308,Central Queensland,2018-01-01,8.8
308,Central Queensland,2018-02-01,9.7
308,Central Queensland,2018-03-01,9.7
308,Central Queensland,2018-04-01,10.1
308,Central Queensland,2018-05-01,8.7
308,Central Queensland,2018-06-01,7.8
308,Central Queensland,2018-07-01,8.0
308,Central Queensland,2018-08-01,8.0
308,Central Queensland,2018-09-01,8.0
308,Central Queensland,2018-10-01,7.9
308,Central Queensland,2018-11-01,7.5
308,Central Queensland,2018-12-01,7.6
308,Central Queensland,2019-01-01,9.0
308,Central Queensland,2019-02-01,8.7
308,Central Queensland,2019-03-01,9.0
308,Central Queensland,2019-04-01,8.4
308,Central Queensland,2019-05-01,7.9
308,Central Queensland,2019-06-01,9.3
308,Central Queensland,2019-07-01,9.1
308,Central Queensland,2019-08-01,9.2
308,Central Queensland,2019-09-01,9.3
308,Central Queensland,2019-10-01,9.4
308,Central Queensland,2019-11-01,8.4
308,Central Queensland,2019-12-01,7.3
308,Central Queensland,2020-01-01,8.5
308,Central Queensland,2020-02-01,8.1
308,Central Queensland,2020-03-01,8.5
308,Central Queensland,2020-04-01,8.4
308,Central Queensland,2020-05-01,9.3
308,Central Queensland,2020-06-01,9.1
308,Central Queensland,2020-07-01,9.8
308,Central Queensland,2020-08-01,9.1
308,Central Queensland,2020-09-01,9.1
308,Central Queensland,2020-10-01,9.3
308,Central Queensland,2020-11-01,8.4
308,Central Queensland,2020-12-01,8.0
308,Central Queensland,2021-01-01,9.0
308,Central Queensland,2021-02-01,8.8
308,Central Queensland,2021-03-01,7.3
308,Central Queensland,2021-04-01,7.8
308,Central Queensland,2021-05-01,7.1
308,Central Queensland,2021-06-01,7.5
308,Central Queensland,2021-07-01,6.5
308,Central Queensland,2021-08-01,6.1
308,Central Queensland,2021-09-01,6.4
308,Central Queensland,2021-10-01,6.8
308,Central Queensland,2021-11-01,6.1
308,Central Queensland,2021-12-01,6.2
308,Central Queensland,2022-01-01,6.4
308,Central Queensland,2022-02-01,6.4
308,Central Queensland,2022-03-01,5.7
308,Central Queensland,2022-04-01,6.2
308,Central Queensland,2022-05-01,5.8
308,Central Queensland,2022-06-01,5.4
308,Central Queensland,2022-07-01,5.0
308,Central Queensland,2022-08-01,4.9
308,Central Queensland,2022-09-01,5.4
308,Central Queensland,2022-10-01,4.7
308,Central Queensland,2022-11-01,4.2
308,Central Queensland,2022-12-01,5.0
308,Central Queensland,2023-01-01,6.0
308,Central Queensland,2023-02-01,6.1
308,Central Queensland,2023-03-01,6.5
308,Central Queensland,2023-04-01,5.7
308,Central Queensland,2023-05-01,5.9
308,Central Queensland,2023-06-01,5.6
308,Central Queensland,2023-07-01,6.6
308,Central Queensland,2023-08-01,5.9
308,Central Queensland,2023-09-01,5.4
308,Central Queensland,2023-10-01,5.8
308,Central Queensland,2023-11-01,5.9
308,Central Queensland,2023-12-01,5.6
308,Central Queensland,2024-01-01,6.3
308,Central Queensland,2024-02-01,6.8
308,Central Queensland,2024-03-01,6.3
308,Central Queensland,2024-04-01,6.0
308,Central Queensland,2024-05-01,5.9
308,Central Queensland,2024-06-01,5.7
308,Central Queensland,2024-07-01,6.6
308,Central Queensland,2024-08-01,6.0
308,Central Queensland,2024-09-01,5.6
308,Central Queensland,2024-10-01,5.6
308,Central Queensland,2024-11-01,5.5
308,Central Queensland,2024-12-01,5.8
308,Central Queensland,2025-01-01,6.3
308,Central Queensland,2025-02-01,6.5
308,Central Queensland,2025-03-01,6.2
308,Central Queensland,2025-04-01,6.2
308,Central Queensland,2025-05-01,5.7
308,Central Queensland,2025-06-01,6.1
308,Central Queensland,2025-07-01,6.6
308,Central Queensland,2025-08-01,6.4
308,Central Queensland,2025-09-01,6.0
308,Central Queensland,2025-10-01,5.9
308,Central Queensland,2025-11-01,5.6
308,Central Queensland,2025-12-01,5.1
308,Central Queensland,2026-01-01,7.6
308,Central Queensland,2026-02-01,7.5
308,Central Queensland,2026-03-01,5.9
309,Gold Coast,2012-01-01,20.0
309,Gold Coast,2012-02-01,22.4
309,Gold Coast,2012-03-01,21.0
309,Gold Coast,2012-04-01,17.1
309,Gold Coast,2012-05-01,20.6
309,Gold Coast,2012-06-01,15.5
309,Gold Coast,2012-07-01,15.9
309,Gold Coast,2012-08-01,19.6
309,Gold Coast,2012-09-01,21.8
309,Gold Coast,2012-10-01,18.6
309,Gold Coast,2012-11-01,17.4
309,Gold Coast,2012-12-01,20.9
309,Gold Coast,2013-01-01,19.7
309,Gold Coast,2013-02-01,20.3
309,Gold Coast,2013-03-01,22.9
309,Gold Coast,2013-04-01,18.5
309,Gold Coast,2013-05-01,19.7
309,Gold Coast,2013-06-01,21.7
309,Gold Coast,2013-07-01,16.6
309,Gold Coast,2013-08-01,19.2
309,Gold Coast,2013-09-01,17.1
309,Gold Coast,2013-10-01,18.0
309,Gold Coast,2013-11-01,16.8
309,Gold Coast,2013-12-01,18.1
309,Gold Coast,2014-01-01,18.4
309,Gold Coast,2014-02-01,24.2
309,Gold Coast,2014-03-01,21.0
309,Gold Coast,2014-04-01,19.3
309,Gold Coast,2014-05-01,19.3
309,Gold Coast,2014-06-01,19.2
309,Gold Coast,2014-07-01,20.1
309,Gold Coast,2014-08-01,21.2
309,Gold Coast,2014-09-01,19.2
309,Gold Coast,2014-10-01,21.8
309,Gold Coast,2014-11-01,20.6
309,Gold Coast,2014-12-01,19.5
309,Gold Coast,2015-01-01,19.6
309,Gold Coast,2015-02-01,22.8
309,Gold Coast,2015-03-01,22.6
309,Gold Coast,2015-04-01,20.6
309,Gold Coast,2015-05-01,20.4
309,Gold Coast,2015-06-01,18.5
309,Gold Coast,2015-07-01,18.5
309,Gold Coast,2015-08-01,20.3
309,Gold Coast,2015-09-01,19.1
309,Gold Coast,2015-10-01,18.2
309,Gold Coast,2015-11-01,15.4
309,Gold Coast,2015-12-01,17.0
309,Gold Coast,2016-01-01,21.6
309,Gold Coast,2016-02-01,20.1
309,Gold Coast,2016-03-01,20.2
309,Gold Coast,2016-04-01,18.9
309,Gold Coast,2016-05-01,18.8
309,Gold Coast,2016-06-01,18.5
309,Gold Coast,2016-07-01,19.1
309,Gold Coast,2016-08-01,17.2
309,Gold Coast,2016-09-01,18.4
309,Gold Coast,2016-10-01,15.8
309,Gold Coast,2016-11-01,16.2
309,Gold Coast,2016-12-01,13.9
309,Gold Coast,2017-01-01,16.5
309,Gold Coast,2017-02-01,23.6
309,Gold Coast,2017-03-01,20.5
309,Gold Coast,2017-04-01,16.9
309,Gold Coast,2017-05-01,16.0
309,Gold Coast,2017-06-01,18.0
309,Gold Coast,2017-07-01,15.4
309,Gold Coast,2017-08-01,14.5
309,Gold Coast,2017-09-01,17.4
309,Gold Coast,2017-10-01,16.5
309,Gold Coast,2017-11-01,15.5
309,Gold Coast,2017-12-01,16.7
309,Gold Coast,2018-01-01,18.5
309,Gold Coast,2018-02-01,21.0
309,Gold Coast,2018-03-01,17.8
309,Gold Coast,2018-04-01,18.2
309,Gold Coast,2018-05-01,18.3
309,Gold Coast,2018-06-01,16.1
309,Gold Coast,2018-07-01,15.4
309,Gold Coast,2018-08-01,17.0
309,Gold Coast,2018-09-01,15.6
309,Gold Coast,2018-10-01,16.5
309,Gold Coast,2018-11-01,16.7
309,Gold Coast,2018-12-01,16.1
309,Gold Coast,2019-01-01,18.2
309,Gold Coast,2019-02-01,17.4
309,Gold Coast,2019-03-01,18.4
309,Gold Coast,2019-04-01,17.4
309,Gold Coast,2019-05-01,19.4
309,Gold Coast,2019-06-01,18.9
309,Gold Coast,2019-07-01,17.1
309,Gold Coast,2019-08-01,18.7
309,Gold Coast,2019-09-01,19.4
309,Gold Coast,2019-10-01,17.7
309,Gold Coast,2019-11-01,16.1
309,Gold Coast,2019-12-01,14.8
309,Gold Coast,2020-01-01,18.7
309,Gold Coast,2020-02-01,18.2
309,Gold Coast,2020-03-01,15.8
309,Gold Coast,2020-04-01,22.7
309,Gold Coast,2020-05-01,25.6
309,Gold Coast,2020-06-01,27.9
309,Gold Coast,2020-07-01,30.7
309,Gold Coast,2020-08-01,25.4
309,Gold Coast,2020-09-01,24.5
309,Gold Coast,2020-10-01,26.4
309,Gold Coast,2020-11-01,23.5
309,Gold Coast,2020-12-01,21.3
309,Gold Coast,2021-01-01,22.3
309,Gold Coast,2021-02-01,22.1
309,Gold Coast,2021-03-01,20.5
309,Gold Coast,2021-04-01,18.0
309,Gold Coast,2021-05-01,15.7
309,Gold Coast,2021-06-01,15.8
309,Gold Coast,2021-07-01,15.5
309,Gold Coast,2021-08-01,13.7
309,Gold Coast,2021-09-01,14.0
309,Gold Coast,2021-10-01,13.7
309,Gold Coast,2021-11-01,12.9
309,Gold Coast,2021-12-01,13.7
309,Gold Coast,2022-01-01,13.4
309,Gold Coast,2022-02-01,13.5
309,Gold Coast,2022-03-01,12.8
309,Gold Coast,2022-04-01,11.0
309,Gold Coast,2022-05-01,10.1
309,Gold Coast,2022-06-01,11.3
309,Gold Coast,2022-07-01,9.7
309,Gold Coast,2022-08-01,7.8
309,Gold Coast,2022-09-01,9.7
309,Gold Coast,2022-10-01,8.8
309,Gold Coast,2022-11-01,8.0
309,Gold Coast,2022-12-01,9.8
309,Gold Coast,2023-01-01,11.5
309,Gold Coast,2023-02-01,10.0
309,Gold Coast,2023-03-01,11.1
309,Gold Coast,2023-04-01,12.4
309,Gold Coast,2023-05-01,11.9
309,Gold Coast,2023-06-01,10.4
309,Gold Coast,2023-07-01,11.6
309,Gold Coast,2023-08-01,11.5
309,Gold Coast,2023-09-01,10.1
309,Gold Coast,2023-10-01,12.1
309,Gold Coast,2023-11-01,11.6
309,Gold Coast,2023-12-01,12.0
309,Gold Coast,2024-01-01,14.3
309,Gold Coast,2024-02-01,11.8
309,Gold Coast,2024-03-01,15.0
309,Gold Coast,2024-04-01,12.2
309,Gold Coast,2024-05-01,11.7
309,Gold Coast,2024-06-01,11.4
309,Gold Coast,2024-07-01,11.6
309,Gold Coast,2024-08-01,13.6
309,Gold Coast,2024-09-01,10.8
309,Gold Coast,2024-10-01,11.0
309,Gold Coast,2024-11-01,11.8
309,Gold Coast,2024-12-01,11.2
309,Gold Coast,2025-01-01,12.1
309,Gold Coast,2025-02-01,12.8
309,Gold Coast,2025-03-01,13.6
309,Gold Coast,2025-04-01,12.9
309,Gold Coast,2025-05-01,10.4
309,Gold Coast,2025-06-01,12.2
309,Gold Coast,2025-07-01,14.3
309,Gold Coast,2025-08-01,13.3
309,Gold Coast,2025-09-01,11.5
309,Gold Coast,2025-10-01,11.9
309,Gold Coast,2025-11-01,13.0
309,Gold Coast,2025-12-01,10.9
309,Gold Coast,2026-01-01,13.0
309,Gold Coast,2026-02-01,14.7
309,Gold Coast,2026-03-01,11.0
310,Ipswich,2012-01-01,10.7
310,Ipswich,2012-02-01,12.6
310,Ipswich,2012-03-01,10.4
310,Ipswich,2012-04-01,7.7
310,Ipswich,2012-05-01,11.0
310,Ipswich,2012-06-01,9.3
310,Ipswich,2012-07-01,10.6
310,Ipswich,2012-08-01,11.6
310,Ipswich,2012-09-01,11.4
310,Ipswich,2012-10-01,10.6
310,Ipswich,2012-11-01,11.0
310,Ipswich,2012-12-01,11.4
310,Ipswich,2013-01-01,10.3
310,Ipswich,2013-02-01,13.7
310,Ipswich,2013-03-01,13.2
310,Ipswich,2013-04-01,10.2
310,Ipswich,2013-05-01,11.1
310,Ipswich,2013-06-01,10.2
310,Ipswich,2013-07-01,10.6
310,Ipswich,2013-08-01,10.7
310,Ipswich,2013-09-01,11.8
310,Ipswich,2013-10-01,11.6
310,Ipswich,2013-11-01,10.3
310,Ipswich,2013-12-01,11.9
310,Ipswich,2014-01-01,13.1
310,Ipswich,2014-02-01,14.6
310,Ipswich,2014-03-01,13.7
310,Ipswich,2014-04-01,12.7
310,Ipswich,2014-05-01,12.1
310,Ipswich,2014-06-01,12.3
310,Ipswich,2014-07-01,13.1
310,Ipswich,2014-08-01,13.0
310,Ipswich,2014-09-01,12.2
310,Ipswich,2014-10-01,12.4
310,Ipswich,2014-11-01,11.5
310,Ipswich,2014-12-01,12.3
310,Ipswich,2015-01-01,12.5
310,Ipswich,2015-02-01,14.2
310,Ipswich,2015-03-01,13.9
310,Ipswich,2015-04-01,12.3
310,Ipswich,2015-05-01,11.4
310,Ipswich,2015-06-01,11.6
310,Ipswich,2015-07-01,12.4
310,Ipswich,2015-08-01,12.1
310,Ipswich,2015-09-01,12.1
310,Ipswich,2015-10-01,13.1
310,Ipswich,2015-11-01,11.4
310,Ipswich,2015-12-01,11.3
310,Ipswich,2016-01-01,14.9
310,Ipswich,2016-02-01,12.8
310,Ipswich,2016-03-01,14.5
310,Ipswich,2016-04-01,14.0
310,Ipswich,2016-05-01,12.0
310,Ipswich,2016-06-01,11.9
310,Ipswich,2016-07-01,10.9
310,Ipswich,2016-08-01,12.4
310,Ipswich,2016-09-01,13.2
310,Ipswich,2016-10-01,10.4
310,Ipswich,2016-11-01,11.5
310,Ipswich,2016-12-01,13.4
310,Ipswich,2017-01-01,13.4
310,Ipswich,2017-02-01,15.8
310,Ipswich,2017-03-01,14.5
310,Ipswich,2017-04-01,13.2
310,Ipswich,2017-05-01,13.3
310,Ipswich,2017-06-01,15.0
310,Ipswich,2017-07-01,14.7
310,Ipswich,2017-08-01,12.7
310,Ipswich,2017-09-01,12.7
310,Ipswich,2017-10-01,13.0
310,Ipswich,2017-11-01,12.1
310,Ipswich,2017-12-01,12.0
310,Ipswich,2018-01-01,15.7
310,Ipswich,2018-02-01,16.0
310,Ipswich,2018-03-01,15.3
310,Ipswich,2018-04-01,15.5
310,Ipswich,2018-05-01,14.5
310,Ipswich,2018-06-01,13.8
310,Ipswich,2018-07-01,13.6
310,Ipswich,2018-08-01,15.0
310,Ipswich,2018-09-01,14.2
310,Ipswich,2018-10-01,13.9
310,Ipswich,2018-11-01,13.8
310,Ipswich,2018-12-01,13.2
310,Ipswich,2019-01-01,14.9
310,Ipswich,2019-02-01,14.1
310,Ipswich,2019-03-01,16.6
310,Ipswich,2019-04-01,14.6
310,Ipswich,2019-05-01,15.7
310,Ipswich,2019-06-01,15.8
310,Ipswich,2019-07-01,14.8
310,Ipswich,2019-08-01,15.0
310,Ipswich,2019-09-01,15.6
310,Ipswich,2019-10-01,15.1
310,Ipswich,2019-11-01,14.0
310,Ipswich,2019-12-01,12.6
310,Ipswich,2020-01-01,16.6
310,Ipswich,2020-02-01,14.9
310,Ipswich,2020-03-01,14.5
310,Ipswich,2020-04-01,17.2
310,Ipswich,2020-05-01,15.8
310,Ipswich,2020-06-01,16.8
310,Ipswich,2020-07-01,18.0
310,Ipswich,2020-08-01,15.5
310,Ipswich,2020-09-01,16.2
310,Ipswich,2020-10-01,17.3
310,Ipswich,2020-11-01,15.6
310,Ipswich,2020-12-01,16.8
310,Ipswich,2021-01-01,17.9
310,Ipswich,2021-02-01,17.1
310,Ipswich,2021-03-01,16.2
310,Ipswich,2021-04-01,15.7
310,Ipswich,2021-05-01,14.0
310,Ipswich,2021-06-01,13.3
310,Ipswich,2021-07-01,13.0
310,Ipswich,2021-08-01,12.9
310,Ipswich,2021-09-01,12.2
310,Ipswich,2021-10-01,12.7
310,Ipswich,2021-11-01,10.1
310,Ipswich,2021-12-01,10.5
310,Ipswich,2022-01-01,11.4
310,Ipswich,2022-02-01,11.5
310,Ipswich,2022-03-01,10.8
310,Ipswich,2022-04-01,11.3
310,Ipswich,2022-05-01,10.9
310,Ipswich,2022-06-01,9.8
310,Ipswich,2022-07-01,10.3
310,Ipswich,2022-08-01,9.2
310,Ipswich,2022-09-01,9.1
310,Ipswich,2022-10-01,8.2
310,Ipswich,2022-11-01,8.3
310,Ipswich,2022-12-01,8.7
310,Ipswich,2023-01-01,11.0
310,Ipswich,2023-02-01,11.6
310,Ipswich,2023-03-01,11.3
310,Ipswich,2023-04-01,10.5
310,Ipswich,2023-05-01,10.0
310,Ipswich,2023-06-01,10.7
310,Ipswich,2023-07-01,12.2
310,Ipswich,2023-08-01,11.3
310,Ipswich,2023-09-01,8.2
310,Ipswich,2023-10-01,10.7
310,Ipswich,2023-11-01,12.2
310,Ipswich,2023-12-01,11.2
310,Ipswich,2024-01-01,11.7
310,Ipswich,2024-02-01,13.3
310,Ipswich,2024-03-01,13.4
310,Ipswich,2024-04-01,11.7
310,Ipswich,2024-05-01,12.4
310,Ipswich,2024-06-01,10.8
310,Ipswich,2024-07-01,12.7
310,Ipswich,2024-08-01,10.6
310,Ipswich,2024-09-01,11.9
310,Ipswich,2024-10-01,10.2
310,Ipswich,2024-11-01,10.5
310,Ipswich,2024-12-01,10.4
310,Ipswich,2025-01-01,12.7
310,Ipswich,2025-02-01,12.4
310,Ipswich,2025-03-01,13.0
310,Ipswich,2025-04-01,12.6
310,Ipswich,2025-05-01,11.3
310,Ipswich,2025-06-01,12.0
310,Ipswich,2025-07-01,12.3
310,Ipswich,2025-08-01,12.7
310,Ipswich,2025-09-01,11.5
310,Ipswich,2025-10-01,10.5
310,Ipswich,2025-11-01,12.3
310,Ipswich,2025-12-01,10.9
310,Ipswich,2026-01-01,13.1
310,Ipswich,2026-02-01,14.4
310,Ipswich,2026-03-01,12.0
311,Logan - Beaudesert,2012-01-01,10.9
311,Logan - Beaudesert,2012-02-01,11.8
311,Logan - Beaudesert,2012-03-01,10.8
311,Logan - Beaudesert,2012-04-01,9.1
311,Logan - Beaudesert,2012-05-01,10.4
311,Logan - Beaudesert,2012-06-01,9.0
311,Logan - Beaudesert,2012-07-01,9.7
311,Logan - Beaudesert,2012-08-01,9.8
311,Logan - Beaudesert,2012-09-01,12.2
311,Logan - Beaudesert,2012-10-01,8.8
311,Logan - Beaudesert,2012-11-01,10.9
311,Logan - Beaudesert,2012-12-01,11.2
311,Logan - Beaudesert,2013-01-01,9.7
311,Logan - Beaudesert,2013-02-01,12.9
311,Logan - Beaudesert,2013-03-01,11.2
311,Logan - Beaudesert,2013-04-01,9.1
311,Logan - Beaudesert,2013-05-01,10.9
311,Logan - Beaudesert,2013-06-01,10.9
311,Logan - Beaudesert,2013-07-01,9.5
311,Logan - Beaudesert,2013-08-01,10.0
311,Logan - Beaudesert,2013-09-01,12.1
311,Logan - Beaudesert,2013-10-01,10.1
311,Logan - Beaudesert,2013-11-01,9.3
311,Logan - Beaudesert,2013-12-01,9.8
311,Logan - Beaudesert,2014-01-01,12.3
311,Logan - Beaudesert,2014-02-01,13.4
311,Logan - Beaudesert,2014-03-01,12.2
311,Logan - Beaudesert,2014-04-01,10.7
311,Logan - Beaudesert,2014-05-01,11.3
311,Logan - Beaudesert,2014-06-01,11.3
311,Logan - Beaudesert,2014-07-01,12.9
311,Logan - Beaudesert,2014-08-01,11.7
311,Logan - Beaudesert,2014-09-01,11.2
311,Logan - Beaudesert,2014-10-01,12.0
311,Logan - Beaudesert,2014-11-01,11.1
311,Logan - Beaudesert,2014-12-01,10.0
311,Logan - Beaudesert,2015-01-01,12.5
311,Logan - Beaudesert,2015-02-01,12.9
311,Logan - Beaudesert,2015-03-01,12.2
311,Logan - Beaudesert,2015-04-01,11.2
311,Logan - Beaudesert,2015-05-01,10.6
311,Logan - Beaudesert,2015-06-01,9.7
311,Logan - Beaudesert,2015-07-01,11.4
311,Logan - Beaudesert,2015-08-01,10.8
311,Logan - Beaudesert,2015-09-01,12.3
311,Logan - Beaudesert,2015-10-01,10.8
311,Logan - Beaudesert,2015-11-01,10.2
311,Logan - Beaudesert,2015-12-01,10.0
311,Logan - Beaudesert,2016-01-01,13.0
311,Logan - Beaudesert,2016-02-01,11.6
311,Logan - Beaudesert,2016-03-01,12.8
311,Logan - Beaudesert,2016-04-01,11.0
311,Logan - Beaudesert,2016-05-01,11.9
311,Logan - Beaudesert,2016-06-01,10.6
311,Logan - Beaudesert,2016-07-01,10.3
311,Logan - Beaudesert,2016-08-01,11.8
311,Logan - Beaudesert,2016-09-01,10.9
311,Logan - Beaudesert,2016-10-01,10.2
311,Logan - Beaudesert,2016-11-01,9.9
311,Logan - Beaudesert,2016-12-01,10.9
311,Logan - Beaudesert,2017-01-01,12.7
311,Logan - Beaudesert,2017-02-01,14.9
311,Logan - Beaudesert,2017-03-01,13.3
311,Logan - Beaudesert,2017-04-01,12.8
311,Logan - Beaudesert,2017-05-01,12.5
311,Logan - Beaudesert,2017-06-01,13.7
311,Logan - Beaudesert,2017-07-01,13.0
311,Logan - Beaudesert,2017-08-01,11.6
311,Logan - Beaudesert,2017-09-01,12.7
311,Logan - Beaudesert,2017-10-01,12.0
311,Logan - Beaudesert,2017-11-01,10.1
311,Logan - Beaudesert,2017-12-01,11.2
311,Logan - Beaudesert,2018-01-01,14.0
311,Logan - Beaudesert,2018-02-01,15.2
311,Logan - Beaudesert,2018-03-01,13.5
311,Logan - Beaudesert,2018-04-01,13.7
311,Logan - Beaudesert,2018-05-01,14.0
311,Logan - Beaudesert,2018-06-01,12.8
311,Logan - Beaudesert,2018-07-01,12.3
311,Logan - Beaudesert,2018-08-01,13.7
311,Logan - Beaudesert,2018-09-01,12.9
311,Logan - Beaudesert,2018-10-01,12.2
311,Logan - Beaudesert,2018-11-01,12.8
311,Logan - Beaudesert,2018-12-01,12.9
311,Logan - Beaudesert,2019-01-01,13.7
311,Logan - Beaudesert,2019-02-01,14.3
311,Logan - Beaudesert,2019-03-01,14.5
311,Logan - Beaudesert,2019-04-01,13.9
311,Logan - Beaudesert,2019-05-01,14.4
311,Logan - Beaudesert,2019-06-01,13.1
311,Logan - Beaudesert,2019-07-01,13.5
311,Logan - Beaudesert,2019-08-01,13.7
311,Logan - Beaudesert,2019-09-01,13.5
311,Logan - Beaudesert,2019-10-01,13.8
311,Logan - Beaudesert,2019-11-01,12.8
311,Logan - Beaudesert,2019-12-01,11.6
311,Logan - Beaudesert,2020-01-01,15.7
311,Logan - Beaudesert,2020-02-01,14.9
311,Logan - Beaudesert,2020-03-01,13.5
311,Logan - Beaudesert,2020-04-01,15.3
311,Logan - Beaudesert,2020-05-01,14.6
311,Logan - Beaudesert,2020-06-01,15.2
311,Logan - Beaudesert,2020-07-01,17.7
311,Logan - Beaudesert,2020-08-01,15.5
311,Logan - Beaudesert,2020-09-01,15.6
311,Logan - Beaudesert,2020-10-01,16.2
311,Logan - Beaudesert,2020-11-01,16.0
311,Logan - Beaudesert,2020-12-01,15.5
311,Logan - Beaudesert,2021-01-01,17.5
311,Logan - Beaudesert,2021-02-01,16.3
311,Logan - Beaudesert,2021-03-01,15.3
311,Logan - Beaudesert,2021-04-01,14.8
311,Logan - Beaudesert,2021-05-01,13.3
311,Logan - Beaudesert,2021-06-01,12.7
311,Logan - Beaudesert,2021-07-01,13.0
311,Logan - Beaudesert,2021-08-01,12.3
311,Logan - Beaudesert,2021-09-01,12.1
311,Logan - Beaudesert,2021-10-01,12.5
311,Logan - Beaudesert,2021-11-01,10.1
311,Logan - Beaudesert,2021-12-01,9.7
311,Logan - Beaudesert,2022-01-01,11.5
311,Logan - Beaudesert,2022-02-01,10.8
311,Logan - Beaudesert,2022-03-01,10.7
311,Logan - Beaudesert,2022-04-01,10.9
311,Logan - Beaudesert,2022-05-01,9.5
311,Logan - Beaudesert,2022-06-01,9.7
311,Logan - Beaudesert,2022-07-01,9.3
311,Logan - Beaudesert,2022-08-01,9.1
311,Logan - Beaudesert,2022-09-01,8.9
311,Logan - Beaudesert,2022-10-01,8.3
311,Logan - Beaudesert,2022-11-01,7.8
311,Logan - Beaudesert,2022-12-01,8.3
311,Logan - Beaudesert,2023-01-01,10.4
311,Logan - Beaudesert,2023-02-01,11.8
311,Logan - Beaudesert,2023-03-01,11.1
311,Logan - Beaudesert,2023-04-01,10.0
311,Logan - Beaudesert,2023-05-01,10.9
311,Logan - Beaudesert,2023-06-01,8.8
311,Logan - Beaudesert,2023-07-01,12.1
311,Logan - Beaudesert,2023-08-01,10.5
311,Logan - Beaudesert,2023-09-01,9.7
311,Logan - Beaudesert,2023-10-01,11.1
311,Logan - Beaudesert,2023-11-01,11.3
311,Logan - Beaudesert,2023-12-01,11.2
311,Logan - Beaudesert,2024-01-01,11.5
311,Logan - Beaudesert,2024-02-01,13.1
311,Logan - Beaudesert,2024-03-01,13.0
311,Logan - Beaudesert,2024-04-01,11.5
311,Logan - Beaudesert,2024-05-01,12.2
311,Logan - Beaudesert,2024-06-01,11.5
311,Logan - Beaudesert,2024-07-01,12.5
311,Logan - Beaudesert,2024-08-01,12.5
311,Logan - Beaudesert,2024-09-01,12.0
311,Logan - Beaudesert,2024-10-01,9.7
311,Logan - Beaudesert,2024-11-01,11.0
311,Logan - Beaudesert,2024-12-01,11.2
311,Logan - Beaudesert,2025-01-01,10.0
311,Logan - Beaudesert,2025-02-01,13.5
311,Logan - Beaudesert,2025-03-01,12.8
311,Logan - Beaudesert,2025-04-01,14.0
311,Logan - Beaudesert,2025-05-01,11.2
311,Logan - Beaudesert,2025-06-01,12.3
311,Logan - Beaudesert,2025-07-01,12.8
311,Logan - Beaudesert,2025-08-01,13.8
311,Logan - Beaudesert,2025-09-01,12.8
311,Logan - Beaudesert,2025-10-01,11.8
311,Logan - Beaudesert,2025-11-01,11.1
311,Logan - Beaudesert,2025-12-01,11.5
311,Logan - Beaudesert,2026-01-01,13.7
311,Logan - Beaudesert,2026-02-01,16.2
311,Logan - Beaudesert,2026-03-01,12.7
312,Mackay - Isaac - Whitsunday,2012-01-01,3.1
312,Mackay - Isaac - Whitsunday,2012-02-01,4.0
312,Mackay - Isaac - Whitsunday,2012-03-01,3.4
312,Mackay - Isaac - Whitsunday,2012-04-01,2.7
312,Mackay - Isaac - Whitsunday,2012-05-01,3.0
312,Mackay - Isaac - Whitsunday,2012-06-01,2.6
312,Mackay - Isaac - Whitsunday,2012-07-01,3.0
312,Mackay - Isaac - Whitsunday,2012-08-01,2.8
312,Mackay - Isaac - Whitsunday,2012-09-01,3.0
312,Mackay - Isaac - Whitsunday,2012-10-01,3.0
312,Mackay - Isaac - Whitsunday,2012-11-01,3.0
312,Mackay - Isaac - Whitsunday,2012-12-01,3.2
312,Mackay - Isaac - Whitsunday,2013-01-01,3.2
312,Mackay - Isaac - Whitsunday,2013-02-01,3.9
312,Mackay - Isaac - Whitsunday,2013-03-01,4.1
312,Mackay - Isaac - Whitsunday,2013-04-01,3.3
312,Mackay - Isaac - Whitsunday,2013-05-01,3.5
312,Mackay - Isaac - Whitsunday,2013-06-01,3.7
312,Mackay - Isaac - Whitsunday,2013-07-01,3.5
312,Mackay - Isaac - Whitsunday,2013-08-01,2.9
312,Mackay - Isaac - Whitsunday,2013-09-01,3.9
312,Mackay - Isaac - Whitsunday,2013-10-01,3.4
312,Mackay - Isaac - Whitsunday,2013-11-01,3.4
312,Mackay - Isaac - Whitsunday,2013-12-01,3.7
312,Mackay - Isaac - Whitsunday,2014-01-01,4.3
312,Mackay - Isaac - Whitsunday,2014-02-01,4.5
312,Mackay - Isaac - Whitsunday,2014-03-01,4.4
312,Mackay - Isaac - Whitsunday,2014-04-01,4.2
312,Mackay - Isaac - Whitsunday,2014-05-01,4.5
312,Mackay - Isaac - Whitsunday,2014-06-01,4.3
312,Mackay - Isaac - Whitsunday,2014-07-01,4.2
312,Mackay - Isaac - Whitsunday,2014-08-01,4.6
312,Mackay - Isaac - Whitsunday,2014-09-01,4.8
312,Mackay - Isaac - Whitsunday,2014-10-01,5.1
312,Mackay - Isaac - Whitsunday,2014-11-01,4.6
312,Mackay - Isaac - Whitsunday,2014-12-01,4.7
312,Mackay - Isaac - Whitsunday,2015-01-01,5.7
312,Mackay - Isaac - Whitsunday,2015-02-01,6.1
312,Mackay - Isaac - Whitsunday,2015-03-01,5.9
312,Mackay - Isaac - Whitsunday,2015-04-01,5.4
312,Mackay - Isaac - Whitsunday,2015-05-01,5.1
312,Mackay - Isaac - Whitsunday,2015-06-01,4.9
312,Mackay - Isaac - Whitsunday,2015-07-01,4.7
312,Mackay - Isaac - Whitsunday,2015-08-01,4.9
312,Mackay - Isaac - Whitsunday,2015-09-01,4.8
312,Mackay - Isaac - Whitsunday,2015-10-01,4.6
312,Mackay - Isaac - Whitsunday,2015-11-01,4.3
312,Mackay - Isaac - Whitsunday,2015-12-01,4.7
312,Mackay - Isaac - Whitsunday,2016-01-01,5.2
312,Mackay - Isaac - Whitsunday,2016-02-01,5.5
312,Mackay - Isaac - Whitsunday,2016-03-01,5.9
312,Mackay - Isaac - Whitsunday,2016-04-01,5.1
312,Mackay - Isaac - Whitsunday,2016-05-01,5.9
312,Mackay - Isaac - Whitsunday,2016-06-01,5.2
312,Mackay - Isaac - Whitsunday,2016-07-01,5.0
312,Mackay - Isaac - Whitsunday,2016-08-01,4.8
312,Mackay - Isaac - Whitsunday,2016-09-01,4.8
312,Mackay - Isaac - Whitsunday,2016-10-01,4.6
312,Mackay - Isaac - Whitsunday,2016-11-01,4.3
312,Mackay - Isaac - Whitsunday,2016-12-01,4.7
312,Mackay - Isaac - Whitsunday,2017-01-01,5.0
312,Mackay - Isaac - Whitsunday,2017-02-01,6.1
312,Mackay - Isaac - Whitsunday,2017-03-01,5.5
312,Mackay - Isaac - Whitsunday,2017-04-01,4.6
312,Mackay - Isaac - Whitsunday,2017-05-01,4.7
312,Mackay - Isaac - Whitsunday,2017-06-01,4.5
312,Mackay - Isaac - Whitsunday,2017-07-01,4.3
312,Mackay - Isaac - Whitsunday,2017-08-01,4.2
312,Mackay - Isaac - Whitsunday,2017-09-01,4.4
312,Mackay - Isaac - Whitsunday,2017-10-01,4.1
312,Mackay - Isaac - Whitsunday,2017-11-01,3.9
312,Mackay - Isaac - Whitsunday,2017-12-01,4.3
312,Mackay - Isaac - Whitsunday,2018-01-01,4.7
312,Mackay - Isaac - Whitsunday,2018-02-01,5.3
312,Mackay - Isaac - Whitsunday,2018-03-01,5.3
312,Mackay - Isaac - Whitsunday,2018-04-01,5.1
312,Mackay - Isaac - Whitsunday,2018-05-01,4.5
312,Mackay - Isaac - Whitsunday,2018-06-01,4.1
312,Mackay - Isaac - Whitsunday,2018-07-01,3.9
312,Mackay - Isaac - Whitsunday,2018-08-01,4.4
312,Mackay - Isaac - Whitsunday,2018-09-01,3.9
312,Mackay - Isaac - Whitsunday,2018-10-01,4.3
312,Mackay - Isaac - Whitsunday,2018-11-01,3.9
312,Mackay - Isaac - Whitsunday,2018-12-01,3.9
312,Mackay - Isaac - Whitsunday,2019-01-01,4.1
312,Mackay - Isaac - Whitsunday,2019-02-01,4.8
312,Mackay - Isaac - Whitsunday,2019-03-01,4.9
312,Mackay - Isaac - Whitsunday,2019-04-01,4.6
312,Mackay - Isaac - Whitsunday,2019-05-01,4.7
312,Mackay - Isaac - Whitsunday,2019-06-01,4.8
312,Mackay - Isaac - Whitsunday,2019-07-01,4.5
312,Mackay - Isaac - Whitsunday,2019-08-01,4.8
312,Mackay - Isaac - Whitsunday,2019-09-01,4.4
312,Mackay - Isaac - Whitsunday,2019-10-01,4.3
312,Mackay - Isaac - Whitsunday,2019-11-01,4.3
312,Mackay - Isaac - Whitsunday,2019-12-01,3.8
312,Mackay - Isaac - Whitsunday,2020-01-01,4.8
312,Mackay - Isaac - Whitsunday,2020-02-01,4.5
312,Mackay - Isaac - Whitsunday,2020-03-01,4.0
312,Mackay - Isaac - Whitsunday,2020-04-01,5.0
312,Mackay - Isaac - Whitsunday,2020-05-01,5.5
312,Mackay - Isaac - Whitsunday,2020-06-01,5.7
312,Mackay - Isaac - Whitsunday,2020-07-01,6.0
312,Mackay - Isaac - Whitsunday,2020-08-01,5.2
312,Mackay - Isaac - Whitsunday,2020-09-01,5.2
312,Mackay - Isaac - Whitsunday,2020-10-01,5.3
312,Mackay - Isaac - Whitsunday,2020-11-01,4.9
312,Mackay - Isaac - Whitsunday,2020-12-01,5.0
312,Mackay - Isaac - Whitsunday,2021-01-01,5.3
312,Mackay - Isaac - Whitsunday,2021-02-01,4.4
312,Mackay - Isaac - Whitsunday,2021-03-01,4.6
312,Mackay - Isaac - Whitsunday,2021-04-01,4.3
312,Mackay - Isaac - Whitsunday,2021-05-01,4.0
312,Mackay - Isaac - Whitsunday,2021-06-01,3.9
312,Mackay - Isaac - Whitsunday,2021-07-01,3.8
312,Mackay - Isaac - Whitsunday,2021-08-01,3.4
312,Mackay - Isaac - Whitsunday,2021-09-01,3.4
312,Mackay - Isaac - Whitsunday,2021-10-01,3.9
312,Mackay - Isaac - Whitsunday,2021-11-01,3.0
312,Mackay - Isaac - Whitsunday,2021-12-01,3.3
312,Mackay - Isaac - Whitsunday,2022-01-01,3.9
312,Mackay - Isaac - Whitsunday,2022-02-01,3.3
312,Mackay - Isaac - Whitsunday,2022-03-01,3.1
312,Mackay - Isaac - Whitsunday,2022-04-01,3.4
312,Mackay - Isaac - Whitsunday,2022-05-01,3.2
312,Mackay - Isaac - Whitsunday,2022-06-01,3.2
312,Mackay - Isaac - Whitsunday,2022-07-01,3.0
312,Mackay - Isaac - Whitsunday,2022-08-01,2.7
312,Mackay - Isaac - Whitsunday,2022-09-01,2.9
312,Mackay - Isaac - Whitsunday,2022-10-01,2.3
312,Mackay - Isaac - Whitsunday,2022-11-01,2.2
312,Mackay - Isaac - Whitsunday,2022-12-01,2.9
312,Mackay - Isaac - Whitsunday,2023-01-01,3.3
312,Mackay - Isaac - Whitsunday,2023-02-01,3.6
312,Mackay - Isaac - Whitsunday,2023-03-01,3.0
312,Mackay - Isaac - Whitsunday,2023-04-01,3.0
312,Mackay - Isaac - Whitsunday,2023-05-01,3.3
312,Mackay - Isaac - Whitsunday,2023-06-01,3.0
312,Mackay - Isaac - Whitsunday,2023-07-01,3.4
312,Mackay - Isaac - Whitsunday,2023-08-01,3.0
312,Mackay - Isaac - Whitsunday,2023-09-01,2.8
312,Mackay - Isaac - Whitsunday,2023-10-01,3.1
312,Mackay - Isaac - Whitsunday,2023-11-01,3.2
312,Mackay - Isaac - Whitsunday,2023-12-01,3.0
312,Mackay - Isaac - Whitsunday,2024-01-01,3.3
312,Mackay - Isaac - Whitsunday,2024-02-01,3.5
312,Mackay - Isaac - Whitsunday,2024-03-01,3.5
312,Mackay - Isaac - Whitsunday,2024-04-01,3.5
312,Mackay - Isaac - Whitsunday,2024-05-01,3.2
312,Mackay - Isaac - Whitsunday,2024-06-01,3.0
312,Mackay - Isaac - Whitsunday,2024-07-01,3.1
312,Mackay - Isaac - Whitsunday,2024-08-01,3.1
312,Mackay - Isaac - Whitsunday,2024-09-01,3.1
312,Mackay - Isaac - Whitsunday,2024-10-01,2.9
312,Mackay - Isaac - Whitsunday,2024-11-01,2.8
312,Mackay - Isaac - Whitsunday,2024-12-01,3.1
312,Mackay - Isaac - Whitsunday,2025-01-01,3.4
312,Mackay - Isaac - Whitsunday,2025-02-01,3.5
312,Mackay - Isaac - Whitsunday,2025-03-01,3.2
312,Mackay - Isaac - Whitsunday,2025-04-01,3.5
312,Mackay - Isaac - Whitsunday,2025-05-01,3.1
312,Mackay - Isaac - Whitsunday,2025-06-01,3.2
312,Mackay - Isaac - Whitsunday,2025-07-01,3.6
312,Mackay - Isaac - Whitsunday,2025-08-01,3.6
312,Mackay - Isaac - Whitsunday,2025-09-01,3.1
312,Mackay - Isaac - Whitsunday,2025-10-01,3.3
312,Mackay - Isaac - Whitsunday,2025-11-01,3.3
312,Mackay - Isaac - Whitsunday,2025-12-01,2.6
312,Mackay - Isaac - Whitsunday,2026-01-01,3.8
312,Mackay - Isaac - Whitsunday,2026-02-01,4.2
312,Mackay - Isaac - Whitsunday,2026-03-01,3.4
313,Moreton Bay - North,2012-01-01,7.6
313,Moreton Bay - North,2012-02-01,8.1
313,Moreton Bay - North,2012-03-01,7.7
313,Moreton Bay - North,2012-04-01,7.2
313,Moreton Bay - North,2012-05-01,7.7
313,Moreton Bay - North,2012-06-01,6.9
313,Moreton Bay - North,2012-07-01,7.8
313,Moreton Bay - North,2012-08-01,7.3
313,Moreton Bay - North,2012-09-01,8.4
313,Moreton Bay - North,2012-10-01,7.4
313,Moreton Bay - North,2012-11-01,7.1
313,Moreton Bay - North,2012-12-01,7.9
313,Moreton Bay - North,2013-01-01,7.0
313,Moreton Bay - North,2013-02-01,8.7
313,Moreton Bay - North,2013-03-01,9.0
313,Moreton Bay - North,2013-04-01,7.0
313,Moreton Bay - North,2013-05-01,6.7
313,Moreton Bay - North,2013-06-01,9.0
313,Moreton Bay - North,2013-07-01,6.5
313,Moreton Bay - North,2013-08-01,8.2
313,Moreton Bay - North,2013-09-01,7.9
313,Moreton Bay - North,2013-10-01,8.5
313,Moreton Bay - North,2013-11-01,7.8
313,Moreton Bay - North,2013-12-01,8.7
313,Moreton Bay - North,2014-01-01,9.4
313,Moreton Bay - North,2014-02-01,10.3
313,Moreton Bay - North,2014-03-01,10.2
313,Moreton Bay - North,2014-04-01,9.1
313,Moreton Bay - North,2014-05-01,9.0
313,Moreton Bay - North,2014-06-01,9.3
313,Moreton Bay - North,2014-07-01,9.2
313,Moreton Bay - North,2014-08-01,8.9
313,Moreton Bay - North,2014-09-01,8.8
313,Moreton Bay - North,2014-10-01,9.8
313,Moreton Bay - North,2014-11-01,8.3
313,Moreton Bay - North,2014-12-01,8.4
313,Moreton Bay - North,2015-01-01,9.6
313,Moreton Bay - North,2015-02-01,10.2
313,Moreton Bay - North,2015-03-01,9.6
313,Moreton Bay - North,2015-04-01,8.3
313,Moreton Bay - North,2015-05-01,8.0
313,Moreton Bay - North,2015-06-01,7.6
313,Moreton Bay - North,2015-07-01,9.0
313,Moreton Bay - North,2015-08-01,8.4
313,Moreton Bay - North,2015-09-01,9.0
313,Moreton Bay - North,2015-10-01,8.4
313,Moreton Bay - North,2015-11-01,7.4
313,Moreton Bay - North,2015-12-01,8.4
313,Moreton Bay - North,2016-01-01,9.5
313,Moreton Bay - North,2016-02-01,8.8
313,Moreton Bay - North,2016-03-01,9.2
313,Moreton Bay - North,2016-04-01,9.6
313,Moreton Bay - North,2016-05-01,8.6
313,Moreton Bay - North,2016-06-01,8.1
313,Moreton Bay - North,2016-07-01,7.8
313,Moreton Bay - North,2016-08-01,8.5
313,Moreton Bay - North,2016-09-01,7.6
313,Moreton Bay - North,2016-10-01,8.0
313,Moreton Bay - North,2016-11-01,7.7
313,Moreton Bay - North,2016-12-01,7.2
313,Moreton Bay - North,2017-01-01,9.6
313,Moreton Bay - North,2017-02-01,10.7
313,Moreton Bay - North,2017-03-01,8.6
313,Moreton Bay - North,2017-04-01,9.5
313,Moreton Bay - North,2017-05-01,9.3
313,Moreton Bay - North,2017-06-01,9.8
313,Moreton Bay - North,2017-07-01,8.7
313,Moreton Bay - North,2017-08-01,8.7
313,Moreton Bay - North,2017-09-01,8.4
313,Moreton Bay - North,2017-10-01,8.0
313,Moreton Bay - North,2017-11-01,7.5
313,Moreton Bay - North,2017-12-01,8.3
313,Moreton Bay - North,2018-01-01,9.7
313,Moreton Bay - North,2018-02-01,10.3
313,Moreton Bay - North,2018-03-01,9.8
313,Moreton Bay - North,2018-04-01,10.1
313,Moreton Bay - North,2018-05-01,9.8
313,Moreton Bay - North,2018-06-01,9.3
313,Moreton Bay - North,2018-07-01,9.2
313,Moreton Bay - North,2018-08-01,9.4
313,Moreton Bay - North,2018-09-01,9.0
313,Moreton Bay - North,2018-10-01,8.7
313,Moreton Bay - North,2018-11-01,8.9
313,Moreton Bay - North,2018-12-01,9.0
313,Moreton Bay - North,2019-01-01,9.7
313,Moreton Bay - North,2019-02-01,9.3
313,Moreton Bay - North,2019-03-01,10.2
313,Moreton Bay - North,2019-04-01,9.7
313,Moreton Bay - North,2019-05-01,9.8
313,Moreton Bay - North,2019-06-01,9.7
313,Moreton Bay - North,2019-07-01,9.2
313,Moreton Bay - North,2019-08-01,9.6
313,Moreton Bay - North,2019-09-01,9.6
313,Moreton Bay - North,2019-10-01,9.7
313,Moreton Bay - North,2019-11-01,8.8
313,Moreton Bay - North,2019-12-01,7.4
313,Moreton Bay - North,2020-01-01,10.7
313,Moreton Bay - North,2020-02-01,10.7
313,Moreton Bay - North,2020-03-01,9.8
313,Moreton Bay - North,2020-04-01,9.5
313,Moreton Bay - North,2020-05-01,10.7
313,Moreton Bay - North,2020-06-01,10.6
313,Moreton Bay - North,2020-07-01,11.4
313,Moreton Bay - North,2020-08-01,10.3
313,Moreton Bay - North,2020-09-01,10.5
313,Moreton Bay - North,2020-10-01,10.9
313,Moreton Bay - North,2020-11-01,10.3
313,Moreton Bay - North,2020-12-01,10.9
313,Moreton Bay - North,2021-01-01,11.2
313,Moreton Bay - North,2021-02-01,10.6
313,Moreton Bay - North,2021-03-01,10.3
313,Moreton Bay - North,2021-04-01,9.2
313,Moreton Bay - North,2021-05-01,8.7
313,Moreton Bay - North,2021-06-01,8.5
313,Moreton Bay - North,2021-07-01,8.2
313,Moreton Bay - North,2021-08-01,8.4
313,Moreton Bay - North,2021-09-01,8.2
313,Moreton Bay - North,2021-10-01,7.9
313,Moreton Bay - North,2021-11-01,6.6
313,Moreton Bay - North,2021-12-01,6.4
313,Moreton Bay - North,2022-01-01,7.6
313,Moreton Bay - North,2022-02-01,7.6
313,Moreton Bay - North,2022-03-01,7.0
313,Moreton Bay - North,2022-04-01,7.4
313,Moreton Bay - North,2022-05-01,7.0
313,Moreton Bay - North,2022-06-01,6.9
313,Moreton Bay - North,2022-07-01,6.2
313,Moreton Bay - North,2022-08-01,5.6
313,Moreton Bay - North,2022-09-01,6.0
313,Moreton Bay - North,2022-10-01,5.3
313,Moreton Bay - North,2022-11-01,5.4
313,Moreton Bay - North,2022-12-01,5.5
313,Moreton Bay - North,2023-01-01,6.6
313,Moreton Bay - North,2023-02-01,7.3
313,Moreton Bay - North,2023-03-01,7.7
313,Moreton Bay - North,2023-04-01,6.8
313,Moreton Bay - North,2023-05-01,7.0
313,Moreton Bay - North,2023-06-01,6.4
313,Moreton Bay - North,2023-07-01,7.1
313,Moreton Bay - North,2023-08-01,7.3
313,Moreton Bay - North,2023-09-01,6.6
313,Moreton Bay - North,2023-10-01,7.4
313,Moreton Bay - North,2023-11-01,7.2
313,Moreton Bay - North,2023-12-01,7.3
313,Moreton Bay - North,2024-01-01,8.2
313,Moreton Bay - North,2024-02-01,7.8
313,Moreton Bay - North,2024-03-01,8.3
313,Moreton Bay - North,2024-04-01,8.0
313,Moreton Bay - North,2024-05-01,7.3
313,Moreton Bay - North,2024-06-01,6.7
313,Moreton Bay - North,2024-07-01,8.6
313,Moreton Bay - North,2024-08-01,8.1
313,Moreton Bay - North,2024-09-01,6.9
313,Moreton Bay - North,2024-10-01,5.2
313,Moreton Bay - North,2024-11-01,6.6
313,Moreton Bay - North,2024-12-01,6.8
313,Moreton Bay - North,2025-01-01,8.5
313,Moreton Bay - North,2025-02-01,8.4
313,Moreton Bay - North,2025-03-01,7.7
313,Moreton Bay - North,2025-04-01,8.5
313,Moreton Bay - North,2025-05-01,7.3
313,Moreton Bay - North,2025-06-01,7.2
313,Moreton Bay - North,2025-07-01,7.5
313,Moreton Bay - North,2025-08-01,8.2
313,Moreton Bay - North,2025-09-01,7.7
313,Moreton Bay - North,2025-10-01,7.6
313,Moreton Bay - North,2025-11-01,7.6
313,Moreton Bay - North,2025-12-01,6.7
313,Moreton Bay - North,2026-01-01,8.9
313,Moreton Bay - North,2026-02-01,8.9
313,Moreton Bay - North,2026-03-01,8.1
314,Moreton Bay - South,2012-01-01,4.2
314,Moreton Bay - South,2012-02-01,5.0
314,Moreton Bay - South,2012-03-01,4.8
314,Moreton Bay - South,2012-04-01,4.1
314,Moreton Bay - South,2012-05-01,4.5
314,Moreton Bay - South,2012-06-01,4.2
314,Moreton Bay - South,2012-07-01,4.6
314,Moreton Bay - South,2012-08-01,4.1
314,Moreton Bay - South,2012-09-01,5.0
314,Moreton Bay - South,2012-10-01,4.7
314,Moreton Bay - South,2012-11-01,4.2
314,Moreton Bay - South,2012-12-01,5.0
314,Moreton Bay - South,2013-01-01,5.1
314,Moreton Bay - South,2013-02-01,5.5
314,Moreton Bay - South,2013-03-01,4.7
314,Moreton Bay - South,2013-04-01,4.4
314,Moreton Bay - South,2013-05-01,5.0
314,Moreton Bay - South,2013-06-01,5.3
314,Moreton Bay - South,2013-07-01,3.9
314,Moreton Bay - South,2013-08-01,5.0
314,Moreton Bay - South,2013-09-01,5.1
314,Moreton Bay - South,2013-10-01,4.7
314,Moreton Bay - South,2013-11-01,4.5
314,Moreton Bay - South,2013-12-01,4.9
314,Moreton Bay - South,2014-01-01,5.8
314,Moreton Bay - South,2014-02-01,6.4
314,Moreton Bay - South,2014-03-01,6.0
314,Moreton Bay - South,2014-04-01,5.3
314,Moreton Bay - South,2014-05-01,6.0
314,Moreton Bay - South,2014-06-01,5.5
314,Moreton Bay - South,2014-07-01,5.5
314,Moreton Bay - South,2014-08-01,5.7
314,Moreton Bay - South,2014-09-01,5.3
314,Moreton Bay - South,2014-10-01,5.6
314,Moreton Bay - South,2014-11-01,5.2
314,Moreton Bay - South,2014-12-01,5.4
314,Moreton Bay - South,2015-01-01,5.6
314,Moreton Bay - South,2015-02-01,6.4
314,Moreton Bay - South,2015-03-01,6.0
314,Moreton Bay - South,2015-04-01,5.4
314,Moreton Bay - South,2015-05-01,5.5
314,Moreton Bay - South,2015-06-01,5.1
314,Moreton Bay - South,2015-07-01,5.2
314,Moreton Bay - South,2015-08-01,5.4
314,Moreton Bay - South,2015-09-01,5.2
314,Moreton Bay - South,2015-10-01,5.4
314,Moreton Bay - South,2015-11-01,4.8
314,Moreton Bay - South,2015-12-01,5.0
314,Moreton Bay - South,2016-01-01,6.2
314,Moreton Bay - South,2016-02-01,5.5
314,Moreton Bay - South,2016-03-01,5.6
314,Moreton Bay - South,2016-04-01,5.8
314,Moreton Bay - South,2016-05-01,5.3
314,Moreton Bay - South,2016-06-01,5.0
314,Moreton Bay - South,2016-07-01,4.7
314,Moreton Bay - South,2016-08-01,5.2
314,Moreton Bay - South,2016-09-01,5.5
314,Moreton Bay - South,2016-10-01,4.4
314,Moreton Bay - South,2016-11-01,4.7
314,Moreton Bay - South,2016-12-01,5.0
314,Moreton Bay - South,2017-01-01,5.9
314,Moreton Bay - South,2017-02-01,6.8
314,Moreton Bay - South,2017-03-01,6.3
314,Moreton Bay - South,2017-04-01,5.9
314,Moreton Bay - South,2017-05-01,5.7
314,Moreton Bay - South,2017-06-01,5.8
314,Moreton Bay - South,2017-07-01,5.2
314,Moreton Bay - South,2017-08-01,5.4
314,Moreton Bay - South,2017-09-01,5.4
314,Moreton Bay - South,2017-10-01,4.4
314,Moreton Bay - South,2017-11-01,5.2
314,Moreton Bay - South,2017-12-01,5.4
314,Moreton Bay - South,2018-01-01,5.8
314,Moreton Bay - South,2018-02-01,6.9
314,Moreton Bay - South,2018-03-01,6.5
314,Moreton Bay - South,2018-04-01,6.3
314,Moreton Bay - South,2018-05-01,6.5
314,Moreton Bay - South,2018-06-01,6.0
314,Moreton Bay - South,2018-07-01,5.6
314,Moreton Bay - South,2018-08-01,6.4
314,Moreton Bay - South,2018-09-01,5.7
314,Moreton Bay - South,2018-10-01,5.9
314,Moreton Bay - South,2018-11-01,5.4
314,Moreton Bay - South,2018-12-01,5.6
314,Moreton Bay - South,2019-01-01,6.8
314,Moreton Bay - South,2019-02-01,6.5
314,Moreton Bay - South,2019-03-01,7.0
314,Moreton Bay - South,2019-04-01,6.0
314,Moreton Bay - South,2019-05-01,6.3
314,Moreton Bay - South,2019-06-01,6.3
314,Moreton Bay - South,2019-07-01,6.3
314,Moreton Bay - South,2019-08-01,6.1
314,Moreton Bay - South,2019-09-01,6.6
314,Moreton Bay - South,2019-10-01,6.0
314,Moreton Bay - South,2019-11-01,5.7
314,Moreton Bay - South,2019-12-01,5.4
314,Moreton Bay - South,2020-01-01,7.3
314,Moreton Bay - South,2020-02-01,6.9
314,Moreton Bay - South,2020-03-01,6.7
314,Moreton Bay - South,2020-04-01,7.6
314,Moreton Bay - South,2020-05-01,7.9
314,Moreton Bay - South,2020-06-01,8.7
314,Moreton Bay - South,2020-07-01,8.9
314,Moreton Bay - South,2020-08-01,7.7
314,Moreton Bay - South,2020-09-01,7.9
314,Moreton Bay - South,2020-10-01,8.3
314,Moreton Bay - South,2020-11-01,7.6
314,Moreton Bay - South,2020-12-01,7.5
314,Moreton Bay - South,2021-01-01,8.8
314,Moreton Bay - South,2021-02-01,7.9
314,Moreton Bay - South,2021-03-01,7.2
314,Moreton Bay - South,2021-04-01,6.9
314,Moreton Bay - South,2021-05-01,6.4
314,Moreton Bay - South,2021-06-01,6.0
314,Moreton Bay - South,2021-07-01,5.8
314,Moreton Bay - South,2021-08-01,6.1
314,Moreton Bay - South,2021-09-01,5.6
314,Moreton Bay - South,2021-10-01,5.7
314,Moreton Bay - South,2021-11-01,4.8
314,Moreton Bay - South,2021-12-01,4.5
314,Moreton Bay - South,2022-01-01,5.2
314,Moreton Bay - South,2022-02-01,5.3
314,Moreton Bay - South,2022-03-01,4.7
314,Moreton Bay - South,2022-04-01,4.9
314,Moreton Bay - South,2022-05-01,4.6
314,Moreton Bay - South,2022-06-01,4.5
314,Moreton Bay - South,2022-07-01,4.3
314,Moreton Bay - South,2022-08-01,3.4
314,Moreton Bay - South,2022-09-01,4.2
314,Moreton Bay - South,2022-10-01,3.7
314,Moreton Bay - South,2022-11-01,3.5
314,Moreton Bay - South,2022-12-01,4.0
314,Moreton Bay - South,2023-01-01,4.5
314,Moreton Bay - South,2023-02-01,5.0
314,Moreton Bay - South,2023-03-01,4.8
314,Moreton Bay - South,2023-04-01,4.6
314,Moreton Bay - South,2023-05-01,4.8
314,Moreton Bay - South,2023-06-01,4.2
314,Moreton Bay - South,2023-07-01,4.6
314,Moreton Bay - South,2023-08-01,4.6
314,Moreton Bay - South,2023-09-01,4.7
314,Moreton Bay - South,2023-10-01,4.9
314,Moreton Bay - South,2023-11-01,4.7
314,Moreton Bay - South,2023-12-01,4.9
314,Moreton Bay - South,2024-01-01,4.8
314,Moreton Bay - South,2024-02-01,5.5
314,Moreton Bay - South,2024-03-01,5.5
314,Moreton Bay - South,2024-04-01,5.2
314,Moreton Bay - South,2024-05-01,4.7
314,Moreton Bay - South,2024-06-01,4.7
314,Moreton Bay - South,2024-07-01,5.7
314,Moreton Bay - South,2024-08-01,4.9
314,Moreton Bay - South,2024-09-01,4.6
314,Moreton Bay - South,2024-10-01,4.7
314,Moreton Bay - South,2024-11-01,4.7
314,Moreton Bay - South,2024-12-01,4.6
314,Moreton Bay - South,2025-01-01,5.5
314,Moreton Bay - South,2025-02-01,5.7
314,Moreton Bay - South,2025-03-01,5.1
314,Moreton Bay - South,2025-04-01,5.4
314,Moreton Bay - South,2025-05-01,4.9
314,Moreton Bay - South,2025-06-01,5.1
314,Moreton Bay - South,2025-07-01,5.2
314,Moreton Bay - South,2025-08-01,5.3
314,Moreton Bay - South,2025-09-01,4.8
314,Moreton Bay - South,2025-10-01,4.8
314,Moreton Bay - South,2025-11-01,5.1
314,Moreton Bay - South,2025-12-01,4.8
314,Moreton Bay - South,2026-01-01,5.8
314,Moreton Bay - South,2026-02-01,6.1
314,Moreton Bay - South,2026-03-01,5.3
315,Queensland - Outback,2012-01-01,4.0
315,Queensland - Outback,2012-02-01,4.6
315,Queensland - Outback,2012-03-01,4.2
315,Queensland - Outback,2012-04-01,3.6
315,Queensland - Outback,2012-05-01,3.8
315,Queensland - Outback,2012-06-01,3.5
315,Queensland - Outback,2012-07-01,3.6
315,Queensland - Outback,2012-08-01,3.7
315,Queensland - Outback,2012-09-01,4.2
315,Queensland - Outback,2012-10-01,4.1
315,Queensland - Outback,2012-11-01,3.8
315,Queensland - Outback,2012-12-01,4.0
315,Queensland - Outback,2013-01-01,4.3
315,Queensland - Outback,2013-02-01,4.3
315,Queensland - Outback,2013-03-01,4.3
315,Queensland - Outback,2013-04-01,3.7
315,Queensland - Outback,2013-05-01,4.0
315,Queensland - Outback,2013-06-01,4.1
315,Queensland - Outback,2013-07-01,3.8
315,Queensland - Outback,2013-08-01,3.6
315,Queensland - Outback,2013-09-01,4.2
315,Queensland - Outback,2013-10-01,3.8
315,Queensland - Outback,2013-11-01,3.4
315,Queensland - Outback,2013-12-01,4.1
315,Queensland - Outback,2014-01-01,4.3
315,Queensland - Outback,2014-02-01,5.0
315,Queensland - Outback,2014-03-01,4.3
315,Queensland - Outback,2014-04-01,4.2
315,Queensland - Outback,2014-05-01,4.0
315,Queensland - Outback,2014-06-01,3.8
315,Queensland - Outback,2014-07-01,3.9
315,Queensland - Outback,2014-08-01,4.1
315,Queensland - Outback,2014-09-01,3.9
315,Queensland - Outback,2014-10-01,4.2
315,Queensland - Outback,2014-11-01,4.0
315,Queensland - Outback,2014-12-01,4.1
315,Queensland - Outback,2015-01-01,4.2
315,Queensland - Outback,2015-02-01,4.5
315,Queensland - Outback,2015-03-01,4.2
315,Queensland - Outback,2015-04-01,3.9
315,Queensland - Outback,2015-05-01,3.6
315,Queensland - Outback,2015-06-01,3.3
315,Queensland - Outback,2015-07-01,4.2
315,Queensland - Outback,2015-08-01,4.1
315,Queensland - Outback,2015-09-01,3.8
315,Queensland - Outback,2015-10-01,3.4
315,Queensland - Outback,2015-11-01,2.8
315,Queensland - Outback,2015-12-01,3.0
315,Queensland - Outback,2016-01-01,3.4
315,Queensland - Outback,2016-02-01,3.0
315,Queensland - Outback,2016-03-01,3.7
315,Queensland - Outback,2016-04-01,3.1
315,Queensland - Outback,2016-05-01,3.3
315,Queensland - Outback,2016-06-01,3.2
315,Queensland - Outback,2016-07-01,3.0
315,Queensland - Outback,2016-08-01,2.9
315,Queensland - Outback,2016-09-01,2.9
315,Queensland - Outback,2016-10-01,2.5
315,Queensland - Outback,2016-11-01,2.5
315,Queensland - Outback,2016-12-01,2.6
315,Queensland - Outback,2017-01-01,2.9
315,Queensland - Outback,2017-02-01,3.2
315,Queensland - Outback,2017-03-01,2.8
315,Queensland - Outback,2017-04-01,2.7
315,Queensland - Outback,2017-05-01,2.5
315,Queensland - Outback,2017-06-01,2.5
315,Queensland - Outback,2017-07-01,2.4
315,Queensland - Outback,2017-08-01,2.4
315,Queensland - Outback,2017-09-01,2.4
315,Queensland - Outback,2017-10-01,2.4
315,Queensland - Outback,2017-11-01,2.3
315,Queensland - Outback,2017-12-01,2.4
315,Queensland - Outback,2018-01-01,2.8
315,Queensland - Outback,2018-02-01,3.1
315,Queensland - Outback,2018-03-01,3.0
315,Queensland - Outback,2018-04-01,2.9
315,Queensland - Outback,2018-05-01,2.7
315,Queensland - Outback,2018-06-01,2.6
315,Queensland - Outback,2018-07-01,2.5
315,Queensland - Outback,2018-08-01,2.6
315,Queensland - Outback,2018-09-01,2.5
315,Queensland - Outback,2018-10-01,2.6
315,Queensland - Outback,2018-11-01,2.5
315,Queensland - Outback,2018-12-01,2.5
315,Queensland - Outback,2019-01-01,2.8
315,Queensland - Outback,2019-02-01,2.9
315,Queensland - Outback,2019-03-01,3.0
315,Queensland - Outback,2019-04-01,2.9
315,Queensland - Outback,2019-05-01,2.9
315,Queensland - Outback,2019-06-01,3.0
315,Queensland - Outback,2019-07-01,3.0
315,Queensland - Outback,2019-08-01,3.1
315,Queensland - Outback,2019-09-01,3.1
315,Queensland - Outback,2019-10-01,3.1
315,Queensland - Outback,2019-11-01,2.9
315,Queensland - Outback,2019-12-01,2.7
315,Queensland - Outback,2020-01-01,3.1
315,Queensland - Outback,2020-02-01,3.1
315,Queensland - Outback,2020-03-01,2.9
315,Queensland - Outback,2020-04-01,2.9
315,Queensland - Outback,2020-05-01,2.8
315,Queensland - Outback,2020-06-01,2.9
315,Queensland - Outback,2020-07-01,3.2
315,Queensland - Outback,2020-08-01,3.0
315,Queensland - Outback,2020-09-01,3.1
315,Queensland - Outback,2020-10-01,3.2
315,Queensland - Outback,2020-11-01,2.8
315,Queensland - Outback,2020-12-01,2.9
315,Queensland - Outback,2021-01-01,3.0
315,Queensland - Outback,2021-02-01,2.9
315,Queensland - Outback,2021-03-01,2.8
315,Queensland - Outback,2021-04-01,2.7
315,Queensland - Outback,2021-05-01,2.6
315,Queensland - Outback,2021-06-01,2.6
315,Queensland - Outback,2021-07-01,2.6
315,Queensland - Outback,2021-08-01,2.5
315,Queensland - Outback,2021-09-01,2.5
315,Queensland - Outback,2021-10-01,2.7
315,Queensland - Outback,2021-11-01,2.5
315,Queensland - Outback,2021-12-01,2.6
315,Queensland - Outback,2022-01-01,2.7
315,Queensland - Outback,2022-02-01,2.7
315,Queensland - Outback,2022-03-01,2.5
315,Queensland - Outback,2022-04-01,2.6
315,Queensland - Outback,2022-05-01,2.5
315,Queensland - Outback,2022-06-01,2.5
315,Queensland - Outback,2022-07-01,2.3
315,Queensland - Outback,2022-08-01,2.2
315,Queensland - Outback,2022-09-01,2.3
315,Queensland - Outback,2022-10-01,2.2
315,Queensland - Outback,2022-11-01,2.1
315,Queensland - Outback,2022-12-01,2.3
315,Queensland - Outback,2023-01-01,2.6
315,Queensland - Outback,2023-02-01,2.8
315,Queensland - Outback,2023-03-01,2.7
315,Queensland - Outback,2023-04-01,2.6
315,Queensland - Outback,2023-05-01,2.6
315,Queensland - Outback,2023-06-01,2.4
315,Queensland - Outback,2023-07-01,2.7
315,Queensland - Outback,2023-08-01,2.5
315,Queensland - Outback,2023-09-01,2.4
315,Queensland - Outback,2023-10-01,2.6
315,Queensland - Outback,2023-11-01,2.5
315,Queensland - Outback,2023-12-01,2.6
315,Queensland - Outback,2024-01-01,2.8
315,Queensland - Outback,2024-02-01,2.9
315,Queensland - Outback,2024-03-01,2.8
315,Queensland - Outback,2024-04-01,2.6
315,Queensland - Outback,2024-05-01,2.6
315,Queensland - Outback,2024-06-01,2.4
315,Queensland - Outback,2024-07-01,2.8
315,Queensland - Outback,2024-08-01,2.6
315,Queensland - Outback,2024-09-01,2.4
315,Queensland - Outback,2024-10-01,2.4
315,Queensland - Outback,2024-11-01,2.4
315,Queensland - Outback,2024-12-01,2.5
315,Queensland - Outback,2025-01-01,2.7
315,Queensland - Outback,2025-02-01,2.9
315,Queensland - Outback,2025-03-01,2.7
315,Queensland - Outback,2025-04-01,2.7
315,Queensland - Outback,2025-05-01,2.5
315,Queensland - Outback,2025-06-01,2.6
315,Queensland - Outback,2025-07-01,2.7
315,Queensland - Outback,2025-08-01,2.8
315,Queensland - Outback,2025-09-01,2.7
315,Queensland - Outback,2025-10-01,2.8
315,Queensland - Outback,2025-11-01,2.7
315,Queensland - Outback,2025-12-01,2.6
315,Queensland - Outback,2026-01-01,3.2
315,Queensland - Outback,2026-02-01,3.4
315,Queensland - Outback,2026-03-01,2.9
316,Sunshine Coast,2012-01-01,11.6
316,Sunshine Coast,2012-02-01,13.1
316,Sunshine Coast,2012-03-01,11.4
316,Sunshine Coast,2012-04-01,9.8
316,Sunshine Coast,2012-05-01,10.9
316,Sunshine Coast,2012-06-01,8.9
316,Sunshine Coast,2012-07-01,11.0
316,Sunshine Coast,2012-08-01,10.2
316,Sunshine Coast,2012-09-01,11.5
316,Sunshine Coast,2012-10-01,10.5
316,Sunshine Coast,2012-11-01,10.3
316,Sunshine Coast,2012-12-01,10.2
316,Sunshine Coast,2013-01-01,11.2
316,Sunshine Coast,2013-02-01,12.7
316,Sunshine Coast,2013-03-01,12.2
316,Sunshine Coast,2013-04-01,8.7
316,Sunshine Coast,2013-05-01,10.7
316,Sunshine Coast,2013-06-01,12.4
316,Sunshine Coast,2013-07-01,9.8
316,Sunshine Coast,2013-08-01,9.7
316,Sunshine Coast,2013-09-01,10.3
316,Sunshine Coast,2013-10-01,10.3
316,Sunshine Coast,2013-11-01,7.8
316,Sunshine Coast,2013-12-01,10.9
316,Sunshine Coast,2014-01-01,12.0
316,Sunshine Coast,2014-02-01,13.1
316,Sunshine Coast,2014-03-01,11.4
316,Sunshine Coast,2014-04-01,10.8
316,Sunshine Coast,2014-05-01,11.4
316,Sunshine Coast,2014-06-01,10.9
316,Sunshine Coast,2014-07-01,11.4
316,Sunshine Coast,2014-08-01,11.2
316,Sunshine Coast,2014-09-01,10.7
316,Sunshine Coast,2014-10-01,12.3
316,Sunshine Coast,2014-11-01,11.0
316,Sunshine Coast,2014-12-01,11.1
316,Sunshine Coast,2015-01-01,12.2
316,Sunshine Coast,2015-02-01,13.9
316,Sunshine Coast,2015-03-01,12.9
316,Sunshine Coast,2015-04-01,12.1
316,Sunshine Coast,2015-05-01,11.3
316,Sunshine Coast,2015-06-01,10.9
316,Sunshine Coast,2015-07-01,11.3
316,Sunshine Coast,2015-08-01,10.9
316,Sunshine Coast,2015-09-01,11.5
316,Sunshine Coast,2015-10-01,10.5
316,Sunshine Coast,2015-11-01,9.8
316,Sunshine Coast,2015-12-01,10.1
316,Sunshine Coast,2016-01-01,12.3
316,Sunshine Coast,2016-02-01,10.2
316,Sunshine Coast,2016-03-01,12.5
316,Sunshine Coast,2016-04-01,11.5
316,Sunshine Coast,2016-05-01,11.0
316,Sunshine Coast,2016-06-01,11.7
316,Sunshine Coast,2016-07-01,10.3
316,Sunshine Coast,2016-08-01,11.2
316,Sunshine Coast,2016-09-01,10.3
316,Sunshine Coast,2016-10-01,9.9
316,Sunshine Coast,2016-11-01,9.4
316,Sunshine Coast,2016-12-01,9.9
316,Sunshine Coast,2017-01-01,11.4
316,Sunshine Coast,2017-02-01,12.9
316,Sunshine Coast,2017-03-01,12.0
316,Sunshine Coast,2017-04-01,10.7
316,Sunshine Coast,2017-05-01,9.3
316,Sunshine Coast,2017-06-01,10.5
316,Sunshine Coast,2017-07-01,9.8
316,Sunshine Coast,2017-08-01,10.2
316,Sunshine Coast,2017-09-01,9.2
316,Sunshine Coast,2017-10-01,10.0
316,Sunshine Coast,2017-11-01,9.6
316,Sunshine Coast,2017-12-01,9.9
316,Sunshine Coast,2018-01-01,10.1
316,Sunshine Coast,2018-02-01,13.8
316,Sunshine Coast,2018-03-01,12.6
316,Sunshine Coast,2018-04-01,12.6
316,Sunshine Coast,2018-05-01,11.5
316,Sunshine Coast,2018-06-01,10.8
316,Sunshine Coast,2018-07-01,10.8
316,Sunshine Coast,2018-08-01,11.9
316,Sunshine Coast,2018-09-01,10.1
316,Sunshine Coast,2018-10-01,10.0
316,Sunshine Coast,2018-11-01,9.0
316,Sunshine Coast,2018-12-01,9.1
316,Sunshine Coast,2019-01-01,11.4
316,Sunshine Coast,2019-02-01,11.4
316,Sunshine Coast,2019-03-01,12.0
316,Sunshine Coast,2019-04-01,9.8
316,Sunshine Coast,2019-05-01,11.7
316,Sunshine Coast,2019-06-01,12.0
316,Sunshine Coast,2019-07-01,11.4
316,Sunshine Coast,2019-08-01,11.4
316,Sunshine Coast,2019-09-01,11.7
316,Sunshine Coast,2019-10-01,11.5
316,Sunshine Coast,2019-11-01,9.6
316,Sunshine Coast,2019-12-01,9.6
316,Sunshine Coast,2020-01-01,10.8
316,Sunshine Coast,2020-02-01,10.8
316,Sunshine Coast,2020-03-01,10.0
316,Sunshine Coast,2020-04-01,12.5
316,Sunshine Coast,2020-05-01,15.0
316,Sunshine Coast,2020-06-01,15.6
316,Sunshine Coast,2020-07-01,17.5
316,Sunshine Coast,2020-08-01,14.4
316,Sunshine Coast,2020-09-01,14.2
316,Sunshine Coast,2020-10-01,13.0
316,Sunshine Coast,2020-11-01,13.2
316,Sunshine Coast,2020-12-01,12.2
316,Sunshine Coast,2021-01-01,13.0
316,Sunshine Coast,2021-02-01,11.0
316,Sunshine Coast,2021-03-01,10.1
316,Sunshine Coast,2021-04-01,11.1
316,Sunshine Coast,2021-05-01,10.2
316,Sunshine Coast,2021-06-01,8.5
316,Sunshine Coast,2021-07-01,8.7
316,Sunshine Coast,2021-08-01,8.4
316,Sunshine Coast,2021-09-01,7.8
316,Sunshine Coast,2021-10-01,9.2
316,Sunshine Coast,2021-11-01,7.2
316,Sunshine Coast,2021-12-01,7.5
316,Sunshine Coast,2022-01-01,7.7
316,Sunshine Coast,2022-02-01,8.2
316,Sunshine Coast,2022-03-01,6.7
316,Sunshine Coast,2022-04-01,7.6
316,Sunshine Coast,2022-05-01,7.0
316,Sunshine Coast,2022-06-01,7.6
316,Sunshine Coast,2022-07-01,6.0
316,Sunshine Coast,2022-08-01,5.0
316,Sunshine Coast,2022-09-01,6.1
316,Sunshine Coast,2022-10-01,5.2
316,Sunshine Coast,2022-11-01,5.0
316,Sunshine Coast,2022-12-01,6.2
316,Sunshine Coast,2023-01-01,6.9
316,Sunshine Coast,2023-02-01,7.3
316,Sunshine Coast,2023-03-01,6.7
316,Sunshine Coast,2023-04-01,6.2
316,Sunshine Coast,2023-05-01,6.7
316,Sunshine Coast,2023-06-01,7.0
316,Sunshine Coast,2023-07-01,7.5
316,Sunshine Coast,2023-08-01,6.7
316,Sunshine Coast,2023-09-01,5.7
316,Sunshine Coast,2023-10-01,6.8
316,Sunshine Coast,2023-11-01,7.0
316,Sunshine Coast,2023-12-01,7.3
316,Sunshine Coast,2024-01-01,8.2
316,Sunshine Coast,2024-02-01,7.8
316,Sunshine Coast,2024-03-01,7.8
316,Sunshine Coast,2024-04-01,7.5
316,Sunshine Coast,2024-05-01,7.3
316,Sunshine Coast,2024-06-01,7.6
316,Sunshine Coast,2024-07-01,7.2
316,Sunshine Coast,2024-08-01,6.7
316,Sunshine Coast,2024-09-01,6.2
316,Sunshine Coast,2024-10-01,7.2
316,Sunshine Coast,2024-11-01,6.5
316,Sunshine Coast,2024-12-01,6.0
316,Sunshine Coast,2025-01-01,8.1
316,Sunshine Coast,2025-02-01,7.7
316,Sunshine Coast,2025-03-01,7.1
316,Sunshine Coast,2025-04-01,7.2
316,Sunshine Coast,2025-05-01,7.4
316,Sunshine Coast,2025-06-01,7.8
316,Sunshine Coast,2025-07-01,8.3
316,Sunshine Coast,2025-08-01,7.5
316,Sunshine Coast,2025-09-01,6.3
316,Sunshine Coast,2025-10-01,7.6
316,Sunshine Coast,2025-11-01,7.2
316,Sunshine Coast,2025-12-01,7.0
316,Sunshine Coast,2026-01-01,8.1
316,Sunshine Coast,2026-02-01,8.5
316,Sunshine Coast,2026-03-01,7.5
317,Toowoomba,2012-01-01,3.6
317,Toowoomba,2012-02-01,3.8
317,Toowoomba,2012-03-01,3.3
317,Toowoomba,2012-04-01,2.7
317,Toowoomba,2012-05-01,3.1
317,Toowoomba,2012-06-01,2.7
317,Toowoomba,2012-07-01,3.0
317,Toowoomba,2012-08-01,2.9
317,Toowoomba,2012-09-01,3.2
317,Toowoomba,2012-10-01,3.1
317,Toowoomba,2012-11-01,2.9
317,Toowoomba,2012-12-01,3.3
317,Toowoomba,2013-01-01,3.4
317,Toowoomba,2013-02-01,3.7
317,Toowoomba,2013-03-01,3.1
317,Toowoomba,2013-04-01,3.2
317,Toowoomba,2013-05-01,3.2
317,Toowoomba,2013-06-01,3.1
317,Toowoomba,2013-07-01,3.1
317,Toowoomba,2013-08-01,2.9
317,Toowoomba,2013-09-01,2.8
317,Toowoomba,2013-10-01,2.8
317,Toowoomba,2013-11-01,2.7
317,Toowoomba,2013-12-01,3.1
317,Toowoomba,2014-01-01,3.5
317,Toowoomba,2014-02-01,3.3
317,Toowoomba,2014-03-01,3.3
317,Toowoomba,2014-04-01,3.1
317,Toowoomba,2014-05-01,3.2
317,Toowoomba,2014-06-01,3.0
317,Toowoomba,2014-07-01,3.2
317,Toowoomba,2014-08-01,3.4
317,Toowoomba,2014-09-01,3.2
317,Toowoomba,2014-10-01,3.2
317,Toowoomba,2014-11-01,3.1
317,Toowoomba,2014-12-01,3.5
317,Toowoomba,2015-01-01,4.0
317,Toowoomba,2015-02-01,4.2
317,Toowoomba,2015-03-01,4.2
317,Toowoomba,2015-04-01,3.8
317,Toowoomba,2015-05-01,3.9
317,Toowoomba,2015-06-01,3.8
317,Toowoomba,2015-07-01,3.9
317,Toowoomba,2015-08-01,4.1
317,Toowoomba,2015-09-01,4.0
317,Toowoomba,2015-10-01,3.7
317,Toowoomba,2015-11-01,3.5
317,Toowoomba,2015-12-01,3.8
317,Toowoomba,2016-01-01,4.4
317,Toowoomba,2016-02-01,4.2
317,Toowoomba,2016-03-01,4.8
317,Toowoomba,2016-04-01,4.4
317,Toowoomba,2016-05-01,4.3
317,Toowoomba,2016-06-01,4.2
317,Toowoomba,2016-07-01,4.2
317,Toowoomba,2016-08-01,4.1
317,Toowoomba,2016-09-01,3.9
317,Toowoomba,2016-10-01,3.9
317,Toowoomba,2016-11-01,3.4
317,Toowoomba,2016-12-01,3.9
317,Toowoomba,2017-01-01,4.5
317,Toowoomba,2017-02-01,4.9
317,Toowoomba,2017-03-01,4.3
317,Toowoomba,2017-04-01,4.1
317,Toowoomba,2017-05-01,4.0
317,Toowoomba,2017-06-01,4.1
317,Toowoomba,2017-07-01,3.7
317,Toowoomba,2017-08-01,4.0
317,Toowoomba,2017-09-01,3.7
317,Toowoomba,2017-10-01,3.9
317,Toowoomba,2017-11-01,3.7
317,Toowoomba,2017-12-01,3.7
317,Toowoomba,2018-01-01,4.6
317,Toowoomba,2018-02-01,5.0
317,Toowoomba,2018-03-01,4.8
317,Toowoomba,2018-04-01,4.7
317,Toowoomba,2018-05-01,4.3
317,Toowoomba,2018-06-01,3.8
317,Toowoomba,2018-07-01,4.2
317,Toowoomba,2018-08-01,4.2
317,Toowoomba,2018-09-01,4.0
317,Toowoomba,2018-10-01,3.9
317,Toowoomba,2018-11-01,3.9
317,Toowoomba,2018-12-01,4.1
317,Toowoomba,2019-01-01,4.6
317,Toowoomba,2019-02-01,4.6
317,Toowoomba,2019-03-01,4.5
317,Toowoomba,2019-04-01,4.3
317,Toowoomba,2019-05-01,4.4
317,Toowoomba,2019-06-01,4.7
317,Toowoomba,2019-07-01,4.7
317,Toowoomba,2019-08-01,4.4
317,Toowoomba,2019-09-01,4.5
317,Toowoomba,2019-10-01,4.8
317,Toowoomba,2019-11-01,4.1
317,Toowoomba,2019-12-01,4.0
317,Toowoomba,2020-01-01,4.9
317,Toowoomba,2020-02-01,4.9
317,Toowoomba,2020-03-01,4.5
317,Toowoomba,2020-04-01,5.0
317,Toowoomba,2020-05-01,4.9
317,Toowoomba,2020-06-01,5.4
317,Toowoomba,2020-07-01,5.6
317,Toowoomba,2020-08-01,4.9
317,Toowoomba,2020-09-01,5.0
317,Toowoomba,2020-10-01,4.9
317,Toowoomba,2020-11-01,4.5
317,Toowoomba,2020-12-01,4.3
317,Toowoomba,2021-01-01,4.8
317,Toowoomba,2021-02-01,4.6
317,Toowoomba,2021-03-01,3.9
317,Toowoomba,2021-04-01,4.4
317,Toowoomba,2021-05-01,4.0
317,Toowoomba,2021-06-01,3.3
317,Toowoomba,2021-07-01,3.7
317,Toowoomba,2021-08-01,3.4
317,Toowoomba,2021-09-01,3.2
317,Toowoomba,2021-10-01,3.6
317,Toowoomba,2021-11-01,3.0
317,Toowoomba,2021-12-01,3.3
317,Toowoomba,2022-01-01,3.3
317,Toowoomba,2022-02-01,3.4
317,Toowoomba,2022-03-01,3.2
317,Toowoomba,2022-04-01,2.9
317,Toowoomba,2022-05-01,3.1
317,Toowoomba,2022-06-01,3.1
317,Toowoomba,2022-07-01,2.7
317,Toowoomba,2022-08-01,2.5
317,Toowoomba,2022-09-01,2.7
317,Toowoomba,2022-10-01,2.5
317,Toowoomba,2022-11-01,2.5
317,Toowoomba,2022-12-01,2.5
317,Toowoomba,2023-01-01,3.1
317,Toowoomba,2023-02-01,3.3
317,Toowoomba,2023-03-01,3.1
317,Toowoomba,2023-04-01,3.0
317,Toowoomba,2023-05-01,3.2
317,Toowoomba,2023-06-01,2.7
317,Toowoomba,2023-07-01,3.3
317,Toowoomba,2023-08-01,3.0
317,Toowoomba,2023-09-01,2.8
317,Toowoomba,2023-10-01,3.0
317,Toowoomba,2023-11-01,3.2
317,Toowoomba,2023-12-01,3.3
317,Toowoomba,2024-01-01,3.6
317,Toowoomba,2024-02-01,3.6
317,Toowoomba,2024-03-01,3.0
317,Toowoomba,2024-04-01,3.4
317,Toowoomba,2024-05-01,3.3
317,Toowoomba,2024-06-01,3.1
317,Toowoomba,2024-07-01,3.7
317,Toowoomba,2024-08-01,3.5
317,Toowoomba,2024-09-01,2.7
317,Toowoomba,2024-10-01,3.2
317,Toowoomba,2024-11-01,3.0
317,Toowoomba,2024-12-01,3.0
317,Toowoomba,2025-01-01,3.2
317,Toowoomba,2025-02-01,3.6
317,Toowoomba,2025-03-01,3.5
317,Toowoomba,2025-04-01,3.5
317,Toowoomba,2025-05-01,3.2
317,Toowoomba,2025-06-01,3.5
317,Toowoomba,2025-07-01,3.6
317,Toowoomba,2025-08-01,3.4
317,Toowoomba,2025-09-01,3.4
317,Toowoomba,2025-10-01,3.5
317,Toowoomba,2025-11-01,3.3
317,Toowoomba,2025-12-01,3.0
317,Toowoomba,2026-01-01,3.9
317,Toowoomba,2026-02-01,4.0
317,Toowoomba,2026-03-01,3.5
318,Townsville,2012-01-01,7.1
318,Townsville,2012-02-01,7.7
318,Townsville,2012-03-01,7.0
318,Townsville,2012-04-01,5.8
318,Townsville,2012-05-01,6.1
318,Townsville,2012-06-01,6.0
318,Townsville,2012-07-01,6.0
318,Townsville,2012-08-01,5.7
318,Townsville,2012-09-01,6.1
318,Townsville,2012-10-01,5.6
318,Townsville,2012-11-01,5.8
318,Townsville,2012-12-01,6.6
318,Townsville,2013-01-01,6.8
318,Townsville,2013-02-01,8.2
318,Townsville,2013-03-01,7.1
318,Townsville,2013-04-01,6.5
318,Townsville,2013-05-01,6.7
318,Townsville,2013-06-01,7.0
318,Townsville,2013-07-01,6.5
318,Townsville,2013-08-01,6.1
318,Townsville,2013-09-01,7.0
318,Townsville,2013-10-01,6.1
318,Townsville,2013-11-01,6.0
318,Townsville,2013-12-01,6.5
318,Townsville,2014-01-01,7.6
318,Townsville,2014-02-01,8.7
318,Townsville,2014-03-01,8.0
318,Townsville,2014-04-01,7.5
318,Townsville,2014-05-01,7.4
318,Townsville,2014-06-01,8.0
318,Townsville,2014-07-01,8.1
318,Townsville,2014-08-01,8.2
318,Townsville,2014-09-01,8.2
318,Townsville,2014-10-01,8.6
318,Townsville,2014-11-01,8.3
318,Townsville,2014-12-01,8.2
318,Townsville,2015-01-01,9.5
318,Townsville,2015-02-01,9.8
318,Townsville,2015-03-01,10.0
318,Townsville,2015-04-01,8.7
318,Townsville,2015-05-01,8.9
318,Townsville,2015-06-01,8.3
318,Townsville,2015-07-01,8.5
318,Townsville,2015-08-01,8.8
318,Townsville,2015-09-01,7.7
318,Townsville,2015-10-01,7.8
318,Townsville,2015-11-01,7.1
318,Townsville,2015-12-01,7.4
318,Townsville,2016-01-01,9.4
318,Townsville,2016-02-01,8.5
318,Townsville,2016-03-01,9.5
318,Townsville,2016-04-01,9.5
318,Townsville,2016-05-01,9.1
318,Townsville,2016-06-01,9.4
318,Townsville,2016-07-01,8.0
318,Townsville,2016-08-01,9.0
318,Townsville,2016-09-01,7.5
318,Townsville,2016-10-01,7.8
318,Townsville,2016-11-01,7.5
318,Townsville,2016-12-01,7.6
318,Townsville,2017-01-01,9.0
318,Townsville,2017-02-01,9.9
318,Townsville,2017-03-01,8.7
318,Townsville,2017-04-01,7.8
318,Townsville,2017-05-01,7.1
318,Townsville,2017-06-01,8.4
318,Townsville,2017-07-01,7.0
318,Townsville,2017-08-01,7.5
318,Townsville,2017-09-01,7.7
318,Townsville,2017-10-01,7.2
318,Townsville,2017-11-01,6.9
318,Townsville,2017-12-01,7.5
318,Townsville,2018-01-01,8.7
318,Townsville,2018-02-01,9.7
318,Townsville,2018-03-01,9.5
318,Townsville,2018-04-01,8.7
318,Townsville,2018-05-01,9.3
318,Townsville,2018-06-01,7.9
318,Townsville,2018-07-01,8.2
318,Townsville,2018-08-01,8.4
318,Townsville,2018-09-01,7.4
318,Townsville,2018-10-01,7.4
318,Townsville,2018-11-01,7.4
318,Townsville,2018-12-01,7.5
318,Townsville,2019-01-01,9.0
318,Townsville,2019-02-01,8.4
318,Townsville,2019-03-01,9.5
318,Townsville,2019-04-01,8.7
318,Townsville,2019-05-01,8.2
318,Townsville,2019-06-01,8.9
318,Townsville,2019-07-01,9.1
318,Townsville,2019-08-01,9.1
318,Townsville,2019-09-01,8.7
318,Townsville,2019-10-01,8.7
318,Townsville,2019-11-01,8.2
318,Townsville,2019-12-01,7.3
318,Townsville,2020-01-01,9.2
318,Townsville,2020-02-01,8.6
318,Townsville,2020-03-01,8.2
318,Townsville,2020-04-01,9.1
318,Townsville,2020-05-01,9.5
318,Townsville,2020-06-01,9.5
318,Townsville,2020-07-01,10.9
318,Townsville,2020-08-01,8.7
318,Townsville,2020-09-01,9.7
318,Townsville,2020-10-01,9.3
318,Townsville,2020-11-01,8.5
318,Townsville,2020-12-01,9.1
318,Townsville,2021-01-01,8.9
318,Townsville,2021-02-01,9.5
318,Townsville,2021-03-01,8.6
318,Townsville,2021-04-01,7.5
318,Townsville,2021-05-01,7.5
318,Townsville,2021-06-01,7.1
318,Townsville,2021-07-01,6.6
318,Townsville,2021-08-01,6.5
318,Townsville,2021-09-01,6.4
318,Townsville,2021-10-01,6.9
318,Townsville,2021-11-01,6.3
318,Townsville,2021-12-01,6.1
318,Townsville,2022-01-01,6.8
318,Townsville,2022-02-01,6.7
318,Townsville,2022-03-01,6.0
318,Townsville,2022-04-01,5.7
318,Townsville,2022-05-01,5.9
318,Townsville,2022-06-01,6.3
318,Townsville,2022-07-01,5.4
318,Townsville,2022-08-01,4.8
318,Townsville,2022-09-01,5.4
318,Townsville,2022-10-01,4.9
318,Townsville,2022-11-01,4.7
318,Townsville,2022-12-01,4.8
318,Townsville,2023-01-01,6.4
318,Townsville,2023-02-01,6.0
318,Townsville,2023-03-01,6.1
318,Townsville,2023-04-01,6.2
318,Townsville,2023-05-01,6.1
318,Townsville,2023-06-01,5.7
318,Townsville,2023-07-01,6.4
318,Townsville,2023-08-01,6.3
318,Townsville,2023-09-01,5.2
318,Townsville,2023-10-01,6.2
318,Townsville,2023-11-01,6.0
318,Townsville,2023-12-01,6.3
318,Townsville,2024-01-01,6.8
318,Townsville,2024-02-01,6.9
318,Townsville,2024-03-01,6.6
318,Townsville,2024-04-01,6.6
318,Townsville,2024-05-01,6.4
318,Townsville,2024-06-01,5.7
318,Townsville,2024-07-01,6.6
318,Townsville,2024-08-01,6.6
318,Townsville,2024-09-01,5.7
318,Townsville,2024-10-01,5.4
318,Townsville,2024-11-01,5.7
318,Townsville,2024-12-01,5.9
318,Townsville,2025-01-01,6.9
318,Townsville,2025-02-01,7.3
318,Townsville,2025-03-01,6.8
318,Townsville,2025-04-01,7.1
318,Townsville,2025-05-01,6.2
318,Townsville,2025-06-01,6.6
318,Townsville,2025-07-01,6.7
318,Townsville,2025-08-01,6.3
318,Townsville,2025-09-01,6.6
318,Townsville,2025-10-01,5.9
318,Townsville,2025-11-01,6.1
318,Townsville,2025-12-01,5.9
318,Townsville,2026-01-01,7.3
318,Townsville,2026-02-01,8.0
318,Townsville,2026-03-01,6.6
319,Wide Bay,2012-01-01,10.3
319,Wide Bay,2012-02-01,11.5
319,Wide Bay,2012-03-01,11.0
319,Wide Bay,2012-04-01,8.7
319,Wide Bay,2012-05-01,9.7
319,Wide Bay,2012-06-01,7.8
319,Wide Bay,2012-07-01,9.0
319,Wide Bay,2012-08-01,8.9
319,Wide Bay,2012-09-01,10.1
319,Wide Bay,2012-10-01,9.1
319,Wide Bay,2012-11-01,9.2
319,Wide Bay,2012-12-01,10.5
319,Wide Bay,2013-01-01,9.7
319,Wide Bay,2013-02-01,11.4
319,Wide Bay,2013-03-01,10.3
319,Wide Bay,2013-04-01,8.6
319,Wide Bay,2013-05-01,9.4
319,Wide Bay,2013-06-01,10.4
319,Wide Bay,2013-07-01,9.1
319,Wide Bay,2013-08-01,8.8
319,Wide Bay,2013-09-01,9.8
319,Wide Bay,2013-10-01,9.1
319,Wide Bay,2013-11-01,8.3
319,Wide Bay,2013-12-01,9.5
319,Wide Bay,2014-01-01,10.0
319,Wide Bay,2014-02-01,11.2
319,Wide Bay,2014-03-01,11.0
319,Wide Bay,2014-04-01,10.0
319,Wide Bay,2014-05-01,10.1
319,Wide Bay,2014-06-01,10.5
319,Wide Bay,2014-07-01,10.4
319,Wide Bay,2014-08-01,10.4
319,Wide Bay,2014-09-01,10.4
319,Wide Bay,2014-10-01,12.0
319,Wide Bay,2014-11-01,9.9
319,Wide Bay,2014-12-01,11.0
319,Wide Bay,2015-01-01,12.2
319,Wide Bay,2015-02-01,13.6
319,Wide Bay,2015-03-01,13.2
319,Wide Bay,2015-04-01,11.4
319,Wide Bay,2015-05-01,11.1
319,Wide Bay,2015-06-01,10.4
319,Wide Bay,2015-07-01,10.5
319,Wide Bay,2015-08-01,11.5
319,Wide Bay,2015-09-01,10.9
319,Wide Bay,2015-10-01,9.7
319,Wide Bay,2015-11-01,9.5
319,Wide Bay,2015-12-01,10.3
319,Wide Bay,2016-01-01,12.3
319,Wide Bay,2016-02-01,11.2
319,Wide Bay,2016-03-01,12.2
319,Wide Bay,2016-04-01,11.5
319,Wide Bay,2016-05-01,12.1
319,Wide Bay,2016-06-01,12.8
319,Wide Bay,2016-07-01,10.7
319,Wide Bay,2016-08-01,10.8
319,Wide Bay,2016-09-01,11.2
319,Wide Bay,2016-10-01,10.2
319,Wide Bay,2016-11-01,9.7
319,Wide Bay,2016-12-01,10.7
319,Wide Bay,2017-01-01,11.3
319,Wide Bay,2017-02-01,13.5
319,Wide Bay,2017-03-01,10.9
319,Wide Bay,2017-04-01,10.0
319,Wide Bay,2017-05-01,10.3
319,Wide Bay,2017-06-01,10.6
319,Wide Bay,2017-07-01,9.9
319,Wide Bay,2017-08-01,10.5
319,Wide Bay,2017-09-01,10.8
319,Wide Bay,2017-10-01,10.4
319,Wide Bay,2017-11-01,9.2
319,Wide Bay,2017-12-01,10.7
319,Wide Bay,2018-01-01,11.4
319,Wide Bay,2018-02-01,12.9
319,Wide Bay,2018-03-01,12.8
319,Wide Bay,2018-04-01,12.6
319,Wide Bay,2018-05-01,11.1
319,Wide Bay,2018-06-01,11.4
319,Wide Bay,2018-07-01,10.7
319,Wide Bay,2018-08-01,10.8
319,Wide Bay,2018-09-01,9.9
319,Wide Bay,2018-10-01,10.5
319,Wide Bay,2018-11-01,10.1
319,Wide Bay,2018-12-01,9.9
319,Wide Bay,2019-01-01,11.4
319,Wide Bay,2019-02-01,11.2
319,Wide Bay,2019-03-01,11.6
319,Wide Bay,2019-04-01,11.3
319,Wide Bay,2019-05-01,11.2
319,Wide Bay,2019-06-01,12.0
319,Wide Bay,2019-07-01,12.0
319,Wide Bay,2019-08-01,11.3
319,Wide Bay,2019-09-01,11.1
319,Wide Bay,2019-10-01,11.8
319,Wide Bay,2019-11-01,11.1
319,Wide Bay,2019-12-01,9.4
319,Wide Bay,2020-01-01,12.3
319,Wide Bay,2020-02-01,11.1
319,Wide Bay,2020-03-01,11.7
319,Wide Bay,2020-04-01,11.5
319,Wide Bay,2020-05-01,11.2
319,Wide Bay,2020-06-01,12.6
319,Wide Bay,2020-07-01,13.9
319,Wide Bay,2020-08-01,11.9
319,Wide Bay,2020-09-01,11.8
319,Wide Bay,2020-10-01,12.4
319,Wide Bay,2020-11-01,11.2
319,Wide Bay,2020-12-01,10.2
319,Wide Bay,2021-01-01,12.4
319,Wide Bay,2021-02-01,10.9
319,Wide Bay,2021-03-01,10.7
319,Wide Bay,2021-04-01,10.3
319,Wide Bay,2021-05-01,9.2
319,Wide Bay,2021-06-01,8.8
319,Wide Bay,2021-07-01,8.0
319,Wide Bay,2021-08-01,8.9
319,Wide Bay,2021-09-01,7.9
319,Wide Bay,2021-10-01,9.0
319,Wide Bay,2021-11-01,8.4
319,Wide Bay,2021-12-01,7.8
319,Wide Bay,2022-01-01,7.9
319,Wide Bay,2022-02-01,9.2
319,Wide Bay,2022-03-01,7.5
319,Wide Bay,2022-04-01,8.3
319,Wide Bay,2022-05-01,8.1
319,Wide Bay,2022-06-01,7.3
319,Wide Bay,2022-07-01,7.3
319,Wide Bay,2022-08-01,6.2
319,Wide Bay,2022-09-01,6.9
319,Wide Bay,2022-10-01,5.8
319,Wide Bay,2022-11-01,5.8
319,Wide Bay,2022-12-01,6.6
319,Wide Bay,2023-01-01,7.9
319,Wide Bay,2023-02-01,7.7
319,Wide Bay,2023-03-01,8.9
319,Wide Bay,2023-04-01,7.5
319,Wide Bay,2023-05-01,8.2
319,Wide Bay,2023-06-01,7.8
319,Wide Bay,2023-07-01,9.0
319,Wide Bay,2023-08-01,7.2
319,Wide Bay,2023-09-01,7.6
319,Wide Bay,2023-10-01,8.3
319,Wide Bay,2023-11-01,8.9
319,Wide Bay,2023-12-01,8.6
319,Wide Bay,2024-01-01,7.5
319,Wide Bay,2024-02-01,7.2
319,Wide Bay,2024-03-01,8.6
319,Wide Bay,2024-04-01,9.1
319,Wide Bay,2024-05-01,8.7
319,Wide Bay,2024-06-01,7.9
319,Wide Bay,2024-07-01,8.8
319,Wide Bay,2024-08-01,7.8
319,Wide Bay,2024-09-01,8.2
319,Wide Bay,2024-10-01,7.9
319,Wide Bay,2024-11-01,7.1
319,Wide Bay,2024-12-01,7.4
319,Wide Bay,2025-01-01,8.7
319,Wide Bay,2025-02-01,9.2
319,Wide Bay,2025-03-01,9.5
319,Wide Bay,2025-04-01,9.3
319,Wide Bay,2025-05-01,7.4
319,Wide Bay,2025-06-01,7.0
319,Wide Bay,2025-07-01,7.7
319,Wide Bay,2025-08-01,8.8
319,Wide Bay,2025-09-01,8.5
319,Wide Bay,2025-10-01,8.3
319,Wide Bay,2025-11-01,7.7
319,Wide Bay,2025-12-01,7.3
319,Wide Bay,2026-01-01,9.7
319,Wide Bay,2026-02-01,9.8
319,Wide Bay,2026-03-01,7.7
401,Adelaide - Central and Hills,2012-01-01,7.5
401,Adelaide - Central and Hills,2012-02-01,8.0
401,Adelaide - Central and Hills,2012-03-01,7.0
401,Adelaide - Central and Hills,2012-04-01,7.2
401,Adelaide - Central and Hills,2012-05-01,6.7
401,Adelaide - Central and Hills,2012-06-01,8.0
401,Adelaide - Central and Hills,2012-07-01,6.2
401,Adelaide - Central and Hills,2012-08-01,6.9
401,Adelaide - Central and Hills,2012-09-01,7.4
401,Adelaide - Central and Hills,2012-10-01,7.1
401,Adelaide - Central and Hills,2012-11-01,6.5
401,Adelaide - Central and Hills,2012-12-01,8.1
401,Adelaide - Central and Hills,2013-01-01,9.0
401,Adelaide - Central and Hills,2013-02-01,8.8
401,Adelaide - Central and Hills,2013-03-01,8.3
401,Adelaide - Central and Hills,2013-04-01,8.2
401,Adelaide - Central and Hills,2013-05-01,8.0
401,Adelaide - Central and Hills,2013-06-01,7.4
401,Adelaide - Central and Hills,2013-07-01,8.1
401,Adelaide - Central and Hills,2013-08-01,8.1
401,Adelaide - Central and Hills,2013-09-01,7.6
401,Adelaide - Central and Hills,2013-10-01,7.8
401,Adelaide - Central and Hills,2013-11-01,8.3
401,Adelaide - Central and Hills,2013-12-01,8.3
401,Adelaide - Central and Hills,2014-01-01,8.9
401,Adelaide - Central and Hills,2014-02-01,9.6
401,Adelaide - Central and Hills,2014-03-01,9.5
401,Adelaide - Central and Hills,2014-04-01,7.9
401,Adelaide - Central and Hills,2014-05-01,8.1
401,Adelaide - Central and Hills,2014-06-01,8.1
401,Adelaide - Central and Hills,2014-07-01,8.3
401,Adelaide - Central and Hills,2014-08-01,6.8
401,Adelaide - Central and Hills,2014-09-01,7.9
401,Adelaide - Central and Hills,2014-10-01,8.5
401,Adelaide - Central and Hills,2014-11-01,7.9
401,Adelaide - Central and Hills,2014-12-01,8.3
401,Adelaide - Central and Hills,2015-01-01,10.2
401,Adelaide - Central and Hills,2015-02-01,9.0
401,Adelaide - Central and Hills,2015-03-01,8.2
401,Adelaide - Central and Hills,2015-04-01,9.4
401,Adelaide - Central and Hills,2015-05-01,9.9
401,Adelaide - Central and Hills,2015-06-01,9.9
401,Adelaide - Central and Hills,2015-07-01,9.6
401,Adelaide - Central and Hills,2015-08-01,9.4
401,Adelaide - Central and Hills,2015-09-01,9.1
401,Adelaide - Central and Hills,2015-10-01,9.1
401,Adelaide - Central and Hills,2015-11-01,8.4
401,Adelaide - Central and Hills,2015-12-01,8.9
401,Adelaide - Central and Hills,2016-01-01,9.2
401,Adelaide - Central and Hills,2016-02-01,10.1
401,Adelaide - Central and Hills,2016-03-01,9.6
401,Adelaide - Central and Hills,2016-04-01,8.7
401,Adelaide - Central and Hills,2016-05-01,8.3
401,Adelaide - Central and Hills,2016-06-01,9.1
401,Adelaide - Central and Hills,2016-07-01,8.3
401,Adelaide - Central and Hills,2016-08-01,8.4
401,Adelaide - Central and Hills,2016-09-01,8.3
401,Adelaide - Central and Hills,2016-10-01,8.4
401,Adelaide - Central and Hills,2016-11-01,9.1
401,Adelaide - Central and Hills,2016-12-01,8.5
401,Adelaide - Central and Hills,2017-01-01,8.5
401,Adelaide - Central and Hills,2017-02-01,9.4
401,Adelaide - Central and Hills,2017-03-01,9.5
401,Adelaide - Central and Hills,2017-04-01,9.2
401,Adelaide - Central and Hills,2017-05-01,8.4
401,Adelaide - Central and Hills,2017-06-01,7.7
401,Adelaide - Central and Hills,2017-07-01,7.3
401,Adelaide - Central and Hills,2017-08-01,6.8
401,Adelaide - Central and Hills,2017-09-01,6.7
401,Adelaide - Central and Hills,2017-10-01,6.8
401,Adelaide - Central and Hills,2017-11-01,7.6
401,Adelaide - Central and Hills,2017-12-01,7.0
401,Adelaide - Central and Hills,2018-01-01,7.9
401,Adelaide - Central and Hills,2018-02-01,8.8
401,Adelaide - Central and Hills,2018-03-01,7.0
401,Adelaide - Central and Hills,2018-04-01,7.3
401,Adelaide - Central and Hills,2018-05-01,7.0
401,Adelaide - Central and Hills,2018-06-01,6.5
401,Adelaide - Central and Hills,2018-07-01,7.0
401,Adelaide - Central and Hills,2018-08-01,6.9
401,Adelaide - Central and Hills,2018-09-01,6.5
401,Adelaide - Central and Hills,2018-10-01,6.2
401,Adelaide - Central and Hills,2018-11-01,6.0
401,Adelaide - Central and Hills,2018-12-01,7.3
401,Adelaide - Central and Hills,2019-01-01,7.9
401,Adelaide - Central and Hills,2019-02-01,7.4
401,Adelaide - Central and Hills,2019-03-01,7.3
401,Adelaide - Central and Hills,2019-04-01,7.8
401,Adelaide - Central and Hills,2019-05-01,6.9
401,Adelaide - Central and Hills,2019-06-01,7.0
401,Adelaide - Central and Hills,2019-07-01,8.4
401,Adelaide - Central and Hills,2019-08-01,8.7
401,Adelaide - Central and Hills,2019-09-01,6.9
401,Adelaide - Central and Hills,2019-10-01,7.0
401,Adelaide - Central and Hills,2019-11-01,7.3
401,Adelaide - Central and Hills,2019-12-01,7.3
401,Adelaide - Central and Hills,2020-01-01,7.2
401,Adelaide - Central and Hills,2020-02-01,7.7
401,Adelaide - Central and Hills,2020-03-01,8.1
401,Adelaide - Central and Hills,2020-04-01,9.4
401,Adelaide - Central and Hills,2020-05-01,11.0
401,Adelaide - Central and Hills,2020-06-01,11.8
401,Adelaide - Central and Hills,2020-07-01,11.6
401,Adelaide - Central and Hills,2020-08-01,11.5
401,Adelaide - Central and Hills,2020-09-01,9.6
401,Adelaide - Central and Hills,2020-10-01,9.4
401,Adelaide - Central and Hills,2020-11-01,8.8
401,Adelaide - Central and Hills,2020-12-01,8.9
401,Adelaide - Central and Hills,2021-01-01,10.5
401,Adelaide - Central and Hills,2021-02-01,10.4
401,Adelaide - Central and Hills,2021-03-01,9.3
401,Adelaide - Central and Hills,2021-04-01,8.1
401,Adelaide - Central and Hills,2021-05-01,8.3
401,Adelaide - Central and Hills,2021-06-01,7.2
401,Adelaide - Central and Hills,2021-07-01,7.1
401,Adelaide - Central and Hills,2021-08-01,6.4
401,Adelaide - Central and Hills,2021-09-01,7.2
401,Adelaide - Central and Hills,2021-10-01,7.9
401,Adelaide - Central and Hills,2021-11-01,6.8
401,Adelaide - Central and Hills,2021-12-01,5.8
401,Adelaide - Central and Hills,2022-01-01,7.8
401,Adelaide - Central and Hills,2022-02-01,8.5
401,Adelaide - Central and Hills,2022-03-01,7.7
401,Adelaide - Central and Hills,2022-04-01,6.7
401,Adelaide - Central and Hills,2022-05-01,7.0
401,Adelaide - Central and Hills,2022-06-01,6.1
401,Adelaide - Central and Hills,2022-07-01,5.7
401,Adelaide - Central and Hills,2022-08-01,5.6
401,Adelaide - Central and Hills,2022-09-01,5.8
401,Adelaide - Central and Hills,2022-10-01,5.3
401,Adelaide - Central and Hills,2022-11-01,5.7
401,Adelaide - Central and Hills,2022-12-01,5.4
401,Adelaide - Central and Hills,2023-01-01,6.4
401,Adelaide - Central and Hills,2023-02-01,6.2
401,Adelaide - Central and Hills,2023-03-01,5.4
401,Adelaide - Central and Hills,2023-04-01,6.2
401,Adelaide - Central and Hills,2023-05-01,5.5
401,Adelaide - Central and Hills,2023-06-01,5.7
401,Adelaide - Central and Hills,2023-07-01,5.8
401,Adelaide - Central and Hills,2023-08-01,4.9
401,Adelaide - Central and Hills,2023-09-01,4.9
401,Adelaide - Central and Hills,2023-10-01,4.8
401,Adelaide - Central and Hills,2023-11-01,5.0
401,Adelaide - Central and Hills,2023-12-01,5.8
401,Adelaide - Central and Hills,2024-01-01,6.2
401,Adelaide - Central and Hills,2024-02-01,5.1
401,Adelaide - Central and Hills,2024-03-01,5.8
401,Adelaide - Central and Hills,2024-04-01,6.3
401,Adelaide - Central and Hills,2024-05-01,5.3
401,Adelaide - Central and Hills,2024-06-01,5.5
401,Adelaide - Central and Hills,2024-07-01,6.1
401,Adelaide - Central and Hills,2024-08-01,5.3
401,Adelaide - Central and Hills,2024-09-01,5.4
401,Adelaide - Central and Hills,2024-10-01,5.7
401,Adelaide - Central and Hills,2024-11-01,5.6
401,Adelaide - Central and Hills,2024-12-01,5.0
401,Adelaide - Central and Hills,2025-01-01,7.0
401,Adelaide - Central and Hills,2025-02-01,6.1
401,Adelaide - Central and Hills,2025-03-01,6.1
401,Adelaide - Central and Hills,2025-04-01,6.2
401,Adelaide - Central and Hills,2025-05-01,6.0
401,Adelaide - Central and Hills,2025-06-01,6.4
401,Adelaide - Central and Hills,2025-07-01,5.9
401,Adelaide - Central and Hills,2025-08-01,6.7
401,Adelaide - Central and Hills,2025-09-01,6.4
401,Adelaide - Central and Hills,2025-10-01,5.8
401,Adelaide - Central and Hills,2025-11-01,5.4
401,Adelaide - Central and Hills,2025-12-01,5.7
401,Adelaide - Central and Hills,2026-01-01,5.8
401,Adelaide - Central and Hills,2026-02-01,6.7
401,Adelaide - Central and Hills,2026-03-01,6.0
402,Adelaide - North,2012-01-01,13.9
402,Adelaide - North,2012-02-01,15.1
402,Adelaide - North,2012-03-01,14.4
402,Adelaide - North,2012-04-01,13.4
402,Adelaide - North,2012-05-01,12.3
402,Adelaide - North,2012-06-01,14.4
402,Adelaide - North,2012-07-01,12.0
402,Adelaide - North,2012-08-01,13.6
402,Adelaide - North,2012-09-01,14.5
402,Adelaide - North,2012-10-01,14.6
402,Adelaide - North,2012-11-01,13.1
402,Adelaide - North,2012-12-01,15.2
402,Adelaide - North,2013-01-01,16.9
402,Adelaide - North,2013-02-01,17.0
402,Adelaide - North,2013-03-01,15.9
402,Adelaide - North,2013-04-01,15.8
402,Adelaide - North,2013-05-01,14.7
402,Adelaide - North,2013-06-01,13.6
402,Adelaide - North,2013-07-01,15.9
402,Adelaide - North,2013-08-01,17.2
402,Adelaide - North,2013-09-01,15.1
402,Adelaide - North,2013-10-01,18.0
402,Adelaide - North,2013-11-01,17.5
402,Adelaide - North,2013-12-01,17.6
402,Adelaide - North,2014-01-01,18.2
402,Adelaide - North,2014-02-01,18.8
402,Adelaide - North,2014-03-01,19.1
402,Adelaide - North,2014-04-01,16.3
402,Adelaide - North,2014-05-01,17.1
402,Adelaide - North,2014-06-01,18.4
402,Adelaide - North,2014-07-01,17.8
402,Adelaide - North,2014-08-01,14.2
402,Adelaide - North,2014-09-01,17.6
402,Adelaide - North,2014-10-01,17.4
402,Adelaide - North,2014-11-01,16.7
402,Adelaide - North,2014-12-01,17.0
402,Adelaide - North,2015-01-01,21.3
402,Adelaide - North,2015-02-01,18.3
402,Adelaide - North,2015-03-01,17.0
402,Adelaide - North,2015-04-01,18.0
402,Adelaide - North,2015-05-01,20.1
402,Adelaide - North,2015-06-01,21.2
402,Adelaide - North,2015-07-01,21.4
402,Adelaide - North,2015-08-01,21.2
402,Adelaide - North,2015-09-01,19.9
402,Adelaide - North,2015-10-01,20.7
402,Adelaide - North,2015-11-01,18.8
402,Adelaide - North,2015-12-01,19.7
402,Adelaide - North,2016-01-01,19.1
402,Adelaide - North,2016-02-01,22.2
402,Adelaide - North,2016-03-01,21.0
402,Adelaide - North,2016-04-01,18.0
402,Adelaide - North,2016-05-01,19.4
402,Adelaide - North,2016-06-01,19.9
402,Adelaide - North,2016-07-01,17.5
402,Adelaide - North,2016-08-01,19.5
402,Adelaide - North,2016-09-01,18.7
402,Adelaide - North,2016-10-01,18.6
402,Adelaide - North,2016-11-01,19.6
402,Adelaide - North,2016-12-01,19.5
402,Adelaide - North,2017-01-01,18.6
402,Adelaide - North,2017-02-01,19.9
402,Adelaide - North,2017-03-01,22.5
402,Adelaide - North,2017-04-01,20.9
402,Adelaide - North,2017-05-01,20.0
402,Adelaide - North,2017-06-01,19.1
402,Adelaide - North,2017-07-01,17.5
402,Adelaide - North,2017-08-01,15.0
402,Adelaide - North,2017-09-01,16.4
402,Adelaide - North,2017-10-01,16.7
402,Adelaide - North,2017-11-01,17.5
402,Adelaide - North,2017-12-01,17.5
402,Adelaide - North,2018-01-01,18.5
402,Adelaide - North,2018-02-01,20.3
402,Adelaide - North,2018-03-01,17.9
402,Adelaide - North,2018-04-01,17.9
402,Adelaide - North,2018-05-01,17.0
402,Adelaide - North,2018-06-01,15.9
402,Adelaide - North,2018-07-01,16.7
402,Adelaide - North,2018-08-01,15.8
402,Adelaide - North,2018-09-01,15.1
402,Adelaide - North,2018-10-01,15.6
402,Adelaide - North,2018-11-01,14.8
402,Adelaide - North,2018-12-01,17.6
402,Adelaide - North,2019-01-01,19.3
402,Adelaide - North,2019-02-01,17.5
402,Adelaide - North,2019-03-01,17.5
402,Adelaide - North,2019-04-01,17.7
402,Adelaide - North,2019-05-01,15.5
402,Adelaide - North,2019-06-01,16.5
402,Adelaide - North,2019-07-01,20.5
402,Adelaide - North,2019-08-01,21.5
402,Adelaide - North,2019-09-01,17.4
402,Adelaide - North,2019-10-01,17.1
402,Adelaide - North,2019-11-01,18.7
402,Adelaide - North,2019-12-01,17.7
402,Adelaide - North,2020-01-01,16.6
402,Adelaide - North,2020-02-01,17.5
402,Adelaide - North,2020-03-01,18.7
402,Adelaide - North,2020-04-01,20.1
402,Adelaide - North,2020-05-01,20.1
402,Adelaide - North,2020-06-01,22.7
402,Adelaide - North,2020-07-01,21.4
402,Adelaide - North,2020-08-01,20.1
402,Adelaide - North,2020-09-01,18.1
402,Adelaide - North,2020-10-01,18.6
402,Adelaide - North,2020-11-01,16.4
402,Adelaide - North,2020-12-01,17.2
402,Adelaide - North,2021-01-01,21.3
402,Adelaide - North,2021-02-01,20.9
402,Adelaide - North,2021-03-01,18.7
402,Adelaide - North,2021-04-01,16.8
402,Adelaide - North,2021-05-01,16.2
402,Adelaide - North,2021-06-01,15.2
402,Adelaide - North,2021-07-01,12.9
402,Adelaide - North,2021-08-01,13.1
402,Adelaide - North,2021-09-01,13.9
402,Adelaide - North,2021-10-01,14.6
402,Adelaide - North,2021-11-01,12.8
402,Adelaide - North,2021-12-01,11.1
402,Adelaide - North,2022-01-01,15.0
402,Adelaide - North,2022-02-01,15.6
402,Adelaide - North,2022-03-01,14.6
402,Adelaide - North,2022-04-01,13.5
402,Adelaide - North,2022-05-01,13.0
402,Adelaide - North,2022-06-01,12.2
402,Adelaide - North,2022-07-01,11.9
402,Adelaide - North,2022-08-01,11.5
402,Adelaide - North,2022-09-01,12.3
402,Adelaide - North,2022-10-01,11.8
402,Adelaide - North,2022-11-01,11.4
402,Adelaide - North,2022-12-01,11.6
402,Adelaide - North,2023-01-01,14.0
402,Adelaide - North,2023-02-01,13.0
402,Adelaide - North,2023-03-01,12.0
402,Adelaide - North,2023-04-01,14.0
402,Adelaide - North,2023-05-01,12.3
402,Adelaide - North,2023-06-01,12.7
402,Adelaide - North,2023-07-01,13.1
402,Adelaide - North,2023-08-01,10.4
402,Adelaide - North,2023-09-01,10.4
402,Adelaide - North,2023-10-01,10.7
402,Adelaide - North,2023-11-01,12.0
402,Adelaide - North,2023-12-01,11.9
402,Adelaide - North,2024-01-01,15.1
402,Adelaide - North,2024-02-01,11.3
402,Adelaide - North,2024-03-01,12.7
402,Adelaide - North,2024-04-01,13.6
402,Adelaide - North,2024-05-01,12.1
402,Adelaide - North,2024-06-01,11.7
402,Adelaide - North,2024-07-01,14.0
402,Adelaide - North,2024-08-01,11.2
402,Adelaide - North,2024-09-01,13.4
402,Adelaide - North,2024-10-01,12.6
402,Adelaide - North,2024-11-01,11.0
402,Adelaide - North,2024-12-01,14.0
402,Adelaide - North,2025-01-01,15.7
402,Adelaide - North,2025-02-01,12.6
402,Adelaide - North,2025-03-01,13.6
402,Adelaide - North,2025-04-01,13.5
402,Adelaide - North,2025-05-01,14.7
402,Adelaide - North,2025-06-01,14.6
402,Adelaide - North,2025-07-01,14.3
402,Adelaide - North,2025-08-01,16.4
402,Adelaide - North,2025-09-01,14.9
402,Adelaide - North,2025-10-01,13.8
402,Adelaide - North,2025-11-01,12.3
402,Adelaide - North,2025-12-01,12.9
402,Adelaide - North,2026-01-01,14.0
402,Adelaide - North,2026-02-01,14.9
402,Adelaide - North,2026-03-01,14.2
403,Adelaide - South,2012-01-01,10.3
403,Adelaide - South,2012-02-01,11.6
403,Adelaide - South,2012-03-01,10.6
403,Adelaide - South,2012-04-01,10.5
403,Adelaide - South,2012-05-01,9.4
403,Adelaide - South,2012-06-01,11.8
403,Adelaide - South,2012-07-01,8.2
403,Adelaide - South,2012-08-01,9.3
403,Adelaide - South,2012-09-01,10.2
403,Adelaide - South,2012-10-01,10.0
403,Adelaide - South,2012-11-01,8.6
403,Adelaide - South,2012-12-01,10.3
403,Adelaide - South,2013-01-01,11.7
403,Adelaide - South,2013-02-01,11.2
403,Adelaide - South,2013-03-01,11.0
403,Adelaide - South,2013-04-01,10.5
403,Adelaide - South,2013-05-01,10.6
403,Adelaide - South,2013-06-01,9.9
403,Adelaide - South,2013-07-01,11.3
403,Adelaide - South,2013-08-01,11.3
403,Adelaide - South,2013-09-01,10.3
403,Adelaide - South,2013-10-01,11.7
403,Adelaide - South,2013-11-01,12.0
403,Adelaide - South,2013-12-01,12.9
403,Adelaide - South,2014-01-01,12.3
403,Adelaide - South,2014-02-01,13.3
403,Adelaide - South,2014-03-01,13.8
403,Adelaide - South,2014-04-01,11.4
403,Adelaide - South,2014-05-01,11.5
403,Adelaide - South,2014-06-01,11.7
403,Adelaide - South,2014-07-01,11.7
403,Adelaide - South,2014-08-01,10.2
403,Adelaide - South,2014-09-01,11.1
403,Adelaide - South,2014-10-01,11.1
403,Adelaide - South,2014-11-01,10.6
403,Adelaide - South,2014-12-01,11.2
403,Adelaide - South,2015-01-01,14.2
403,Adelaide - South,2015-02-01,13.2
403,Adelaide - South,2015-03-01,11.4
403,Adelaide - South,2015-04-01,12.7
403,Adelaide - South,2015-05-01,13.5
403,Adelaide - South,2015-06-01,14.4
403,Adelaide - South,2015-07-01,14.3
403,Adelaide - South,2015-08-01,13.5
403,Adelaide - South,2015-09-01,13.1
403,Adelaide - South,2015-10-01,13.7
403,Adelaide - South,2015-11-01,12.5
403,Adelaide - South,2015-12-01,12.3
403,Adelaide - South,2016-01-01,13.2
403,Adelaide - South,2016-02-01,15.1
403,Adelaide - South,2016-03-01,13.3
403,Adelaide - South,2016-04-01,12.2
403,Adelaide - South,2016-05-01,12.1
403,Adelaide - South,2016-06-01,12.5
403,Adelaide - South,2016-07-01,11.6
403,Adelaide - South,2016-08-01,12.4
403,Adelaide - South,2016-09-01,11.9
403,Adelaide - South,2016-10-01,11.3
403,Adelaide - South,2016-11-01,12.0
403,Adelaide - South,2016-12-01,12.0
403,Adelaide - South,2017-01-01,12.6
403,Adelaide - South,2017-02-01,13.3
403,Adelaide - South,2017-03-01,13.6
403,Adelaide - South,2017-04-01,13.2
403,Adelaide - South,2017-05-01,13.0
403,Adelaide - South,2017-06-01,11.7
403,Adelaide - South,2017-07-01,11.3
403,Adelaide - South,2017-08-01,10.1
403,Adelaide - South,2017-09-01,9.7
403,Adelaide - South,2017-10-01,10.4
403,Adelaide - South,2017-11-01,10.8
403,Adelaide - South,2017-12-01,10.8
403,Adelaide - South,2018-01-01,11.8
403,Adelaide - South,2018-02-01,12.9
403,Adelaide - South,2018-03-01,11.1
403,Adelaide - South,2018-04-01,11.5
403,Adelaide - South,2018-05-01,11.0
403,Adelaide - South,2018-06-01,10.1
403,Adelaide - South,2018-07-01,10.5
403,Adelaide - South,2018-08-01,10.5
403,Adelaide - South,2018-09-01,9.6
403,Adelaide - South,2018-10-01,9.9
403,Adelaide - South,2018-11-01,10.5
403,Adelaide - South,2018-12-01,10.8
403,Adelaide - South,2019-01-01,13.0
403,Adelaide - South,2019-02-01,11.7
403,Adelaide - South,2019-03-01,12.3
403,Adelaide - South,2019-04-01,11.8
403,Adelaide - South,2019-05-01,11.0
403,Adelaide - South,2019-06-01,11.1
403,Adelaide - South,2019-07-01,13.1
403,Adelaide - South,2019-08-01,13.8
403,Adelaide - South,2019-09-01,11.7
403,Adelaide - South,2019-10-01,11.4
403,Adelaide - South,2019-11-01,11.7
403,Adelaide - South,2019-12-01,11.7
403,Adelaide - South,2020-01-01,11.7
403,Adelaide - South,2020-02-01,12.0
403,Adelaide - South,2020-03-01,12.7
403,Adelaide - South,2020-04-01,13.4
403,Adelaide - South,2020-05-01,15.0
403,Adelaide - South,2020-06-01,16.9
403,Adelaide - South,2020-07-01,15.8
403,Adelaide - South,2020-08-01,15.6
403,Adelaide - South,2020-09-01,12.8
403,Adelaide - South,2020-10-01,13.0
403,Adelaide - South,2020-11-01,12.3
403,Adelaide - South,2020-12-01,12.6
403,Adelaide - South,2021-01-01,14.2
403,Adelaide - South,2021-02-01,14.8
403,Adelaide - South,2021-03-01,13.1
403,Adelaide - South,2021-04-01,12.0
403,Adelaide - South,2021-05-01,11.8
403,Adelaide - South,2021-06-01,10.3
403,Adelaide - South,2021-07-01,9.0
403,Adelaide - South,2021-08-01,10.0
403,Adelaide - South,2021-09-01,10.1
403,Adelaide - South,2021-10-01,10.4
403,Adelaide - South,2021-11-01,9.4
403,Adelaide - South,2021-12-01,8.0
403,Adelaide - South,2022-01-01,10.8
403,Adelaide - South,2022-02-01,11.2
403,Adelaide - South,2022-03-01,10.8
403,Adelaide - South,2022-04-01,9.5
403,Adelaide - South,2022-05-01,9.3
403,Adelaide - South,2022-06-01,8.7
403,Adelaide - South,2022-07-01,8.1
403,Adelaide - South,2022-08-01,7.7
403,Adelaide - South,2022-09-01,8.2
403,Adelaide - South,2022-10-01,8.1
403,Adelaide - South,2022-11-01,7.9
403,Adelaide - South,2022-12-01,7.8
403,Adelaide - South,2023-01-01,8.8
403,Adelaide - South,2023-02-01,8.3
403,Adelaide - South,2023-03-01,8.2
403,Adelaide - South,2023-04-01,9.0
403,Adelaide - South,2023-05-01,8.3
403,Adelaide - South,2023-06-01,8.2
403,Adelaide - South,2023-07-01,8.2
403,Adelaide - South,2023-08-01,7.3
403,Adelaide - South,2023-09-01,7.1
403,Adelaide - South,2023-10-01,6.9
403,Adelaide - South,2023-11-01,7.3
403,Adelaide - South,2023-12-01,7.9
403,Adelaide - South,2024-01-01,8.8
403,Adelaide - South,2024-02-01,7.2
403,Adelaide - South,2024-03-01,7.6
403,Adelaide - South,2024-04-01,8.2
403,Adelaide - South,2024-05-01,7.8
403,Adelaide - South,2024-06-01,7.0
403,Adelaide - South,2024-07-01,9.1
403,Adelaide - South,2024-08-01,7.2
403,Adelaide - South,2024-09-01,7.8
403,Adelaide - South,2024-10-01,7.5
403,Adelaide - South,2024-11-01,7.6
403,Adelaide - South,2024-12-01,8.5
403,Adelaide - South,2025-01-01,8.9
403,Adelaide - South,2025-02-01,8.2
403,Adelaide - South,2025-03-01,8.6
403,Adelaide - South,2025-04-01,7.6
403,Adelaide - South,2025-05-01,8.5
403,Adelaide - South,2025-06-01,8.5
403,Adelaide - South,2025-07-01,9.3
403,Adelaide - South,2025-08-01,9.0
403,Adelaide - South,2025-09-01,8.4
403,Adelaide - South,2025-10-01,8.0
403,Adelaide - South,2025-11-01,7.4
403,Adelaide - South,2025-12-01,7.7
403,Adelaide - South,2026-01-01,8.4
403,Adelaide - South,2026-02-01,8.2
403,Adelaide - South,2026-03-01,8.4
404,Adelaide - West,2012-01-01,6.9
404,Adelaide - West,2012-02-01,6.9
404,Adelaide - West,2012-03-01,6.4
404,Adelaide - West,2012-04-01,6.4
404,Adelaide - West,2012-05-01,5.9
404,Adelaide - West,2012-06-01,6.5
404,Adelaide - West,2012-07-01,5.6
404,Adelaide - West,2012-08-01,6.4
404,Adelaide - West,2012-09-01,6.2
404,Adelaide - West,2012-10-01,6.3
404,Adelaide - West,2012-11-01,6.2
404,Adelaide - West,2012-12-01,6.5
404,Adelaide - West,2013-01-01,7.7
404,Adelaide - West,2013-02-01,7.8
404,Adelaide - West,2013-03-01,7.3
404,Adelaide - West,2013-04-01,7.2
404,Adelaide - West,2013-05-01,7.0
404,Adelaide - West,2013-06-01,6.5
404,Adelaide - West,2013-07-01,7.7
404,Adelaide - West,2013-08-01,7.7
404,Adelaide - West,2013-09-01,7.0
404,Adelaide - West,2013-10-01,7.9
404,Adelaide - West,2013-11-01,7.5
404,Adelaide - West,2013-12-01,7.8
404,Adelaide - West,2014-01-01,8.4
404,Adelaide - West,2014-02-01,8.8
404,Adelaide - West,2014-03-01,9.1
404,Adelaide - West,2014-04-01,7.5
404,Adelaide - West,2014-05-01,7.7
404,Adelaide - West,2014-06-01,8.1
404,Adelaide - West,2014-07-01,8.0
404,Adelaide - West,2014-08-01,6.7
404,Adelaide - West,2014-09-01,7.6
404,Adelaide - West,2014-10-01,8.0
404,Adelaide - West,2014-11-01,7.7
404,Adelaide - West,2014-12-01,7.9
404,Adelaide - West,2015-01-01,9.2
404,Adelaide - West,2015-02-01,8.3
404,Adelaide - West,2015-03-01,8.2
404,Adelaide - West,2015-04-01,8.6
404,Adelaide - West,2015-05-01,8.9
404,Adelaide - West,2015-06-01,9.4
404,Adelaide - West,2015-07-01,9.0
404,Adelaide - West,2015-08-01,9.1
404,Adelaide - West,2015-09-01,8.6
404,Adelaide - West,2015-10-01,8.6
404,Adelaide - West,2015-11-01,8.2
404,Adelaide - West,2015-12-01,8.1
404,Adelaide - West,2016-01-01,8.5
404,Adelaide - West,2016-02-01,9.1
404,Adelaide - West,2016-03-01,8.3
404,Adelaide - West,2016-04-01,7.7
404,Adelaide - West,2016-05-01,7.9
404,Adelaide - West,2016-06-01,8.4
404,Adelaide - West,2016-07-01,7.3
404,Adelaide - West,2016-08-01,7.7
404,Adelaide - West,2016-09-01,7.8
404,Adelaide - West,2016-10-01,7.2
404,Adelaide - West,2016-11-01,7.5
404,Adelaide - West,2016-12-01,7.6
404,Adelaide - West,2017-01-01,7.6
404,Adelaide - West,2017-02-01,8.1
404,Adelaide - West,2017-03-01,8.3
404,Adelaide - West,2017-04-01,8.1
404,Adelaide - West,2017-05-01,8.1
404,Adelaide - West,2017-06-01,7.3
404,Adelaide - West,2017-07-01,7.2
404,Adelaide - West,2017-08-01,6.3
404,Adelaide - West,2017-09-01,6.5
404,Adelaide - West,2017-10-01,6.6
404,Adelaide - West,2017-11-01,6.8
404,Adelaide - West,2017-12-01,6.8
404,Adelaide - West,2018-01-01,7.7
404,Adelaide - West,2018-02-01,8.1
404,Adelaide - West,2018-03-01,7.1
404,Adelaide - West,2018-04-01,7.2
404,Adelaide - West,2018-05-01,6.8
404,Adelaide - West,2018-06-01,6.4
404,Adelaide - West,2018-07-01,6.6
404,Adelaide - West,2018-08-01,6.2
404,Adelaide - West,2018-09-01,6.1
404,Adelaide - West,2018-10-01,6.2
404,Adelaide - West,2018-11-01,5.5
404,Adelaide - West,2018-12-01,6.9
404,Adelaide - West,2019-01-01,7.7
404,Adelaide - West,2019-02-01,7.2
404,Adelaide - West,2019-03-01,7.1
404,Adelaide - West,2019-04-01,7.2
404,Adelaide - West,2019-05-01,6.4
404,Adelaide - West,2019-06-01,7.0
404,Adelaide - West,2019-07-01,7.9
404,Adelaide - West,2019-08-01,8.2
404,Adelaide - West,2019-09-01,6.9
404,Adelaide - West,2019-10-01,6.9
404,Adelaide - West,2019-11-01,6.9
404,Adelaide - West,2019-12-01,6.9
404,Adelaide - West,2020-01-01,7.0
404,Adelaide - West,2020-02-01,7.6
404,Adelaide - West,2020-03-01,8.0
404,Adelaide - West,2020-04-01,8.5
404,Adelaide - West,2020-05-01,9.1
404,Adelaide - West,2020-06-01,10.6
404,Adelaide - West,2020-07-01,9.7
404,Adelaide - West,2020-08-01,9.5
404,Adelaide - West,2020-09-01,8.3
404,Adelaide - West,2020-10-01,8.2
404,Adelaide - West,2020-11-01,7.7
404,Adelaide - West,2020-12-01,7.7
404,Adelaide - West,2021-01-01,9.0
404,Adelaide - West,2021-02-01,8.9
404,Adelaide - West,2021-03-01,8.1
404,Adelaide - West,2021-04-01,7.2
404,Adelaide - West,2021-05-01,6.8
404,Adelaide - West,2021-06-01,6.3
404,Adelaide - West,2021-07-01,6.0
404,Adelaide - West,2021-08-01,5.4
404,Adelaide - West,2021-09-01,5.9
404,Adelaide - West,2021-10-01,6.1
404,Adelaide - West,2021-11-01,5.5
404,Adelaide - West,2021-12-01,5.1
404,Adelaide - West,2022-01-01,6.3
404,Adelaide - West,2022-02-01,6.6
404,Adelaide - West,2022-03-01,6.3
404,Adelaide - West,2022-04-01,5.7
404,Adelaide - West,2022-05-01,5.5
404,Adelaide - West,2022-06-01,5.1
404,Adelaide - West,2022-07-01,5.0
404,Adelaide - West,2022-08-01,4.9
404,Adelaide - West,2022-09-01,5.0
404,Adelaide - West,2022-10-01,4.8
404,Adelaide - West,2022-11-01,4.7
404,Adelaide - West,2022-12-01,5.0
404,Adelaide - West,2023-01-01,5.7
404,Adelaide - West,2023-02-01,5.4
404,Adelaide - West,2023-03-01,5.1
404,Adelaide - West,2023-04-01,5.5
404,Adelaide - West,2023-05-01,5.0
404,Adelaide - West,2023-06-01,5.2
404,Adelaide - West,2023-07-01,5.1
404,Adelaide - West,2023-08-01,4.9
404,Adelaide - West,2023-09-01,4.4
404,Adelaide - West,2023-10-01,4.5
404,Adelaide - West,2023-11-01,5.1
404,Adelaide - West,2023-12-01,5.1
404,Adelaide - West,2024-01-01,5.9
404,Adelaide - West,2024-02-01,4.6
404,Adelaide - West,2024-03-01,5.4
404,Adelaide - West,2024-04-01,5.6
404,Adelaide - West,2024-05-01,4.7
404,Adelaide - West,2024-06-01,5.0
404,Adelaide - West,2024-07-01,5.6
404,Adelaide - West,2024-08-01,4.6
404,Adelaide - West,2024-09-01,5.3
404,Adelaide - West,2024-10-01,5.4
404,Adelaide - West,2024-11-01,4.5
404,Adelaide - West,2024-12-01,5.2
404,Adelaide - West,2025-01-01,6.3
404,Adelaide - West,2025-02-01,5.4
404,Adelaide - West,2025-03-01,5.2
404,Adelaide - West,2025-04-01,5.2
404,Adelaide - West,2025-05-01,5.3
404,Adelaide - West,2025-06-01,5.7
404,Adelaide - West,2025-07-01,5.8
404,Adelaide - West,2025-08-01,6.0
404,Adelaide - West,2025-09-01,5.4
404,Adelaide - West,2025-10-01,5.3
404,Adelaide - West,2025-11-01,4.8
404,Adelaide - West,2025-12-01,4.8
404,Adelaide - West,2026-01-01,5.2
404,Adelaide - West,2026-02-01,5.8
404,Adelaide - West,2026-03-01,5.1
405,Barossa - Yorke - Mid North,2012-01-01,2.2
405,Barossa - Yorke - Mid North,2012-02-01,2.6
405,Barossa - Yorke - Mid North,2012-03-01,2.3
405,Barossa - Yorke - Mid North,2012-04-01,2.3
405,Barossa - Yorke - Mid North,2012-05-01,2.3
405,Barossa - Yorke - Mid North,2012-06-01,2.5
405,Barossa - Yorke - Mid North,2012-07-01,2.3
405,Barossa - Yorke - Mid North,2012-08-01,2.4
405,Barossa - Yorke - Mid North,2012-09-01,2.5
405,Barossa - Yorke - Mid North,2012-10-01,2.6
405,Barossa - Yorke - Mid North,2012-11-01,2.4
405,Barossa - Yorke - Mid North,2012-12-01,2.6
405,Barossa - Yorke - Mid North,2013-01-01,3.1
405,Barossa - Yorke - Mid North,2013-02-01,3.1
405,Barossa - Yorke - Mid North,2013-03-01,2.9
405,Barossa - Yorke - Mid North,2013-04-01,3.0
405,Barossa - Yorke - Mid North,2013-05-01,2.9
405,Barossa - Yorke - Mid North,2013-06-01,2.8
405,Barossa - Yorke - Mid North,2013-07-01,3.3
405,Barossa - Yorke - Mid North,2013-08-01,3.2
405,Barossa - Yorke - Mid North,2013-09-01,2.8
405,Barossa - Yorke - Mid North,2013-10-01,3.2
405,Barossa - Yorke - Mid North,2013-11-01,3.1
405,Barossa - Yorke - Mid North,2013-12-01,3.2
405,Barossa - Yorke - Mid North,2014-01-01,3.6
405,Barossa - Yorke - Mid North,2014-02-01,3.6
405,Barossa - Yorke - Mid North,2014-03-01,3.8
405,Barossa - Yorke - Mid North,2014-04-01,3.3
405,Barossa - Yorke - Mid North,2014-05-01,3.4
405,Barossa - Yorke - Mid North,2014-06-01,3.3
405,Barossa - Yorke - Mid North,2014-07-01,3.3
405,Barossa - Yorke - Mid North,2014-08-01,3.1
405,Barossa - Yorke - Mid North,2014-09-01,3.3
405,Barossa - Yorke - Mid North,2014-10-01,3.3
405,Barossa - Yorke - Mid North,2014-11-01,3.3
405,Barossa - Yorke - Mid North,2014-12-01,3.3
405,Barossa - Yorke - Mid North,2015-01-01,4.1
405,Barossa - Yorke - Mid North,2015-02-01,3.9
405,Barossa - Yorke - Mid North,2015-03-01,3.6
405,Barossa - Yorke - Mid North,2015-04-01,3.8
405,Barossa - Yorke - Mid North,2015-05-01,4.0
405,Barossa - Yorke - Mid North,2015-06-01,4.0
405,Barossa - Yorke - Mid North,2015-07-01,4.1
405,Barossa - Yorke - Mid North,2015-08-01,3.9
405,Barossa - Yorke - Mid North,2015-09-01,3.7
405,Barossa - Yorke - Mid North,2015-10-01,3.8
405,Barossa - Yorke - Mid North,2015-11-01,3.5
405,Barossa - Yorke - Mid North,2015-12-01,3.4
405,Barossa - Yorke - Mid North,2016-01-01,3.4
405,Barossa - Yorke - Mid North,2016-02-01,3.8
405,Barossa - Yorke - Mid North,2016-03-01,3.5
405,Barossa - Yorke - Mid North,2016-04-01,3.3
405,Barossa - Yorke - Mid North,2016-05-01,3.3
405,Barossa - Yorke - Mid North,2016-06-01,3.4
405,Barossa - Yorke - Mid North,2016-07-01,3.0
405,Barossa - Yorke - Mid North,2016-08-01,3.0
405,Barossa - Yorke - Mid North,2016-09-01,3.1
405,Barossa - Yorke - Mid North,2016-10-01,3.0
405,Barossa - Yorke - Mid North,2016-11-01,3.0
405,Barossa - Yorke - Mid North,2016-12-01,2.9
405,Barossa - Yorke - Mid North,2017-01-01,3.1
405,Barossa - Yorke - Mid North,2017-02-01,3.3
405,Barossa - Yorke - Mid North,2017-03-01,3.3
405,Barossa - Yorke - Mid North,2017-04-01,3.4
405,Barossa - Yorke - Mid North,2017-05-01,3.4
405,Barossa - Yorke - Mid North,2017-06-01,3.1
405,Barossa - Yorke - Mid North,2017-07-01,3.1
405,Barossa - Yorke - Mid North,2017-08-01,3.0
405,Barossa - Yorke - Mid North,2017-09-01,3.0
405,Barossa - Yorke - Mid North,2017-10-01,3.1
405,Barossa - Yorke - Mid North,2017-11-01,3.3
405,Barossa - Yorke - Mid North,2017-12-01,3.0
405,Barossa - Yorke - Mid North,2018-01-01,3.2
405,Barossa - Yorke - Mid North,2018-02-01,3.5
405,Barossa - Yorke - Mid North,2018-03-01,3.1
405,Barossa - Yorke - Mid North,2018-04-01,3.0
405,Barossa - Yorke - Mid North,2018-05-01,2.9
405,Barossa - Yorke - Mid North,2018-06-01,2.9
405,Barossa - Yorke - Mid North,2018-07-01,3.0
405,Barossa - Yorke - Mid North,2018-08-01,2.9
405,Barossa - Yorke - Mid North,2018-09-01,3.0
405,Barossa - Yorke - Mid North,2018-10-01,3.1
405,Barossa - Yorke - Mid North,2018-11-01,3.2
405,Barossa - Yorke - Mid North,2018-12-01,3.3
405,Barossa - Yorke - Mid North,2019-01-01,4.0
405,Barossa - Yorke - Mid North,2019-02-01,3.8
405,Barossa - Yorke - Mid North,2019-03-01,4.0
405,Barossa - Yorke - Mid North,2019-04-01,3.9
405,Barossa - Yorke - Mid North,2019-05-01,3.6
405,Barossa - Yorke - Mid North,2019-06-01,3.8
405,Barossa - Yorke - Mid North,2019-07-01,4.2
405,Barossa - Yorke - Mid North,2019-08-01,4.4
405,Barossa - Yorke - Mid North,2019-09-01,3.8
405,Barossa - Yorke - Mid North,2019-10-01,3.6
405,Barossa - Yorke - Mid North,2019-11-01,3.6
405,Barossa - Yorke - Mid North,2019-12-01,3.4
405,Barossa - Yorke - Mid North,2020-01-01,3.7
405,Barossa - Yorke - Mid North,2020-02-01,3.7
405,Barossa - Yorke - Mid North,2020-03-01,3.9
405,Barossa - Yorke - Mid North,2020-04-01,3.9
405,Barossa - Yorke - Mid North,2020-05-01,4.0
405,Barossa - Yorke - Mid North,2020-06-01,4.2
405,Barossa - Yorke - Mid North,2020-07-01,3.9
405,Barossa - Yorke - Mid North,2020-08-01,3.8
405,Barossa - Yorke - Mid North,2020-09-01,3.4
405,Barossa - Yorke - Mid North,2020-10-01,3.5
405,Barossa - Yorke - Mid North,2020-11-01,3.4
405,Barossa - Yorke - Mid North,2020-12-01,3.1
405,Barossa - Yorke - Mid North,2021-01-01,3.8
405,Barossa - Yorke - Mid North,2021-02-01,3.7
405,Barossa - Yorke - Mid North,2021-03-01,3.4
405,Barossa - Yorke - Mid North,2021-04-01,3.2
405,Barossa - Yorke - Mid North,2021-05-01,3.2
405,Barossa - Yorke - Mid North,2021-06-01,2.9
405,Barossa - Yorke - Mid North,2021-07-01,2.6
405,Barossa - Yorke - Mid North,2021-08-01,2.5
405,Barossa - Yorke - Mid North,2021-09-01,2.4
405,Barossa - Yorke - Mid North,2021-10-01,2.4
405,Barossa - Yorke - Mid North,2021-11-01,2.2
405,Barossa - Yorke - Mid North,2021-12-01,2.0
405,Barossa - Yorke - Mid North,2022-01-01,2.8
405,Barossa - Yorke - Mid North,2022-02-01,2.8
405,Barossa - Yorke - Mid North,2022-03-01,2.7
405,Barossa - Yorke - Mid North,2022-04-01,2.5
405,Barossa - Yorke - Mid North,2022-05-01,2.5
405,Barossa - Yorke - Mid North,2022-06-01,2.5
405,Barossa - Yorke - Mid North,2022-07-01,2.3
405,Barossa - Yorke - Mid North,2022-08-01,2.3
405,Barossa - Yorke - Mid North,2022-09-01,2.2
405,Barossa - Yorke - Mid North,2022-10-01,2.2
405,Barossa - Yorke - Mid North,2022-11-01,2.2
405,Barossa - Yorke - Mid North,2022-12-01,2.3
405,Barossa - Yorke - Mid North,2023-01-01,2.4
405,Barossa - Yorke - Mid North,2023-02-01,2.4
405,Barossa - Yorke - Mid North,2023-03-01,2.2
405,Barossa - Yorke - Mid North,2023-04-01,2.5
405,Barossa - Yorke - Mid North,2023-05-01,2.2
405,Barossa - Yorke - Mid North,2023-06-01,2.4
405,Barossa - Yorke - Mid North,2023-07-01,2.2
405,Barossa - Yorke - Mid North,2023-08-01,2.1
405,Barossa - Yorke - Mid North,2023-09-01,2.0
405,Barossa - Yorke - Mid North,2023-10-01,2.0
405,Barossa - Yorke - Mid North,2023-11-01,2.1
405,Barossa - Yorke - Mid North,2023-12-01,2.3
405,Barossa - Yorke - Mid North,2024-01-01,2.6
405,Barossa - Yorke - Mid North,2024-02-01,2.1
405,Barossa - Yorke - Mid North,2024-03-01,2.4
405,Barossa - Yorke - Mid North,2024-04-01,2.5
405,Barossa - Yorke - Mid North,2024-05-01,2.2
405,Barossa - Yorke - Mid North,2024-06-01,2.2
405,Barossa - Yorke - Mid North,2024-07-01,2.5
405,Barossa - Yorke - Mid North,2024-08-01,2.2
405,Barossa - Yorke - Mid North,2024-09-01,2.3
405,Barossa - Yorke - Mid North,2024-10-01,2.4
405,Barossa - Yorke - Mid North,2024-11-01,2.1
405,Barossa - Yorke - Mid North,2024-12-01,2.4
405,Barossa - Yorke - Mid North,2025-01-01,2.7
405,Barossa - Yorke - Mid North,2025-02-01,2.6
405,Barossa - Yorke - Mid North,2025-03-01,2.6
405,Barossa - Yorke - Mid North,2025-04-01,2.6
405,Barossa - Yorke - Mid North,2025-05-01,2.5
405,Barossa - Yorke - Mid North,2025-06-01,2.6
405,Barossa - Yorke - Mid North,2025-07-01,2.6
405,Barossa - Yorke - Mid North,2025-08-01,2.8
405,Barossa - Yorke - Mid North,2025-09-01,2.5
405,Barossa - Yorke - Mid North,2025-10-01,2.4
405,Barossa - Yorke - Mid North,2025-11-01,2.3
405,Barossa - Yorke - Mid North,2025-12-01,2.3
405,Barossa - Yorke - Mid North,2026-01-01,2.5
405,Barossa - Yorke - Mid North,2026-02-01,2.7
405,Barossa - Yorke - Mid North,2026-03-01,2.5
406,South Australia - Outback,2012-01-01,2.4
406,South Australia - Outback,2012-02-01,2.6
406,South Australia - Outback,2012-03-01,2.5
406,South Australia - Outback,2012-04-01,2.5
406,South Australia - Outback,2012-05-01,2.5
406,South Australia - Outback,2012-06-01,2.7
406,South Australia - Outback,2012-07-01,2.4
406,South Australia - Outback,2012-08-01,2.7
406,South Australia - Outback,2012-09-01,2.7
406,South Australia - Outback,2012-10-01,2.8
406,South Australia - Outback,2012-11-01,2.8
406,South Australia - Outback,2012-12-01,2.9
406,South Australia - Outback,2013-01-01,3.3
406,South Australia - Outback,2013-02-01,3.3
406,South Australia - Outback,2013-03-01,3.2
406,South Australia - Outback,2013-04-01,3.0
406,South Australia - Outback,2013-05-01,2.8
406,South Australia - Outback,2013-06-01,2.9
406,South Australia - Outback,2013-07-01,3.2
406,South Australia - Outback,2013-08-01,3.3
406,South Australia - Outback,2013-09-01,3.1
406,South Australia - Outback,2013-10-01,3.2
406,South Australia - Outback,2013-11-01,3.3
406,South Australia - Outback,2013-12-01,3.4
406,South Australia - Outback,2014-01-01,3.8
406,South Australia - Outback,2014-02-01,3.9
406,South Australia - Outback,2014-03-01,4.0
406,South Australia - Outback,2014-04-01,3.5
406,South Australia - Outback,2014-05-01,3.6
406,South Australia - Outback,2014-06-01,3.7
406,South Australia - Outback,2014-07-01,3.6
406,South Australia - Outback,2014-08-01,3.1
406,South Australia - Outback,2014-09-01,3.4
406,South Australia - Outback,2014-10-01,3.6
406,South Australia - Outback,2014-11-01,3.5
406,South Australia - Outback,2014-12-01,3.5
406,South Australia - Outback,2015-01-01,4.2
406,South Australia - Outback,2015-02-01,3.9
406,South Australia - Outback,2015-03-01,3.7
406,South Australia - Outback,2015-04-01,3.9
406,South Australia - Outback,2015-05-01,4.0
406,South Australia - Outback,2015-06-01,4.1
406,South Australia - Outback,2015-07-01,3.8
406,South Australia - Outback,2015-08-01,3.5
406,South Australia - Outback,2015-09-01,3.4
406,South Australia - Outback,2015-10-01,3.6
406,South Australia - Outback,2015-11-01,3.1
406,South Australia - Outback,2015-12-01,3.1
406,South Australia - Outback,2016-01-01,3.3
406,South Australia - Outback,2016-02-01,3.5
406,South Australia - Outback,2016-03-01,3.2
406,South Australia - Outback,2016-04-01,2.8
406,South Australia - Outback,2016-05-01,2.9
406,South Australia - Outback,2016-06-01,2.9
406,South Australia - Outback,2016-07-01,2.7
406,South Australia - Outback,2016-08-01,2.6
406,South Australia - Outback,2016-09-01,2.6
406,South Australia - Outback,2016-10-01,2.5
406,South Australia - Outback,2016-11-01,2.5
406,South Australia - Outback,2016-12-01,2.5
406,South Australia - Outback,2017-01-01,2.6
406,South Australia - Outback,2017-02-01,2.8
406,South Australia - Outback,2017-03-01,2.9
406,South Australia - Outback,2017-04-01,2.8
406,South Australia - Outback,2017-05-01,2.8
406,South Australia - Outback,2017-06-01,2.7
406,South Australia - Outback,2017-07-01,2.5
406,South Australia - Outback,2017-08-01,2.3
406,South Australia - Outback,2017-09-01,2.4
406,South Australia - Outback,2017-10-01,2.4
406,South Australia - Outback,2017-11-01,2.5
406,South Australia - Outback,2017-12-01,2.4
406,South Australia - Outback,2018-01-01,2.5
406,South Australia - Outback,2018-02-01,2.6
406,South Australia - Outback,2018-03-01,2.3
406,South Australia - Outback,2018-04-01,2.3
406,South Australia - Outback,2018-05-01,2.2
406,South Australia - Outback,2018-06-01,2.1
406,South Australia - Outback,2018-07-01,2.2
406,South Australia - Outback,2018-08-01,2.1
406,South Australia - Outback,2018-09-01,2.1
406,South Australia - Outback,2018-10-01,2.3
406,South Australia - Outback,2018-11-01,2.3
406,South Australia - Outback,2018-12-01,2.6
406,South Australia - Outback,2019-01-01,3.1
406,South Australia - Outback,2019-02-01,3.0
406,South Australia - Outback,2019-03-01,3.0
406,South Australia - Outback,2019-04-01,3.1
406,South Australia - Outback,2019-05-01,2.9
406,South Australia - Outback,2019-06-01,3.0
406,South Australia - Outback,2019-07-01,3.3
406,South Australia - Outback,2019-08-01,3.4
406,South Australia - Outback,2019-09-01,3.0
406,South Australia - Outback,2019-10-01,3.0
406,South Australia - Outback,2019-11-01,3.1
406,South Australia - Outback,2019-12-01,3.0
406,South Australia - Outback,2020-01-01,3.2
406,South Australia - Outback,2020-02-01,3.3
406,South Australia - Outback,2020-03-01,3.3
406,South Australia - Outback,2020-04-01,3.2
406,South Australia - Outback,2020-05-01,3.2
406,South Australia - Outback,2020-06-01,3.4
406,South Australia - Outback,2020-07-01,3.3
406,South Australia - Outback,2020-08-01,3.2
406,South Australia - Outback,2020-09-01,3.0
406,South Australia - Outback,2020-10-01,3.2
406,South Australia - Outback,2020-11-01,3.0
406,South Australia - Outback,2020-12-01,3.0
406,South Australia - Outback,2021-01-01,3.3
406,South Australia - Outback,2021-02-01,3.3
406,South Australia - Outback,2021-03-01,3.1
406,South Australia - Outback,2021-04-01,2.9
406,South Australia - Outback,2021-05-01,2.8
406,South Australia - Outback,2021-06-01,2.6
406,South Australia - Outback,2021-07-01,2.5
406,South Australia - Outback,2021-08-01,2.4
406,South Australia - Outback,2021-09-01,2.3
406,South Australia - Outback,2021-10-01,2.4
406,South Australia - Outback,2021-11-01,2.0
406,South Australia - Outback,2021-12-01,2.0
406,South Australia - Outback,2022-01-01,2.7
406,South Australia - Outback,2022-02-01,2.9
406,South Australia - Outback,2022-03-01,2.8
406,South Australia - Outback,2022-04-01,2.6
406,South Australia - Outback,2022-05-01,2.5
406,South Australia - Outback,2022-06-01,2.4
406,South Australia - Outback,2022-07-01,2.3
406,South Australia - Outback,2022-08-01,2.2
406,South Australia - Outback,2022-09-01,2.3
406,South Australia - Outback,2022-10-01,2.3
406,South Australia - Outback,2022-11-01,2.2
406,South Australia - Outback,2022-12-01,2.3
406,South Australia - Outback,2023-01-01,2.5
406,South Australia - Outback,2023-02-01,2.5
406,South Australia - Outback,2023-03-01,2.3
406,South Australia - Outback,2023-04-01,2.5
406,South Australia - Outback,2023-05-01,2.3
406,South Australia - Outback,2023-06-01,2.3
406,South Australia - Outback,2023-07-01,2.2
406,South Australia - Outback,2023-08-01,2.1
406,South Australia - Outback,2023-09-01,2.0
406,South Australia - Outback,2023-10-01,2.1
406,South Australia - Outback,2023-11-01,2.1
406,South Australia - Outback,2023-12-01,2.3
406,South Australia - Outback,2024-01-01,2.5
406,South Australia - Outback,2024-02-01,2.1
406,South Australia - Outback,2024-03-01,2.4
406,South Australia - Outback,2024-04-01,2.5
406,South Australia - Outback,2024-05-01,2.3
406,South Australia - Outback,2024-06-01,2.2
406,South Australia - Outback,2024-07-01,2.6
406,South Australia - Outback,2024-08-01,2.2
406,South Australia - Outback,2024-09-01,2.4
406,South Australia - Outback,2024-10-01,2.4
406,South Australia - Outback,2024-11-01,2.2
406,South Australia - Outback,2024-12-01,2.4
406,South Australia - Outback,2025-01-01,2.8
406,South Australia - Outback,2025-02-01,2.5
406,South Australia - Outback,2025-03-01,2.5
406,South Australia - Outback,2025-04-01,2.5
406,South Australia - Outback,2025-05-01,2.5
406,South Australia - Outback,2025-06-01,2.6
406,South Australia - Outback,2025-07-01,2.6
406,South Australia - Outback,2025-08-01,2.8
406,South Australia - Outback,2025-09-01,2.6
406,South Australia - Outback,2025-10-01,2.6
406,South Australia - Outback,2025-11-01,2.4
406,South Australia - Outback,2025-12-01,2.4
406,South Australia - Outback,2026-01-01,2.6
406,South Australia - Outback,2026-02-01,2.7
406,South Australia - Outback,2026-03-01,2.6
407,South Australia - South East,2012-01-01,4.1
407,South Australia - South East,2012-02-01,4.1
407,South Australia - South East,2012-03-01,3.9
407,South Australia - South East,2012-04-01,4.1
407,South Australia - South East,2012-05-01,4.0
407,South Australia - South East,2012-06-01,4.9
407,South Australia - South East,2012-07-01,3.9
407,South Australia - South East,2012-08-01,4.4
407,South Australia - South East,2012-09-01,4.4
407,South Australia - South East,2012-10-01,4.7
407,South Australia - South East,2012-11-01,4.4
407,South Australia - South East,2012-12-01,4.7
407,South Australia - South East,2013-01-01,5.2
407,South Australia - South East,2013-02-01,5.2
407,South Australia - South East,2013-03-01,4.8
407,South Australia - South East,2013-04-01,4.9
407,South Australia - South East,2013-05-01,4.7
407,South Australia - South East,2013-06-01,4.6
407,South Australia - South East,2013-07-01,5.3
407,South Australia - South East,2013-08-01,5.2
407,South Australia - South East,2013-09-01,4.6
407,South Australia - South East,2013-10-01,5.2
407,South Australia - South East,2013-11-01,5.0
407,South Australia - South East,2013-12-01,5.3
407,South Australia - South East,2014-01-01,5.6
407,South Australia - South East,2014-02-01,5.6
407,South Australia - South East,2014-03-01,5.7
407,South Australia - South East,2014-04-01,5.1
407,South Australia - South East,2014-05-01,5.6
407,South Australia - South East,2014-06-01,5.4
407,South Australia - South East,2014-07-01,5.3
407,South Australia - South East,2014-08-01,4.7
407,South Australia - South East,2014-09-01,5.2
407,South Australia - South East,2014-10-01,5.2
407,South Australia - South East,2014-11-01,5.2
407,South Australia - South East,2014-12-01,5.2
407,South Australia - South East,2015-01-01,6.6
407,South Australia - South East,2015-02-01,5.8
407,South Australia - South East,2015-03-01,5.2
407,South Australia - South East,2015-04-01,5.7
407,South Australia - South East,2015-05-01,5.9
407,South Australia - South East,2015-06-01,6.2
407,South Australia - South East,2015-07-01,6.3
407,South Australia - South East,2015-08-01,6.0
407,South Australia - South East,2015-09-01,5.9
407,South Australia - South East,2015-10-01,5.6
407,South Australia - South East,2015-11-01,5.2
407,South Australia - South East,2015-12-01,5.1
407,South Australia - South East,2016-01-01,5.3
407,South Australia - South East,2016-02-01,5.7
407,South Australia - South East,2016-03-01,5.2
407,South Australia - South East,2016-04-01,4.7
407,South Australia - South East,2016-05-01,4.8
407,South Australia - South East,2016-06-01,5.0
407,South Australia - South East,2016-07-01,4.5
407,South Australia - South East,2016-08-01,4.5
407,South Australia - South East,2016-09-01,4.3
407,South Australia - South East,2016-10-01,4.4
407,South Australia - South East,2016-11-01,4.5
407,South Australia - South East,2016-12-01,4.2
407,South Australia - South East,2017-01-01,4.5
407,South Australia - South East,2017-02-01,5.0
407,South Australia - South East,2017-03-01,5.1
407,South Australia - South East,2017-04-01,4.8
407,South Australia - South East,2017-05-01,5.0
407,South Australia - South East,2017-06-01,4.8
407,South Australia - South East,2017-07-01,4.7
407,South Australia - South East,2017-08-01,4.4
407,South Australia - South East,2017-09-01,4.1
407,South Australia - South East,2017-10-01,4.3
407,South Australia - South East,2017-11-01,4.5
407,South Australia - South East,2017-12-01,4.4
407,South Australia - South East,2018-01-01,4.4
407,South Australia - South East,2018-02-01,4.9
407,South Australia - South East,2018-03-01,4.2
407,South Australia - South East,2018-04-01,4.1
407,South Australia - South East,2018-05-01,4.0
407,South Australia - South East,2018-06-01,4.0
407,South Australia - South East,2018-07-01,4.2
407,South Australia - South East,2018-08-01,4.1
407,South Australia - South East,2018-09-01,4.1
407,South Australia - South East,2018-10-01,4.3
407,South Australia - South East,2018-11-01,4.3
407,South Australia - South East,2018-12-01,4.8
407,South Australia - South East,2019-01-01,5.5
407,South Australia - South East,2019-02-01,5.3
407,South Australia - South East,2019-03-01,5.3
407,South Australia - South East,2019-04-01,5.4
407,South Australia - South East,2019-05-01,4.8
407,South Australia - South East,2019-06-01,5.1
407,South Australia - South East,2019-07-01,5.7
407,South Australia - South East,2019-08-01,5.5
407,South Australia - South East,2019-09-01,4.9
407,South Australia - South East,2019-10-01,5.0
407,South Australia - South East,2019-11-01,4.9
407,South Australia - South East,2019-12-01,4.8
407,South Australia - South East,2020-01-01,4.9
407,South Australia - South East,2020-02-01,5.3
407,South Australia - South East,2020-03-01,5.6
407,South Australia - South East,2020-04-01,5.6
407,South Australia - South East,2020-05-01,5.7
407,South Australia - South East,2020-06-01,6.5
407,South Australia - South East,2020-07-01,6.0
407,South Australia - South East,2020-08-01,5.8
407,South Australia - South East,2020-09-01,5.2
407,South Australia - South East,2020-10-01,5.4
407,South Australia - South East,2020-11-01,4.8
407,South Australia - South East,2020-12-01,4.9
407,South Australia - South East,2021-01-01,5.8
407,South Australia - South East,2021-02-01,5.4
407,South Australia - South East,2021-03-01,4.9
407,South Australia - South East,2021-04-01,4.7
407,South Australia - South East,2021-05-01,4.7
407,South Australia - South East,2021-06-01,4.1
407,South Australia - South East,2021-07-01,3.8
407,South Australia - South East,2021-08-01,3.9
407,South Australia - South East,2021-09-01,3.5
407,South Australia - South East,2021-10-01,3.4
407,South Australia - South East,2021-11-01,3.3
407,South Australia - South East,2021-12-01,2.9
407,South Australia - South East,2022-01-01,4.1
407,South Australia - South East,2022-02-01,4.2
407,South Australia - South East,2022-03-01,4.1
407,South Australia - South East,2022-04-01,3.6
407,South Australia - South East,2022-05-01,3.8
407,South Australia - South East,2022-06-01,3.6
407,South Australia - South East,2022-07-01,3.4
407,South Australia - South East,2022-08-01,3.2
407,South Australia - South East,2022-09-01,3.5
407,South Australia - South East,2022-10-01,3.3
407,South Australia - South East,2022-11-01,3.2
407,South Australia - South East,2022-12-01,3.3
407,South Australia - South East,2023-01-01,3.9
407,South Australia - South East,2023-02-01,3.8
407,South Australia - South East,2023-03-01,3.5
407,South Australia - South East,2023-04-01,3.6
407,South Australia - South East,2023-05-01,3.4
407,South Australia - South East,2023-06-01,3.6
407,South Australia - South East,2023-07-01,3.4
407,South Australia - South East,2023-08-01,3.0
407,South Australia - South East,2023-09-01,3.2
407,South Australia - South East,2023-10-01,3.0
407,South Australia - South East,2023-11-01,3.3
407,South Australia - South East,2023-12-01,3.2
407,South Australia - South East,2024-01-01,3.9
407,South Australia - South East,2024-02-01,3.0
407,South Australia - South East,2024-03-01,3.4
407,South Australia - South East,2024-04-01,3.6
407,South Australia - South East,2024-05-01,3.4
407,South Australia - South East,2024-06-01,3.2
407,South Australia - South East,2024-07-01,3.7
407,South Australia - South East,2024-08-01,3.0
407,South Australia - South East,2024-09-01,3.4
407,South Australia - South East,2024-10-01,3.4
407,South Australia - South East,2024-11-01,3.2
407,South Australia - South East,2024-12-01,3.5
407,South Australia - South East,2025-01-01,4.1
407,South Australia - South East,2025-02-01,3.6
407,South Australia - South East,2025-03-01,3.6
407,South Australia - South East,2025-04-01,3.6
407,South Australia - South East,2025-05-01,3.8
407,South Australia - South East,2025-06-01,3.8
407,South Australia - South East,2025-07-01,3.8
407,South Australia - South East,2025-08-01,4.1
407,South Australia - South East,2025-09-01,3.8
407,South Australia - South East,2025-10-01,3.6
407,South Australia - South East,2025-11-01,3.4
407,South Australia - South East,2025-12-01,3.3
407,South Australia - South East,2026-01-01,3.6
407,South Australia - South East,2026-02-01,3.8
407,South Australia - South East,2026-03-01,3.6
501,Bunbury,2012-01-01,3.4
501,Bunbury,2012-02-01,3.1
501,Bunbury,2012-03-01,3.1
501,Bunbury,2012-04-01,3.0
501,Bunbury,2012-05-01,3.1
501,Bunbury,2012-06-01,2.8
501,Bunbury,2012-07-01,3.0
501,Bunbury,2012-08-01,3.5
501,Bunbury,2012-09-01,3.8
501,Bunbury,2012-10-01,3.8
501,Bunbury,2012-11-01,3.4
501,Bunbury,2012-12-01,3.7
501,Bunbury,2013-01-01,3.9
501,Bunbury,2013-02-01,4.6
501,Bunbury,2013-03-01,5.1
501,Bunbury,2013-04-01,4.7
501,Bunbury,2013-05-01,4.4
501,Bunbury,2013-06-01,4.6
501,Bunbury,2013-07-01,4.2
501,Bunbury,2013-08-01,5.0
501,Bunbury,2013-09-01,5.1
501,Bunbury,2013-10-01,4.3
501,Bunbury,2013-11-01,4.4
501,Bunbury,2013-12-01,4.4
501,Bunbury,2014-01-01,5.3
501,Bunbury,2014-02-01,5.9
501,Bunbury,2014-03-01,5.1
501,Bunbury,2014-04-01,4.4
501,Bunbury,2014-05-01,4.1
501,Bunbury,2014-06-01,4.3
501,Bunbury,2014-07-01,4.6
501,Bunbury,2014-08-01,4.1
501,Bunbury,2014-09-01,4.4
501,Bunbury,2014-10-01,4.1
501,Bunbury,2014-11-01,3.8
501,Bunbury,2014-12-01,5.1
501,Bunbury,2015-01-01,5.1
501,Bunbury,2015-02-01,5.8
501,Bunbury,2015-03-01,5.7
501,Bunbury,2015-04-01,5.2
501,Bunbury,2015-05-01,5.1
501,Bunbury,2015-06-01,5.4
501,Bunbury,2015-07-01,5.4
501,Bunbury,2015-08-01,5.3
501,Bunbury,2015-09-01,5.0
501,Bunbury,2015-10-01,5.0
501,Bunbury,2015-11-01,4.6
501,Bunbury,2015-12-01,5.0
501,Bunbury,2016-01-01,5.4
501,Bunbury,2016-02-01,5.9
501,Bunbury,2016-03-01,5.8
501,Bunbury,2016-04-01,5.2
501,Bunbury,2016-05-01,4.4
501,Bunbury,2016-06-01,5.3
501,Bunbury,2016-07-01,5.6
501,Bunbury,2016-08-01,5.0
501,Bunbury,2016-09-01,5.1
501,Bunbury,2016-10-01,5.1
501,Bunbury,2016-11-01,4.8
501,Bunbury,2016-12-01,5.0
501,Bunbury,2017-01-01,5.5
501,Bunbury,2017-02-01,5.6
501,Bunbury,2017-03-01,5.5
501,Bunbury,2017-04-01,4.8
501,Bunbury,2017-05-01,4.7
501,Bunbury,2017-06-01,4.9
501,Bunbury,2017-07-01,4.8
501,Bunbury,2017-08-01,5.4
501,Bunbury,2017-09-01,5.5
501,Bunbury,2017-10-01,5.8
501,Bunbury,2017-11-01,5.5
501,Bunbury,2017-12-01,5.6
501,Bunbury,2018-01-01,6.1
501,Bunbury,2018-02-01,6.6
501,Bunbury,2018-03-01,6.9
501,Bunbury,2018-04-01,6.5
501,Bunbury,2018-05-01,5.9
501,Bunbury,2018-06-01,5.6
501,Bunbury,2018-07-01,5.7
501,Bunbury,2018-08-01,6.2
501,Bunbury,2018-09-01,6.0
501,Bunbury,2018-10-01,5.4
501,Bunbury,2018-11-01,5.8
501,Bunbury,2018-12-01,5.6
501,Bunbury,2019-01-01,6.6
501,Bunbury,2019-02-01,5.9
501,Bunbury,2019-03-01,5.8
501,Bunbury,2019-04-01,5.5
501,Bunbury,2019-05-01,5.2
501,Bunbury,2019-06-01,4.6
501,Bunbury,2019-07-01,5.0
501,Bunbury,2019-08-01,5.4
501,Bunbury,2019-09-01,5.1
501,Bunbury,2019-10-01,5.0
501,Bunbury,2019-11-01,5.0
501,Bunbury,2019-12-01,4.9
501,Bunbury,2020-01-01,6.0
501,Bunbury,2020-02-01,4.9
501,Bunbury,2020-03-01,5.5
501,Bunbury,2020-04-01,5.1
501,Bunbury,2020-05-01,6.5
501,Bunbury,2020-06-01,6.2
501,Bunbury,2020-07-01,6.1
501,Bunbury,2020-08-01,5.5
501,Bunbury,2020-09-01,5.3
501,Bunbury,2020-10-01,4.5
501,Bunbury,2020-11-01,4.9
501,Bunbury,2020-12-01,4.6
501,Bunbury,2021-01-01,5.1
501,Bunbury,2021-02-01,5.5
501,Bunbury,2021-03-01,4.4
501,Bunbury,2021-04-01,4.4
501,Bunbury,2021-05-01,4.0
501,Bunbury,2021-06-01,4.1
501,Bunbury,2021-07-01,4.0
501,Bunbury,2021-08-01,3.7
501,Bunbury,2021-09-01,3.6
501,Bunbury,2021-10-01,3.2
501,Bunbury,2021-11-01,3.3
501,Bunbury,2021-12-01,2.8
501,Bunbury,2022-01-01,3.6
501,Bunbury,2022-02-01,3.9
501,Bunbury,2022-03-01,3.3
501,Bunbury,2022-04-01,2.7
501,Bunbury,2022-05-01,2.8
501,Bunbury,2022-06-01,3.1
501,Bunbury,2022-07-01,2.8
501,Bunbury,2022-08-01,2.9
501,Bunbury,2022-09-01,3.1
501,Bunbury,2022-10-01,3.0
501,Bunbury,2022-11-01,2.7
501,Bunbury,2022-12-01,3.3
501,Bunbury,2023-01-01,3.2
501,Bunbury,2023-02-01,3.5
501,Bunbury,2023-03-01,3.0
501,Bunbury,2023-04-01,3.0
501,Bunbury,2023-05-01,3.2
501,Bunbury,2023-06-01,3.0
501,Bunbury,2023-07-01,2.9
501,Bunbury,2023-08-01,3.4
501,Bunbury,2023-09-01,2.9
501,Bunbury,2023-10-01,2.9
501,Bunbury,2023-11-01,3.3
501,Bunbury,2023-12-01,3.3
501,Bunbury,2024-01-01,4.1
501,Bunbury,2024-02-01,3.5
501,Bunbury,2024-03-01,3.1
501,Bunbury,2024-04-01,3.4
501,Bunbury,2024-05-01,3.0
501,Bunbury,2024-06-01,3.1
501,Bunbury,2024-07-01,3.6
501,Bunbury,2024-08-01,3.5
501,Bunbury,2024-09-01,3.3
501,Bunbury,2024-10-01,3.5
501,Bunbury,2024-11-01,3.0
501,Bunbury,2024-12-01,2.8
501,Bunbury,2025-01-01,3.8
501,Bunbury,2025-02-01,3.4
501,Bunbury,2025-03-01,3.8
501,Bunbury,2025-04-01,3.7
501,Bunbury,2025-05-01,3.4
501,Bunbury,2025-06-01,3.9
501,Bunbury,2025-07-01,3.7
501,Bunbury,2025-08-01,3.6
501,Bunbury,2025-09-01,3.8
501,Bunbury,2025-10-01,3.7
501,Bunbury,2025-11-01,4.1
501,Bunbury,2025-12-01,3.2
501,Bunbury,2026-01-01,3.4
501,Bunbury,2026-02-01,4.4
501,Bunbury,2026-03-01,4.1
502,Mandurah,2012-01-01,1.9
502,Mandurah,2012-02-01,2.0
502,Mandurah,2012-03-01,2.1
502,Mandurah,2012-04-01,1.8
502,Mandurah,2012-05-01,1.8
502,Mandurah,2012-06-01,1.7
502,Mandurah,2012-07-01,1.7
502,Mandurah,2012-08-01,1.7
502,Mandurah,2012-09-01,1.9
502,Mandurah,2012-10-01,1.9
502,Mandurah,2012-11-01,1.6
502,Mandurah,2012-12-01,1.8
502,Mandurah,2013-01-01,2.1
502,Mandurah,2013-02-01,2.3
502,Mandurah,2013-03-01,2.4
502,Mandurah,2013-04-01,2.4
502,Mandurah,2013-05-01,2.1
502,Mandurah,2013-06-01,2.1
502,Mandurah,2013-07-01,2.0
502,Mandurah,2013-08-01,2.1
502,Mandurah,2013-09-01,2.2
502,Mandurah,2013-10-01,1.8
502,Mandurah,2013-11-01,1.8
502,Mandurah,2013-12-01,2.0
502,Mandurah,2014-01-01,2.5
502,Mandurah,2014-02-01,2.9
502,Mandurah,2014-03-01,2.5
502,Mandurah,2014-04-01,2.4
502,Mandurah,2014-05-01,2.5
502,Mandurah,2014-06-01,2.4
502,Mandurah,2014-07-01,2.5
502,Mandurah,2014-08-01,2.4
502,Mandurah,2014-09-01,2.6
502,Mandurah,2014-10-01,2.3
502,Mandurah,2014-11-01,2.3
502,Mandurah,2014-12-01,2.6
502,Mandurah,2015-01-01,3.0
502,Mandurah,2015-02-01,3.1
502,Mandurah,2015-03-01,3.0
502,Mandurah,2015-04-01,2.8
502,Mandurah,2015-05-01,2.5
502,Mandurah,2015-06-01,2.9
502,Mandurah,2015-07-01,3.1
502,Mandurah,2015-08-01,3.0
502,Mandurah,2015-09-01,2.9
502,Mandurah,2015-10-01,3.0
502,Mandurah,2015-11-01,2.8
502,Mandurah,2015-12-01,3.1
502,Mandurah,2016-01-01,3.1
502,Mandurah,2016-02-01,3.3
502,Mandurah,2016-03-01,3.2
502,Mandurah,2016-04-01,2.9
502,Mandurah,2016-05-01,2.9
502,Mandurah,2016-06-01,2.9
502,Mandurah,2016-07-01,3.3
502,Mandurah,2016-08-01,3.2
502,Mandurah,2016-09-01,3.2
502,Mandurah,2016-10-01,3.3
502,Mandurah,2016-11-01,3.2
502,Mandurah,2016-12-01,3.4
502,Mandurah,2017-01-01,3.7
502,Mandurah,2017-02-01,3.7
502,Mandurah,2017-03-01,3.6
502,Mandurah,2017-04-01,3.1
502,Mandurah,2017-05-01,2.9
502,Mandurah,2017-06-01,3.0
502,Mandurah,2017-07-01,2.9
502,Mandurah,2017-08-01,3.1
502,Mandurah,2017-09-01,3.2
502,Mandurah,2017-10-01,3.1
502,Mandurah,2017-11-01,3.0
502,Mandurah,2017-12-01,3.1
502,Mandurah,2018-01-01,3.3
502,Mandurah,2018-02-01,3.7
502,Mandurah,2018-03-01,3.9
502,Mandurah,2018-04-01,3.6
502,Mandurah,2018-05-01,3.3
502,Mandurah,2018-06-01,3.2
502,Mandurah,2018-07-01,3.3
502,Mandurah,2018-08-01,3.3
502,Mandurah,2018-09-01,3.3
502,Mandurah,2018-10-01,3.2
502,Mandurah,2018-11-01,3.2
502,Mandurah,2018-12-01,3.5
502,Mandurah,2019-01-01,3.9
502,Mandurah,2019-02-01,3.7
502,Mandurah,2019-03-01,3.5
502,Mandurah,2019-04-01,3.4
502,Mandurah,2019-05-01,3.1
502,Mandurah,2019-06-01,3.0
502,Mandurah,2019-07-01,3.2
502,Mandurah,2019-08-01,3.3
502,Mandurah,2019-09-01,3.1
502,Mandurah,2019-10-01,3.1
502,Mandurah,2019-11-01,3.1
502,Mandurah,2019-12-01,2.8
502,Mandurah,2020-01-01,3.5
502,Mandurah,2020-02-01,3.3
502,Mandurah,2020-03-01,3.3
502,Mandurah,2020-04-01,3.3
502,Mandurah,2020-05-01,3.9
502,Mandurah,2020-06-01,4.0
502,Mandurah,2020-07-01,4.0
502,Mandurah,2020-08-01,3.8
502,Mandurah,2020-09-01,3.7
502,Mandurah,2020-10-01,3.4
502,Mandurah,2020-11-01,3.4
502,Mandurah,2020-12-01,3.3
502,Mandurah,2021-01-01,3.6
502,Mandurah,2021-02-01,3.6
502,Mandurah,2021-03-01,3.0
502,Mandurah,2021-04-01,2.9
502,Mandurah,2021-05-01,2.5
502,Mandurah,2021-06-01,2.7
502,Mandurah,2021-07-01,2.7
502,Mandurah,2021-08-01,2.7
502,Mandurah,2021-09-01,2.6
502,Mandurah,2021-10-01,2.3
502,Mandurah,2021-11-01,2.3
502,Mandurah,2021-12-01,2.2
502,Mandurah,2022-01-01,2.5
502,Mandurah,2022-02-01,2.6
502,Mandurah,2022-03-01,2.2
502,Mandurah,2022-04-01,2.0
502,Mandurah,2022-05-01,2.0
502,Mandurah,2022-06-01,2.2
502,Mandurah,2022-07-01,2.2
502,Mandurah,2022-08-01,2.0
502,Mandurah,2022-09-01,2.3
502,Mandurah,2022-10-01,2.1
502,Mandurah,2022-11-01,2.2
502,Mandurah,2022-12-01,2.1
502,Mandurah,2023-01-01,2.4
502,Mandurah,2023-02-01,2.6
502,Mandurah,2023-03-01,2.4
502,Mandurah,2023-04-01,2.4
502,Mandurah,2023-05-01,2.3
502,Mandurah,2023-06-01,2.1
502,Mandurah,2023-07-01,2.1
502,Mandurah,2023-08-01,2.5
502,Mandurah,2023-09-01,2.1
502,Mandurah,2023-10-01,2.4
502,Mandurah,2023-11-01,2.3
502,Mandurah,2023-12-01,2.5
502,Mandurah,2024-01-01,3.0
502,Mandurah,2024-02-01,2.6
502,Mandurah,2024-03-01,2.5
502,Mandurah,2024-04-01,2.6
502,Mandurah,2024-05-01,2.4
502,Mandurah,2024-06-01,2.5
502,Mandurah,2024-07-01,2.5
502,Mandurah,2024-08-01,2.6
502,Mandurah,2024-09-01,2.5
502,Mandurah,2024-10-01,2.8
502,Mandurah,2024-11-01,2.2
502,Mandurah,2024-12-01,2.4
502,Mandurah,2025-01-01,3.0
502,Mandurah,2025-02-01,2.6
502,Mandurah,2025-03-01,2.6
502,Mandurah,2025-04-01,3.1
502,Mandurah,2025-05-01,2.7
502,Mandurah,2025-06-01,2.8
502,Mandurah,2025-07-01,2.6
502,Mandurah,2025-08-01,3.0
502,Mandurah,2025-09-01,2.9
502,Mandurah,2025-10-01,2.8
502,Mandurah,2025-11-01,3.0
502,Mandurah,2025-12-01,2.7
502,Mandurah,2026-01-01,2.7
502,Mandurah,2026-02-01,3.3
502,Mandurah,2026-03-01,3.1
503,Perth - Inner,2012-01-01,3.5
503,Perth - Inner,2012-02-01,3.5
503,Perth - Inner,2012-03-01,3.8
503,Perth - Inner,2012-04-01,2.9
503,Perth - Inner,2012-05-01,3.1
503,Perth - Inner,2012-06-01,2.9
503,Perth - Inner,2012-07-01,2.7
503,Perth - Inner,2012-08-01,3.1
503,Perth - Inner,2012-09-01,3.4
503,Perth - Inner,2012-10-01,3.2
503,Perth - Inner,2012-11-01,3.1
503,Perth - Inner,2012-12-01,3.0
503,Perth - Inner,2013-01-01,3.5
503,Perth - Inner,2013-02-01,3.7
503,Perth - Inner,2013-03-01,3.8
503,Perth - Inner,2013-04-01,3.6
503,Perth - Inner,2013-05-01,3.6
503,Perth - Inner,2013-06-01,3.4
503,Perth - Inner,2013-07-01,3.2
503,Perth - Inner,2013-08-01,3.2
503,Perth - Inner,2013-09-01,3.3
503,Perth - Inner,2013-10-01,2.8
503,Perth - Inner,2013-11-01,2.7
503,Perth - Inner,2013-12-01,2.9
503,Perth - Inner,2014-01-01,4.1
503,Perth - Inner,2014-02-01,4.3
503,Perth - Inner,2014-03-01,4.0
503,Perth - Inner,2014-04-01,3.8
503,Perth - Inner,2014-05-01,4.0
503,Perth - Inner,2014-06-01,3.7
503,Perth - Inner,2014-07-01,3.5
503,Perth - Inner,2014-08-01,3.7
503,Perth - Inner,2014-09-01,3.9
503,Perth - Inner,2014-10-01,3.6
503,Perth - Inner,2014-11-01,3.3
503,Perth - Inner,2014-12-01,4.0
503,Perth - Inner,2015-01-01,4.7
503,Perth - Inner,2015-02-01,4.9
503,Perth - Inner,2015-03-01,4.7
503,Perth - Inner,2015-04-01,4.3
503,Perth - Inner,2015-05-01,4.0
503,Perth - Inner,2015-06-01,4.3
503,Perth - Inner,2015-07-01,4.3
503,Perth - Inner,2015-08-01,4.1
503,Perth - Inner,2015-09-01,4.2
503,Perth - Inner,2015-10-01,4.1
503,Perth - Inner,2015-11-01,4.1
503,Perth - Inner,2015-12-01,4.2
503,Perth - Inner,2016-01-01,4.7
503,Perth - Inner,2016-02-01,4.8
503,Perth - Inner,2016-03-01,4.4
503,Perth - Inner,2016-04-01,4.0
503,Perth - Inner,2016-05-01,3.7
503,Perth - Inner,2016-06-01,3.9
503,Perth - Inner,2016-07-01,4.7
503,Perth - Inner,2016-08-01,4.3
503,Perth - Inner,2016-09-01,4.3
503,Perth - Inner,2016-10-01,4.5
503,Perth - Inner,2016-11-01,4.2
503,Perth - Inner,2016-12-01,4.7
503,Perth - Inner,2017-01-01,5.0
503,Perth - Inner,2017-02-01,4.9
503,Perth - Inner,2017-03-01,5.2
503,Perth - Inner,2017-04-01,4.0
503,Perth - Inner,2017-05-01,4.0
503,Perth - Inner,2017-06-01,3.8
503,Perth - Inner,2017-07-01,3.5
503,Perth - Inner,2017-08-01,4.4
503,Perth - Inner,2017-09-01,4.0
503,Perth - Inner,2017-10-01,4.1
503,Perth - Inner,2017-11-01,4.1
503,Perth - Inner,2017-12-01,4.5
503,Perth - Inner,2018-01-01,4.4
503,Perth - Inner,2018-02-01,5.0
503,Perth - Inner,2018-03-01,5.0
503,Perth - Inner,2018-04-01,5.0
503,Perth - Inner,2018-05-01,4.6
503,Perth - Inner,2018-06-01,4.1
503,Perth - Inner,2018-07-01,4.4
503,Perth - Inner,2018-08-01,4.5
503,Perth - Inner,2018-09-01,4.4
503,Perth - Inner,2018-10-01,4.1
503,Perth - Inner,2018-11-01,4.5
503,Perth - Inner,2018-12-01,4.4
503,Perth - Inner,2019-01-01,5.3
503,Perth - Inner,2019-02-01,4.8
503,Perth - Inner,2019-03-01,5.0
503,Perth - Inner,2019-04-01,4.4
503,Perth - Inner,2019-05-01,4.2
503,Perth - Inner,2019-06-01,3.8
503,Perth - Inner,2019-07-01,4.4
503,Perth - Inner,2019-08-01,4.5
503,Perth - Inner,2019-09-01,3.9
503,Perth - Inner,2019-10-01,4.1
503,Perth - Inner,2019-11-01,4.1
503,Perth - Inner,2019-12-01,3.9
503,Perth - Inner,2020-01-01,4.9
503,Perth - Inner,2020-02-01,4.4
503,Perth - Inner,2020-03-01,4.6
503,Perth - Inner,2020-04-01,4.9
503,Perth - Inner,2020-05-01,6.8
503,Perth - Inner,2020-06-01,6.5
503,Perth - Inner,2020-07-01,6.8
503,Perth - Inner,2020-08-01,6.3
503,Perth - Inner,2020-09-01,5.8
503,Perth - Inner,2020-10-01,5.5
503,Perth - Inner,2020-11-01,5.3
503,Perth - Inner,2020-12-01,5.3
503,Perth - Inner,2021-01-01,6.2
503,Perth - Inner,2021-02-01,5.7
503,Perth - Inner,2021-03-01,4.7
503,Perth - Inner,2021-04-01,4.5
503,Perth - Inner,2021-05-01,4.0
503,Perth - Inner,2021-06-01,4.3
503,Perth - Inner,2021-07-01,4.1
503,Perth - Inner,2021-08-01,3.7
503,Perth - Inner,2021-09-01,3.8
503,Perth - Inner,2021-10-01,3.4
503,Perth - Inner,2021-11-01,3.4
503,Perth - Inner,2021-12-01,3.2
503,Perth - Inner,2022-01-01,3.6
503,Perth - Inner,2022-02-01,3.8
503,Perth - Inner,2022-03-01,3.4
503,Perth - Inner,2022-04-01,2.5
503,Perth - Inner,2022-05-01,3.1
503,Perth - Inner,2022-06-01,2.9
503,Perth - Inner,2022-07-01,3.0
503,Perth - Inner,2022-08-01,2.9
503,Perth - Inner,2022-09-01,3.1
503,Perth - Inner,2022-10-01,3.0
503,Perth - Inner,2022-11-01,3.3
503,Perth - Inner,2022-12-01,2.9
503,Perth - Inner,2023-01-01,3.4
503,Perth - Inner,2023-02-01,3.7
503,Perth - Inner,2023-03-01,3.3
503,Perth - Inner,2023-04-01,3.3
503,Perth - Inner,2023-05-01,3.2
503,Perth - Inner,2023-06-01,3.1
503,Perth - Inner,2023-07-01,2.7
503,Perth - Inner,2023-08-01,3.5
503,Perth - Inner,2023-09-01,3.3
503,Perth - Inner,2023-10-01,2.9
503,Perth - Inner,2023-11-01,3.4
503,Perth - Inner,2023-12-01,3.6
503,Perth - Inner,2024-01-01,4.4
503,Perth - Inner,2024-02-01,3.7
503,Perth - Inner,2024-03-01,3.5
503,Perth - Inner,2024-04-01,3.3
503,Perth - Inner,2024-05-01,3.3
503,Perth - Inner,2024-06-01,3.5
503,Perth - Inner,2024-07-01,3.3
503,Perth - Inner,2024-08-01,3.6
503,Perth - Inner,2024-09-01,3.3
503,Perth - Inner,2024-10-01,3.6
503,Perth - Inner,2024-11-01,3.1
503,Perth - Inner,2024-12-01,3.3
503,Perth - Inner,2025-01-01,3.9
503,Perth - Inner,2025-02-01,3.7
503,Perth - Inner,2025-03-01,3.8
503,Perth - Inner,2025-04-01,4.0
503,Perth - Inner,2025-05-01,3.6
503,Perth - Inner,2025-06-01,3.8
503,Perth - Inner,2025-07-01,3.6
503,Perth - Inner,2025-08-01,4.0
503,Perth - Inner,2025-09-01,4.1
503,Perth - Inner,2025-10-01,3.9
503,Perth - Inner,2025-11-01,4.0
503,Perth - Inner,2025-12-01,3.8
503,Perth - Inner,2026-01-01,3.7
503,Perth - Inner,2026-02-01,4.4
503,Perth - Inner,2026-03-01,4.1
504,Perth - North East,2012-01-01,6.1
504,Perth - North East,2012-02-01,5.9
504,Perth - North East,2012-03-01,5.7
504,Perth - North East,2012-04-01,5.2
504,Perth - North East,2012-05-01,4.8
504,Perth - North East,2012-06-01,4.6
504,Perth - North East,2012-07-01,4.7
504,Perth - North East,2012-08-01,5.2
504,Perth - North East,2012-09-01,5.2
504,Perth - North East,2012-10-01,5.1
504,Perth - North East,2012-11-01,4.7
504,Perth - North East,2012-12-01,5.6
504,Perth - North East,2013-01-01,5.3
504,Perth - North East,2013-02-01,5.9
504,Perth - North East,2013-03-01,7.0
504,Perth - North East,2013-04-01,7.1
504,Perth - North East,2013-05-01,6.6
504,Perth - North East,2013-06-01,6.0
504,Perth - North East,2013-07-01,5.6
504,Perth - North East,2013-08-01,5.6
504,Perth - North East,2013-09-01,6.1
504,Perth - North East,2013-10-01,4.9
504,Perth - North East,2013-11-01,4.8
504,Perth - North East,2013-12-01,5.2
504,Perth - North East,2014-01-01,6.8
504,Perth - North East,2014-02-01,8.0
504,Perth - North East,2014-03-01,7.3
504,Perth - North East,2014-04-01,6.8
504,Perth - North East,2014-05-01,6.8
504,Perth - North East,2014-06-01,6.6
504,Perth - North East,2014-07-01,6.5
504,Perth - North East,2014-08-01,6.5
504,Perth - North East,2014-09-01,6.6
504,Perth - North East,2014-10-01,6.7
504,Perth - North East,2014-11-01,6.3
504,Perth - North East,2014-12-01,7.8
504,Perth - North East,2015-01-01,8.9
504,Perth - North East,2015-02-01,8.9
504,Perth - North East,2015-03-01,8.4
504,Perth - North East,2015-04-01,8.1
504,Perth - North East,2015-05-01,6.9
504,Perth - North East,2015-06-01,7.5
504,Perth - North East,2015-07-01,8.5
504,Perth - North East,2015-08-01,7.9
504,Perth - North East,2015-09-01,7.9
504,Perth - North East,2015-10-01,8.3
504,Perth - North East,2015-11-01,7.6
504,Perth - North East,2015-12-01,8.0
504,Perth - North East,2016-01-01,8.9
504,Perth - North East,2016-02-01,9.0
504,Perth - North East,2016-03-01,7.8
504,Perth - North East,2016-04-01,8.4
504,Perth - North East,2016-05-01,7.5
504,Perth - North East,2016-06-01,7.3
504,Perth - North East,2016-07-01,8.7
504,Perth - North East,2016-08-01,8.6
504,Perth - North East,2016-09-01,8.1
504,Perth - North East,2016-10-01,9.2
504,Perth - North East,2016-11-01,8.0
504,Perth - North East,2016-12-01,8.9
504,Perth - North East,2017-01-01,9.6
504,Perth - North East,2017-02-01,9.5
504,Perth - North East,2017-03-01,9.5
504,Perth - North East,2017-04-01,8.8
504,Perth - North East,2017-05-01,7.5
504,Perth - North East,2017-06-01,7.2
504,Perth - North East,2017-07-01,7.1
504,Perth - North East,2017-08-01,7.7
504,Perth - North East,2017-09-01,8.0
504,Perth - North East,2017-10-01,8.0
504,Perth - North East,2017-11-01,8.2
504,Perth - North East,2017-12-01,7.6
504,Perth - North East,2018-01-01,8.5
504,Perth - North East,2018-02-01,9.5
504,Perth - North East,2018-03-01,10.1
504,Perth - North East,2018-04-01,9.0
504,Perth - North East,2018-05-01,8.6
504,Perth - North East,2018-06-01,8.5
504,Perth - North East,2018-07-01,8.2
504,Perth - North East,2018-08-01,8.7
504,Perth - North East,2018-09-01,8.4
504,Perth - North East,2018-10-01,8.6
504,Perth - North East,2018-11-01,8.6
504,Perth - North East,2018-12-01,8.4
504,Perth - North East,2019-01-01,10.5
504,Perth - North East,2019-02-01,9.6
504,Perth - North East,2019-03-01,10.0
504,Perth - North East,2019-04-01,9.1
504,Perth - North East,2019-05-01,8.9
504,Perth - North East,2019-06-01,7.1
504,Perth - North East,2019-07-01,8.9
504,Perth - North East,2019-08-01,8.0
504,Perth - North East,2019-09-01,8.4
504,Perth - North East,2019-10-01,8.1
504,Perth - North East,2019-11-01,8.1
504,Perth - North East,2019-12-01,7.6
504,Perth - North East,2020-01-01,9.2
504,Perth - North East,2020-02-01,8.5
504,Perth - North East,2020-03-01,9.0
504,Perth - North East,2020-04-01,8.8
504,Perth - North East,2020-05-01,11.1
504,Perth - North East,2020-06-01,12.0
504,Perth - North East,2020-07-01,11.6
504,Perth - North East,2020-08-01,10.6
504,Perth - North East,2020-09-01,10.3
504,Perth - North East,2020-10-01,9.3
504,Perth - North East,2020-11-01,9.6
504,Perth - North East,2020-12-01,9.2
504,Perth - North East,2021-01-01,9.7
504,Perth - North East,2021-02-01,10.7
504,Perth - North East,2021-03-01,8.0
504,Perth - North East,2021-04-01,7.8
504,Perth - North East,2021-05-01,7.2
504,Perth - North East,2021-06-01,6.9
504,Perth - North East,2021-07-01,7.4
504,Perth - North East,2021-08-01,6.9
504,Perth - North East,2021-09-01,6.7
504,Perth - North East,2021-10-01,5.8
504,Perth - North East,2021-11-01,6.1
504,Perth - North East,2021-12-01,5.2
504,Perth - North East,2022-01-01,6.5
504,Perth - North East,2022-02-01,6.4
504,Perth - North East,2022-03-01,5.3
504,Perth - North East,2022-04-01,5.2
504,Perth - North East,2022-05-01,5.3
504,Perth - North East,2022-06-01,4.7
504,Perth - North East,2022-07-01,5.6
504,Perth - North East,2022-08-01,5.3
504,Perth - North East,2022-09-01,5.3
504,Perth - North East,2022-10-01,5.9
504,Perth - North East,2022-11-01,5.2
504,Perth - North East,2022-12-01,5.4
504,Perth - North East,2023-01-01,6.5
504,Perth - North East,2023-02-01,6.9
504,Perth - North East,2023-03-01,5.8
504,Perth - North East,2023-04-01,5.9
504,Perth - North East,2023-05-01,5.6
504,Perth - North East,2023-06-01,5.6
504,Perth - North East,2023-07-01,5.6
504,Perth - North East,2023-08-01,6.3
504,Perth - North East,2023-09-01,5.4
504,Perth - North East,2023-10-01,6.0
504,Perth - North East,2023-11-01,6.2
504,Perth - North East,2023-12-01,6.4
504,Perth - North East,2024-01-01,7.8
504,Perth - North East,2024-02-01,6.8
504,Perth - North East,2024-03-01,6.3
504,Perth - North East,2024-04-01,6.5
504,Perth - North East,2024-05-01,6.0
504,Perth - North East,2024-06-01,6.2
504,Perth - North East,2024-07-01,6.3
504,Perth - North East,2024-08-01,7.0
504,Perth - North East,2024-09-01,6.2
504,Perth - North East,2024-10-01,7.0
504,Perth - North East,2024-11-01,5.5
504,Perth - North East,2024-12-01,5.7
504,Perth - North East,2025-01-01,7.5
504,Perth - North East,2025-02-01,6.6
504,Perth - North East,2025-03-01,6.9
504,Perth - North East,2025-04-01,7.7
504,Perth - North East,2025-05-01,6.7
504,Perth - North East,2025-06-01,6.7
504,Perth - North East,2025-07-01,7.7
504,Perth - North East,2025-08-01,7.0
504,Perth - North East,2025-09-01,8.0
504,Perth - North East,2025-10-01,7.3
504,Perth - North East,2025-11-01,8.0
504,Perth - North East,2025-12-01,6.0
504,Perth - North East,2026-01-01,6.9
504,Perth - North East,2026-02-01,8.2
504,Perth - North East,2026-03-01,8.2
505,Perth - North West,2012-01-01,12.2
505,Perth - North West,2012-02-01,14.1
505,Perth - North West,2012-03-01,14.3
505,Perth - North West,2012-04-01,11.4
505,Perth - North West,2012-05-01,13.3
505,Perth - North West,2012-06-01,10.1
505,Perth - North West,2012-07-01,9.7
505,Perth - North West,2012-08-01,11.0
505,Perth - North West,2012-09-01,12.6
505,Perth - North West,2012-10-01,13.4
505,Perth - North West,2012-11-01,11.2
505,Perth - North West,2012-12-01,11.3
505,Perth - North West,2013-01-01,12.3
505,Perth - North West,2013-02-01,16.6
505,Perth - North West,2013-03-01,15.0
505,Perth - North West,2013-04-01,15.6
505,Perth - North West,2013-05-01,15.9
505,Perth - North West,2013-06-01,13.2
505,Perth - North West,2013-07-01,12.0
505,Perth - North West,2013-08-01,13.1
505,Perth - North West,2013-09-01,12.2
505,Perth - North West,2013-10-01,9.1
505,Perth - North West,2013-11-01,10.8
505,Perth - North West,2013-12-01,11.7
505,Perth - North West,2014-01-01,15.6
505,Perth - North West,2014-02-01,20.0
505,Perth - North West,2014-03-01,16.3
505,Perth - North West,2014-04-01,14.6
505,Perth - North West,2014-05-01,15.4
505,Perth - North West,2014-06-01,14.9
505,Perth - North West,2014-07-01,14.1
505,Perth - North West,2014-08-01,14.2
505,Perth - North West,2014-09-01,14.7
505,Perth - North West,2014-10-01,15.4
505,Perth - North West,2014-11-01,14.4
505,Perth - North West,2014-12-01,16.9
505,Perth - North West,2015-01-01,16.5
505,Perth - North West,2015-02-01,21.5
505,Perth - North West,2015-03-01,17.4
505,Perth - North West,2015-04-01,17.9
505,Perth - North West,2015-05-01,15.9
505,Perth - North West,2015-06-01,18.3
505,Perth - North West,2015-07-01,20.8
505,Perth - North West,2015-08-01,17.9
505,Perth - North West,2015-09-01,17.9
505,Perth - North West,2015-10-01,19.4
505,Perth - North West,2015-11-01,16.3
505,Perth - North West,2015-12-01,19.2
505,Perth - North West,2016-01-01,18.8
505,Perth - North West,2016-02-01,20.7
505,Perth - North West,2016-03-01,17.5
505,Perth - North West,2016-04-01,17.1
505,Perth - North West,2016-05-01,19.2
505,Perth - North West,2016-06-01,17.1
505,Perth - North West,2016-07-01,19.2
505,Perth - North West,2016-08-01,19.4
505,Perth - North West,2016-09-01,18.0
505,Perth - North West,2016-10-01,19.6
505,Perth - North West,2016-11-01,19.8
505,Perth - North West,2016-12-01,21.1
505,Perth - North West,2017-01-01,22.9
505,Perth - North West,2017-02-01,22.4
505,Perth - North West,2017-03-01,22.8
505,Perth - North West,2017-04-01,19.2
505,Perth - North West,2017-05-01,17.5
505,Perth - North West,2017-06-01,17.9
505,Perth - North West,2017-07-01,18.1
505,Perth - North West,2017-08-01,18.8
505,Perth - North West,2017-09-01,19.3
505,Perth - North West,2017-10-01,19.1
505,Perth - North West,2017-11-01,19.8
505,Perth - North West,2017-12-01,18.0
505,Perth - North West,2018-01-01,19.3
505,Perth - North West,2018-02-01,22.1
505,Perth - North West,2018-03-01,25.7
505,Perth - North West,2018-04-01,21.5
505,Perth - North West,2018-05-01,20.4
505,Perth - North West,2018-06-01,18.1
505,Perth - North West,2018-07-01,20.1
505,Perth - North West,2018-08-01,21.0
505,Perth - North West,2018-09-01,19.0
505,Perth - North West,2018-10-01,18.4
505,Perth - North West,2018-11-01,20.4
505,Perth - North West,2018-12-01,21.3
505,Perth - North West,2019-01-01,26.4
505,Perth - North West,2019-02-01,19.7
505,Perth - North West,2019-03-01,21.0
505,Perth - North West,2019-04-01,19.5
505,Perth - North West,2019-05-01,18.9
505,Perth - North West,2019-06-01,19.2
505,Perth - North West,2019-07-01,19.0
505,Perth - North West,2019-08-01,18.0
505,Perth - North West,2019-09-01,17.9
505,Perth - North West,2019-10-01,18.7
505,Perth - North West,2019-11-01,16.7
505,Perth - North West,2019-12-01,16.8
505,Perth - North West,2020-01-01,20.6
505,Perth - North West,2020-02-01,17.7
505,Perth - North West,2020-03-01,19.1
505,Perth - North West,2020-04-01,21.2
505,Perth - North West,2020-05-01,25.2
505,Perth - North West,2020-06-01,27.9
505,Perth - North West,2020-07-01,29.1
505,Perth - North West,2020-08-01,23.7
505,Perth - North West,2020-09-01,23.3
505,Perth - North West,2020-10-01,22.8
505,Perth - North West,2020-11-01,22.6
505,Perth - North West,2020-12-01,21.5
505,Perth - North West,2021-01-01,24.8
505,Perth - North West,2021-02-01,21.9
505,Perth - North West,2021-03-01,17.9
505,Perth - North West,2021-04-01,17.3
505,Perth - North West,2021-05-01,15.5
505,Perth - North West,2021-06-01,16.5
505,Perth - North West,2021-07-01,15.4
505,Perth - North West,2021-08-01,15.8
505,Perth - North West,2021-09-01,12.8
505,Perth - North West,2021-10-01,13.4
505,Perth - North West,2021-11-01,12.4
505,Perth - North West,2021-12-01,10.9
505,Perth - North West,2022-01-01,14.5
505,Perth - North West,2022-02-01,14.1
505,Perth - North West,2022-03-01,12.5
505,Perth - North West,2022-04-01,9.5
505,Perth - North West,2022-05-01,9.6
505,Perth - North West,2022-06-01,11.6
505,Perth - North West,2022-07-01,10.4
505,Perth - North West,2022-08-01,10.9
505,Perth - North West,2022-09-01,11.5
505,Perth - North West,2022-10-01,12.2
505,Perth - North West,2022-11-01,11.5
505,Perth - North West,2022-12-01,10.5
505,Perth - North West,2023-01-01,13.4
505,Perth - North West,2023-02-01,14.6
505,Perth - North West,2023-03-01,11.7
505,Perth - North West,2023-04-01,13.7
505,Perth - North West,2023-05-01,12.0
505,Perth - North West,2023-06-01,12.0
505,Perth - North West,2023-07-01,11.5
505,Perth - North West,2023-08-01,12.6
505,Perth - North West,2023-09-01,12.2
505,Perth - North West,2023-10-01,13.4
505,Perth - North West,2023-11-01,12.0
505,Perth - North West,2023-12-01,14.7
505,Perth - North West,2024-01-01,16.9
505,Perth - North West,2024-02-01,13.0
505,Perth - North West,2024-03-01,13.3
505,Perth - North West,2024-04-01,14.2
505,Perth - North West,2024-05-01,12.6
505,Perth - North West,2024-06-01,13.8
505,Perth - North West,2024-07-01,12.8
505,Perth - North West,2024-08-01,15.5
505,Perth - North West,2024-09-01,13.1
505,Perth - North West,2024-10-01,14.2
505,Perth - North West,2024-11-01,9.9
505,Perth - North West,2024-12-01,10.9
505,Perth - North West,2025-01-01,15.1
505,Perth - North West,2025-02-01,13.4
505,Perth - North West,2025-03-01,13.2
505,Perth - North West,2025-04-01,15.2
505,Perth - North West,2025-05-01,14.0
505,Perth - North West,2025-06-01,15.5
505,Perth - North West,2025-07-01,15.2
505,Perth - North West,2025-08-01,15.0
505,Perth - North West,2025-09-01,15.3
505,Perth - North West,2025-10-01,15.3
505,Perth - North West,2025-11-01,15.1
505,Perth - North West,2025-12-01,14.8
505,Perth - North West,2026-01-01,13.1
505,Perth - North West,2026-02-01,16.6
505,Perth - North West,2026-03-01,16.7
506,Perth - South East,2012-01-01,13.5
506,Perth - South East,2012-02-01,11.1
506,Perth - South East,2012-03-01,12.5
506,Perth - South East,2012-04-01,10.4
506,Perth - South East,2012-05-01,10.3
506,Perth - South East,2012-06-01,10.0
506,Perth - South East,2012-07-01,9.8
506,Perth - South East,2012-08-01,10.4
506,Perth - South East,2012-09-01,12.1
506,Perth - South East,2012-10-01,13.0
506,Perth - South East,2012-11-01,10.8
506,Perth - South East,2012-12-01,11.4
506,Perth - South East,2013-01-01,12.1
506,Perth - South East,2013-02-01,14.5
506,Perth - South East,2013-03-01,14.7
506,Perth - South East,2013-04-01,15.9
506,Perth - South East,2013-05-01,13.9
506,Perth - South East,2013-06-01,12.2
506,Perth - South East,2013-07-01,12.3
506,Perth - South East,2013-08-01,13.6
506,Perth - South East,2013-09-01,13.4
506,Perth - South East,2013-10-01,11.1
506,Perth - South East,2013-11-01,8.4
506,Perth - South East,2013-12-01,11.9
506,Perth - South East,2014-01-01,14.9
506,Perth - South East,2014-02-01,20.9
506,Perth - South East,2014-03-01,15.2
506,Perth - South East,2014-04-01,14.9
506,Perth - South East,2014-05-01,14.3
506,Perth - South East,2014-06-01,15.2
506,Perth - South East,2014-07-01,15.8
506,Perth - South East,2014-08-01,14.1
506,Perth - South East,2014-09-01,15.3
506,Perth - South East,2014-10-01,15.3
506,Perth - South East,2014-11-01,12.4
506,Perth - South East,2014-12-01,16.9
506,Perth - South East,2015-01-01,18.3
506,Perth - South East,2015-02-01,19.9
506,Perth - South East,2015-03-01,19.1
506,Perth - South East,2015-04-01,18.4
506,Perth - South East,2015-05-01,15.5
506,Perth - South East,2015-06-01,17.9
506,Perth - South East,2015-07-01,18.8
506,Perth - South East,2015-08-01,18.5
506,Perth - South East,2015-09-01,18.9
506,Perth - South East,2015-10-01,17.4
506,Perth - South East,2015-11-01,16.9
506,Perth - South East,2015-12-01,18.9
506,Perth - South East,2016-01-01,18.2
506,Perth - South East,2016-02-01,19.8
506,Perth - South East,2016-03-01,18.8
506,Perth - South East,2016-04-01,17.8
506,Perth - South East,2016-05-01,18.2
506,Perth - South East,2016-06-01,17.1
506,Perth - South East,2016-07-01,19.9
506,Perth - South East,2016-08-01,18.9
506,Perth - South East,2016-09-01,19.2
506,Perth - South East,2016-10-01,17.5
506,Perth - South East,2016-11-01,18.3
506,Perth - South East,2016-12-01,21.0
506,Perth - South East,2017-01-01,20.7
506,Perth - South East,2017-02-01,20.4
506,Perth - South East,2017-03-01,21.3
506,Perth - South East,2017-04-01,18.5
506,Perth - South East,2017-05-01,16.4
506,Perth - South East,2017-06-01,17.2
506,Perth - South East,2017-07-01,16.3
506,Perth - South East,2017-08-01,17.9
506,Perth - South East,2017-09-01,16.8
506,Perth - South East,2017-10-01,17.6
506,Perth - South East,2017-11-01,19.5
506,Perth - South East,2017-12-01,18.0
506,Perth - South East,2018-01-01,18.3
506,Perth - South East,2018-02-01,19.6
506,Perth - South East,2018-03-01,23.9
506,Perth - South East,2018-04-01,20.0
506,Perth - South East,2018-05-01,18.1
506,Perth - South East,2018-06-01,17.2
506,Perth - South East,2018-07-01,18.5
506,Perth - South East,2018-08-01,20.0
506,Perth - South East,2018-09-01,19.0
506,Perth - South East,2018-10-01,16.5
506,Perth - South East,2018-11-01,19.3
506,Perth - South East,2018-12-01,20.6
506,Perth - South East,2019-01-01,22.0
506,Perth - South East,2019-02-01,20.5
506,Perth - South East,2019-03-01,20.4
506,Perth - South East,2019-04-01,20.0
506,Perth - South East,2019-05-01,20.3
506,Perth - South East,2019-06-01,16.8
506,Perth - South East,2019-07-01,18.2
506,Perth - South East,2019-08-01,19.2
506,Perth - South East,2019-09-01,18.7
506,Perth - South East,2019-10-01,16.2
506,Perth - South East,2019-11-01,17.4
506,Perth - South East,2019-12-01,16.6
506,Perth - South East,2020-01-01,20.5
506,Perth - South East,2020-02-01,17.3
506,Perth - South East,2020-03-01,19.5
506,Perth - South East,2020-04-01,18.9
506,Perth - South East,2020-05-01,25.9
506,Perth - South East,2020-06-01,26.4
506,Perth - South East,2020-07-01,26.2
506,Perth - South East,2020-08-01,22.9
506,Perth - South East,2020-09-01,22.3
506,Perth - South East,2020-10-01,22.7
506,Perth - South East,2020-11-01,20.2
506,Perth - South East,2020-12-01,22.4
506,Perth - South East,2021-01-01,23.7
506,Perth - South East,2021-02-01,21.7
506,Perth - South East,2021-03-01,18.1
506,Perth - South East,2021-04-01,16.8
506,Perth - South East,2021-05-01,15.3
506,Perth - South East,2021-06-01,17.4
506,Perth - South East,2021-07-01,15.4
506,Perth - South East,2021-08-01,15.8
506,Perth - South East,2021-09-01,13.7
506,Perth - South East,2021-10-01,12.8
506,Perth - South East,2021-11-01,12.3
506,Perth - South East,2021-12-01,11.5
506,Perth - South East,2022-01-01,14.1
506,Perth - South East,2022-02-01,14.2
506,Perth - South East,2022-03-01,12.6
506,Perth - South East,2022-04-01,10.5
506,Perth - South East,2022-05-01,10.8
506,Perth - South East,2022-06-01,11.2
506,Perth - South East,2022-07-01,10.8
506,Perth - South East,2022-08-01,11.1
506,Perth - South East,2022-09-01,12.3
506,Perth - South East,2022-10-01,12.3
506,Perth - South East,2022-11-01,12.1
506,Perth - South East,2022-12-01,13.0
506,Perth - South East,2023-01-01,13.2
506,Perth - South East,2023-02-01,15.5
506,Perth - South East,2023-03-01,13.4
506,Perth - South East,2023-04-01,12.3
506,Perth - South East,2023-05-01,13.6
506,Perth - South East,2023-06-01,12.3
506,Perth - South East,2023-07-01,12.2
506,Perth - South East,2023-08-01,15.1
506,Perth - South East,2023-09-01,11.6
506,Perth - South East,2023-10-01,14.4
506,Perth - South East,2023-11-01,13.7
506,Perth - South East,2023-12-01,14.3
506,Perth - South East,2024-01-01,18.4
506,Perth - South East,2024-02-01,14.4
506,Perth - South East,2024-03-01,12.3
506,Perth - South East,2024-04-01,16.1
506,Perth - South East,2024-05-01,12.7
506,Perth - South East,2024-06-01,14.1
506,Perth - South East,2024-07-01,13.5
506,Perth - South East,2024-08-01,15.1
506,Perth - South East,2024-09-01,13.2
506,Perth - South East,2024-10-01,15.4
506,Perth - South East,2024-11-01,11.2
506,Perth - South East,2024-12-01,11.5
506,Perth - South East,2025-01-01,15.6
506,Perth - South East,2025-02-01,13.4
506,Perth - South East,2025-03-01,14.7
506,Perth - South East,2025-04-01,17.5
506,Perth - South East,2025-05-01,15.2
506,Perth - South East,2025-06-01,15.9
506,Perth - South East,2025-07-01,15.8
506,Perth - South East,2025-08-01,14.3
506,Perth - South East,2025-09-01,16.7
506,Perth - South East,2025-10-01,15.9
506,Perth - South East,2025-11-01,17.2
506,Perth - South East,2025-12-01,14.8
506,Perth - South East,2026-01-01,13.3
506,Perth - South East,2026-02-01,16.9
506,Perth - South East,2026-03-01,16.4
507,Perth - South West,2012-01-01,11.0
507,Perth - South West,2012-02-01,10.0
507,Perth - South West,2012-03-01,10.3
507,Perth - South West,2012-04-01,9.0
507,Perth - South West,2012-05-01,9.3
507,Perth - South West,2012-06-01,8.2
507,Perth - South West,2012-07-01,8.0
507,Perth - South West,2012-08-01,8.7
507,Perth - South West,2012-09-01,10.0
507,Perth - South West,2012-10-01,10.8
507,Perth - South West,2012-11-01,8.6
507,Perth - South West,2012-12-01,9.5
507,Perth - South West,2013-01-01,10.3
507,Perth - South West,2013-02-01,12.0
507,Perth - South West,2013-03-01,12.7
507,Perth - South West,2013-04-01,13.9
507,Perth - South West,2013-05-01,11.2
507,Perth - South West,2013-06-01,10.8
507,Perth - South West,2013-07-01,9.5
507,Perth - South West,2013-08-01,10.8
507,Perth - South West,2013-09-01,10.6
507,Perth - South West,2013-10-01,9.5
507,Perth - South West,2013-11-01,8.1
507,Perth - South West,2013-12-01,10.0
507,Perth - South West,2014-01-01,13.3
507,Perth - South West,2014-02-01,15.6
507,Perth - South West,2014-03-01,13.1
507,Perth - South West,2014-04-01,12.1
507,Perth - South West,2014-05-01,13.1
507,Perth - South West,2014-06-01,11.8
507,Perth - South West,2014-07-01,11.3
507,Perth - South West,2014-08-01,11.5
507,Perth - South West,2014-09-01,12.7
507,Perth - South West,2014-10-01,11.4
507,Perth - South West,2014-11-01,10.8
507,Perth - South West,2014-12-01,13.8
507,Perth - South West,2015-01-01,14.6
507,Perth - South West,2015-02-01,14.6
507,Perth - South West,2015-03-01,15.1
507,Perth - South West,2015-04-01,14.6
507,Perth - South West,2015-05-01,11.3
507,Perth - South West,2015-06-01,14.0
507,Perth - South West,2015-07-01,16.3
507,Perth - South West,2015-08-01,14.6
507,Perth - South West,2015-09-01,13.9
507,Perth - South West,2015-10-01,15.3
507,Perth - South West,2015-11-01,14.4
507,Perth - South West,2015-12-01,14.7
507,Perth - South West,2016-01-01,14.9
507,Perth - South West,2016-02-01,17.5
507,Perth - South West,2016-03-01,14.4
507,Perth - South West,2016-04-01,14.0
507,Perth - South West,2016-05-01,13.9
507,Perth - South West,2016-06-01,13.6
507,Perth - South West,2016-07-01,16.8
507,Perth - South West,2016-08-01,15.3
507,Perth - South West,2016-09-01,13.8
507,Perth - South West,2016-10-01,15.0
507,Perth - South West,2016-11-01,15.7
507,Perth - South West,2016-12-01,16.5
507,Perth - South West,2017-01-01,17.4
507,Perth - South West,2017-02-01,17.4
507,Perth - South West,2017-03-01,18.3
507,Perth - South West,2017-04-01,15.2
507,Perth - South West,2017-05-01,13.6
507,Perth - South West,2017-06-01,13.5
507,Perth - South West,2017-07-01,13.2
507,Perth - South West,2017-08-01,14.7
507,Perth - South West,2017-09-01,14.6
507,Perth - South West,2017-10-01,15.1
507,Perth - South West,2017-11-01,15.5
507,Perth - South West,2017-12-01,14.9
507,Perth - South West,2018-01-01,14.0
507,Perth - South West,2018-02-01,18.3
507,Perth - South West,2018-03-01,19.9
507,Perth - South West,2018-04-01,17.0
507,Perth - South West,2018-05-01,15.9
507,Perth - South West,2018-06-01,14.9
507,Perth - South West,2018-07-01,14.6
507,Perth - South West,2018-08-01,16.8
507,Perth - South West,2018-09-01,16.0
507,Perth - South West,2018-10-01,13.2
507,Perth - South West,2018-11-01,16.7
507,Perth - South West,2018-12-01,16.6
507,Perth - South West,2019-01-01,19.6
507,Perth - South West,2019-02-01,17.0
507,Perth - South West,2019-03-01,18.1
507,Perth - South West,2019-04-01,16.6
507,Perth - South West,2019-05-01,15.9
507,Perth - South West,2019-06-01,14.0
507,Perth - South West,2019-07-01,15.6
507,Perth - South West,2019-08-01,15.0
507,Perth - South West,2019-09-01,15.8
507,Perth - South West,2019-10-01,14.1
507,Perth - South West,2019-11-01,14.5
507,Perth - South West,2019-12-01,13.8
507,Perth - South West,2020-01-01,16.7
507,Perth - South West,2020-02-01,15.3
507,Perth - South West,2020-03-01,15.9
507,Perth - South West,2020-04-01,15.6
507,Perth - South West,2020-05-01,20.0
507,Perth - South West,2020-06-01,21.3
507,Perth - South West,2020-07-01,22.5
507,Perth - South West,2020-08-01,18.3
507,Perth - South West,2020-09-01,18.1
507,Perth - South West,2020-10-01,17.9
507,Perth - South West,2020-11-01,17.3
507,Perth - South West,2020-12-01,16.3
507,Perth - South West,2021-01-01,18.7
507,Perth - South West,2021-02-01,17.4
507,Perth - South West,2021-03-01,14.2
507,Perth - South West,2021-04-01,13.0
507,Perth - South West,2021-05-01,12.9
507,Perth - South West,2021-06-01,13.0
507,Perth - South West,2021-07-01,12.2
507,Perth - South West,2021-08-01,12.8
507,Perth - South West,2021-09-01,12.0
507,Perth - South West,2021-10-01,10.7
507,Perth - South West,2021-11-01,10.4
507,Perth - South West,2021-12-01,8.9
507,Perth - South West,2022-01-01,11.4
507,Perth - South West,2022-02-01,12.6
507,Perth - South West,2022-03-01,9.7
507,Perth - South West,2022-04-01,8.2
507,Perth - South West,2022-05-01,8.8
507,Perth - South West,2022-06-01,9.4
507,Perth - South West,2022-07-01,9.6
507,Perth - South West,2022-08-01,9.3
507,Perth - South West,2022-09-01,9.9
507,Perth - South West,2022-10-01,9.1
507,Perth - South West,2022-11-01,9.9
507,Perth - South West,2022-12-01,10.1
507,Perth - South West,2023-01-01,11.3
507,Perth - South West,2023-02-01,11.9
507,Perth - South West,2023-03-01,10.2
507,Perth - South West,2023-04-01,10.8
507,Perth - South West,2023-05-01,9.0
507,Perth - South West,2023-06-01,10.9
507,Perth - South West,2023-07-01,8.9
507,Perth - South West,2023-08-01,11.0
507,Perth - South West,2023-09-01,9.3
507,Perth - South West,2023-10-01,10.6
507,Perth - South West,2023-11-01,10.0
507,Perth - South West,2023-12-01,12.2
507,Perth - South West,2024-01-01,15.0
507,Perth - South West,2024-02-01,10.8
507,Perth - South West,2024-03-01,10.5
507,Perth - South West,2024-04-01,11.8
507,Perth - South West,2024-05-01,11.1
507,Perth - South West,2024-06-01,11.0
507,Perth - South West,2024-07-01,10.2
507,Perth - South West,2024-08-01,13.1
507,Perth - South West,2024-09-01,11.0
507,Perth - South West,2024-10-01,12.2
507,Perth - South West,2024-11-01,10.2
507,Perth - South West,2024-12-01,10.2
507,Perth - South West,2025-01-01,12.1
507,Perth - South West,2025-02-01,11.6
507,Perth - South West,2025-03-01,12.1
507,Perth - South West,2025-04-01,12.9
507,Perth - South West,2025-05-01,12.3
507,Perth - South West,2025-06-01,13.0
507,Perth - South West,2025-07-01,12.4
507,Perth - South West,2025-08-01,12.9
507,Perth - South West,2025-09-01,13.9
507,Perth - South West,2025-10-01,12.7
507,Perth - South West,2025-11-01,14.2
507,Perth - South West,2025-12-01,11.3
507,Perth - South West,2026-01-01,12.5
507,Perth - South West,2026-02-01,14.2
507,Perth - South West,2026-03-01,14.1
508,Western Australia - Outback (North and South),2012-01-01,5.8
508,Western Australia - Outback (North and South),2012-02-01,5.3
508,Western Australia - Outback (North and South),2012-03-01,5.7
508,Western Australia - Outback (North and South),2012-04-01,5.9
508,Western Australia - Outback (North and South),2012-05-01,4.8
508,Western Australia - Outback (North and South),2012-06-01,4.9
508,Western Australia - Outback (North and South),2012-07-01,5.5
508,Western Australia - Outback (North and South),2012-08-01,5.8
508,Western Australia - Outback (North and South),2012-09-01,6.2
508,Western Australia - Outback (North and South),2012-10-01,6.4
508,Western Australia - Outback (North and South),2012-11-01,5.9
508,Western Australia - Outback (North and South),2012-12-01,6.4
508,Western Australia - Outback (North and South),2013-01-01,6.7
508,Western Australia - Outback (North and South),2013-02-01,7.9
508,Western Australia - Outback (North and South),2013-03-01,8.9
508,Western Australia - Outback (North and South),2013-04-01,8.2
508,Western Australia - Outback (North and South),2013-05-01,7.7
508,Western Australia - Outback (North and South),2013-06-01,7.8
508,Western Australia - Outback (North and South),2013-07-01,7.4
508,Western Australia - Outback (North and South),2013-08-01,8.3
508,Western Australia - Outback (North and South),2013-09-01,8.9
508,Western Australia - Outback (North and South),2013-10-01,7.5
508,Western Australia - Outback (North and South),2013-11-01,6.8
508,Western Australia - Outback (North and South),2013-12-01,7.2
508,Western Australia - Outback (North and South),2014-01-01,9.0
508,Western Australia - Outback (North and South),2014-02-01,9.5
508,Western Australia - Outback (North and South),2014-03-01,7.9
508,Western Australia - Outback (North and South),2014-04-01,7.4
508,Western Australia - Outback (North and South),2014-05-01,7.1
508,Western Australia - Outback (North and South),2014-06-01,6.5
508,Western Australia - Outback (North and South),2014-07-01,6.6
508,Western Australia - Outback (North and South),2014-08-01,6.7
508,Western Australia - Outback (North and South),2014-09-01,6.5
508,Western Australia - Outback (North and South),2014-10-01,6.1
508,Western Australia - Outback (North and South),2014-11-01,6.3
508,Western Australia - Outback (North and South),2014-12-01,7.3
508,Western Australia - Outback (North and South),2015-01-01,7.7
508,Western Australia - Outback (North and South),2015-02-01,8.5
508,Western Australia - Outback (North and South),2015-03-01,8.4
508,Western Australia - Outback (North and South),2015-04-01,7.7
508,Western Australia - Outback (North and South),2015-05-01,7.0
508,Western Australia - Outback (North and South),2015-06-01,7.6
508,Western Australia - Outback (North and South),2015-07-01,8.9
508,Western Australia - Outback (North and South),2015-08-01,8.0
508,Western Australia - Outback (North and South),2015-09-01,8.4
508,Western Australia - Outback (North and South),2015-10-01,8.4
508,Western Australia - Outback (North and South),2015-11-01,7.5
508,Western Australia - Outback (North and South),2015-12-01,8.4
508,Western Australia - Outback (North and South),2016-01-01,8.3
508,Western Australia - Outback (North and South),2016-02-01,9.0
508,Western Australia - Outback (North and South),2016-03-01,7.7
508,Western Australia - Outback (North and South),2016-04-01,7.5
508,Western Australia - Outback (North and South),2016-05-01,7.5
508,Western Australia - Outback (North and South),2016-06-01,7.1
508,Western Australia - Outback (North and South),2016-07-01,7.6
508,Western Australia - Outback (North and South),2016-08-01,7.1
508,Western Australia - Outback (North and South),2016-09-01,7.1
508,Western Australia - Outback (North and South),2016-10-01,7.2
508,Western Australia - Outback (North and South),2016-11-01,6.4
508,Western Australia - Outback (North and South),2016-12-01,6.9
508,Western Australia - Outback (North and South),2017-01-01,7.1
508,Western Australia - Outback (North and South),2017-02-01,7.0
508,Western Australia - Outback (North and South),2017-03-01,7.0
508,Western Australia - Outback (North and South),2017-04-01,6.1
508,Western Australia - Outback (North and South),2017-05-01,5.5
508,Western Australia - Outback (North and South),2017-06-01,5.7
508,Western Australia - Outback (North and South),2017-07-01,5.7
508,Western Australia - Outback (North and South),2017-08-01,6.4
508,Western Australia - Outback (North and South),2017-09-01,6.1
508,Western Australia - Outback (North and South),2017-10-01,6.4
508,Western Australia - Outback (North and South),2017-11-01,6.6
508,Western Australia - Outback (North and South),2017-12-01,6.6
508,Western Australia - Outback (North and South),2018-01-01,7.1
508,Western Australia - Outback (North and South),2018-02-01,7.7
508,Western Australia - Outback (North and South),2018-03-01,8.1
508,Western Australia - Outback (North and South),2018-04-01,7.4
508,Western Australia - Outback (North and South),2018-05-01,6.9
508,Western Australia - Outback (North and South),2018-06-01,6.5
508,Western Australia - Outback (North and South),2018-07-01,6.6
508,Western Australia - Outback (North and South),2018-08-01,7.3
508,Western Australia - Outback (North and South),2018-09-01,6.9
508,Western Australia - Outback (North and South),2018-10-01,6.5
508,Western Australia - Outback (North and South),2018-11-01,7.0
508,Western Australia - Outback (North and South),2018-12-01,7.0
508,Western Australia - Outback (North and South),2019-01-01,7.9
508,Western Australia - Outback (North and South),2019-02-01,7.3
508,Western Australia - Outback (North and South),2019-03-01,7.1
508,Western Australia - Outback (North and South),2019-04-01,6.7
508,Western Australia - Outback (North and South),2019-05-01,6.8
508,Western Australia - Outback (North and South),2019-06-01,6.0
508,Western Australia - Outback (North and South),2019-07-01,6.3
508,Western Australia - Outback (North and South),2019-08-01,6.7
508,Western Australia - Outback (North and South),2019-09-01,6.6
508,Western Australia - Outback (North and South),2019-10-01,6.6
508,Western Australia - Outback (North and South),2019-11-01,6.9
508,Western Australia - Outback (North and South),2019-12-01,6.6
508,Western Australia - Outback (North and South),2020-01-01,7.4
508,Western Australia - Outback (North and South),2020-02-01,7.1
508,Western Australia - Outback (North and South),2020-03-01,7.1
508,Western Australia - Outback (North and South),2020-04-01,6.3
508,Western Australia - Outback (North and South),2020-05-01,6.7
508,Western Australia - Outback (North and South),2020-06-01,7.1
508,Western Australia - Outback (North and South),2020-07-01,6.8
508,Western Australia - Outback (North and South),2020-08-01,6.4
508,Western Australia - Outback (North and South),2020-09-01,6.2
508,Western Australia - Outback (North and South),2020-10-01,6.2
508,Western Australia - Outback (North and South),2020-11-01,5.9
508,Western Australia - Outback (North and South),2020-12-01,6.0
508,Western Australia - Outback (North and South),2021-01-01,6.6
508,Western Australia - Outback (North and South),2021-02-01,6.6
508,Western Australia - Outback (North and South),2021-03-01,5.9
508,Western Australia - Outback (North and South),2021-04-01,5.9
508,Western Australia - Outback (North and South),2021-05-01,5.8
508,Western Australia - Outback (North and South),2021-06-01,5.9
508,Western Australia - Outback (North and South),2021-07-01,5.5
508,Western Australia - Outback (North and South),2021-08-01,5.5
508,Western Australia - Outback (North and South),2021-09-01,5.5
508,Western Australia - Outback (North and South),2021-10-01,4.9
508,Western Australia - Outback (North and South),2021-11-01,5.1
508,Western Australia - Outback (North and South),2021-12-01,5.0
508,Western Australia - Outback (North and South),2022-01-01,5.6
508,Western Australia - Outback (North and South),2022-02-01,6.0
508,Western Australia - Outback (North and South),2022-03-01,5.2
508,Western Australia - Outback (North and South),2022-04-01,4.6
508,Western Australia - Outback (North and South),2022-05-01,4.7
508,Western Australia - Outback (North and South),2022-06-01,5.0
508,Western Australia - Outback (North and South),2022-07-01,4.8
508,Western Australia - Outback (North and South),2022-08-01,4.9
508,Western Australia - Outback (North and South),2022-09-01,4.9
508,Western Australia - Outback (North and South),2022-10-01,5.4
508,Western Australia - Outback (North and South),2022-11-01,5.2
508,Western Australia - Outback (North and South),2022-12-01,5.3
508,Western Australia - Outback (North and South),2023-01-01,6.0
508,Western Australia - Outback (North and South),2023-02-01,6.3
508,Western Australia - Outback (North and South),2023-03-01,5.6
508,Western Australia - Outback (North and South),2023-04-01,5.5
508,Western Australia - Outback (North and South),2023-05-01,5.4
508,Western Australia - Outback (North and South),2023-06-01,5.5
508,Western Australia - Outback (North and South),2023-07-01,5.0
508,Western Australia - Outback (North and South),2023-08-01,5.9
508,Western Australia - Outback (North and South),2023-09-01,5.2
508,Western Australia - Outback (North and South),2023-10-01,5.6
508,Western Australia - Outback (North and South),2023-11-01,5.6
508,Western Australia - Outback (North and South),2023-12-01,5.8
508,Western Australia - Outback (North and South),2024-01-01,6.6
508,Western Australia - Outback (North and South),2024-02-01,6.2
508,Western Australia - Outback (North and South),2024-03-01,5.4
508,Western Australia - Outback (North and South),2024-04-01,5.4
508,Western Australia - Outback (North and South),2024-05-01,5.2
508,Western Australia - Outback (North and South),2024-06-01,5.3
508,Western Australia - Outback (North and South),2024-07-01,5.0
508,Western Australia - Outback (North and South),2024-08-01,5.7
508,Western Australia - Outback (North and South),2024-09-01,5.3
508,Western Australia - Outback (North and South),2024-10-01,5.5
508,Western Australia - Outback (North and South),2024-11-01,4.6
508,Western Australia - Outback (North and South),2024-12-01,4.9
508,Western Australia - Outback (North and South),2025-01-01,5.9
508,Western Australia - Outback (North and South),2025-02-01,5.5
508,Western Australia - Outback (North and South),2025-03-01,5.6
508,Western Australia - Outback (North and South),2025-04-01,5.9
508,Western Australia - Outback (North and South),2025-05-01,5.5
508,Western Australia - Outback (North and South),2025-06-01,5.6
508,Western Australia - Outback (North and South),2025-07-01,5.7
508,Western Australia - Outback (North and South),2025-08-01,5.8
508,Western Australia - Outback (North and South),2025-09-01,6.1
508,Western Australia - Outback (North and South),2025-10-01,6.1
508,Western Australia - Outback (North and South),2025-11-01,6.3
508,Western Australia - Outback (North and South),2025-12-01,5.7
508,Western Australia - Outback (North and South),2026-01-01,5.8
508,Western Australia - Outback (North and South),2026-02-01,6.5
508,Western Australia - Outback (North and South),2026-03-01,6.6
509,Western Australia - Wheat Belt,2012-01-01,2.0
509,Western Australia - Wheat Belt,2012-02-01,2.0
509,Western Australia - Wheat Belt,2012-03-01,2.0
509,Western Australia - Wheat Belt,2012-04-01,1.9
509,Western Australia - Wheat Belt,2012-05-01,1.8
509,Western Australia - Wheat Belt,2012-06-01,1.9
509,Western Australia - Wheat Belt,2012-07-01,1.8
509,Western Australia - Wheat Belt,2012-08-01,2.1
509,Western Australia - Wheat Belt,2012-09-01,2.1
509,Western Australia - Wheat Belt,2012-10-01,2.2
509,Western Australia - Wheat Belt,2012-11-01,2.0
509,Western Australia - Wheat Belt,2012-12-01,2.1
509,Western Australia - Wheat Belt,2013-01-01,2.4
509,Western Australia - Wheat Belt,2013-02-01,2.8
509,Western Australia - Wheat Belt,2013-03-01,2.9
509,Western Australia - Wheat Belt,2013-04-01,2.7
509,Western Australia - Wheat Belt,2013-05-01,2.5
509,Western Australia - Wheat Belt,2013-06-01,2.5
509,Western Australia - Wheat Belt,2013-07-01,2.7
509,Western Australia - Wheat Belt,2013-08-01,3.0
509,Western Australia - Wheat Belt,2013-09-01,3.1
509,Western Australia - Wheat Belt,2013-10-01,2.7
509,Western Australia - Wheat Belt,2013-11-01,2.3
509,Western Australia - Wheat Belt,2013-12-01,2.6
509,Western Australia - Wheat Belt,2014-01-01,3.1
509,Western Australia - Wheat Belt,2014-02-01,3.5
509,Western Australia - Wheat Belt,2014-03-01,2.6
509,Western Australia - Wheat Belt,2014-04-01,2.6
509,Western Australia - Wheat Belt,2014-05-01,2.5
509,Western Australia - Wheat Belt,2014-06-01,2.5
509,Western Australia - Wheat Belt,2014-07-01,2.5
509,Western Australia - Wheat Belt,2014-08-01,2.3
509,Western Australia - Wheat Belt,2014-09-01,2.4
509,Western Australia - Wheat Belt,2014-10-01,2.3
509,Western Australia - Wheat Belt,2014-11-01,2.3
509,Western Australia - Wheat Belt,2014-12-01,2.8
509,Western Australia - Wheat Belt,2015-01-01,2.9
509,Western Australia - Wheat Belt,2015-02-01,3.2
509,Western Australia - Wheat Belt,2015-03-01,3.1
509,Western Australia - Wheat Belt,2015-04-01,3.1
509,Western Australia - Wheat Belt,2015-05-01,2.7
509,Western Australia - Wheat Belt,2015-06-01,3.0
509,Western Australia - Wheat Belt,2015-07-01,3.2
509,Western Australia - Wheat Belt,2015-08-01,3.1
509,Western Australia - Wheat Belt,2015-09-01,2.8
509,Western Australia - Wheat Belt,2015-10-01,2.8
509,Western Australia - Wheat Belt,2015-11-01,2.6
509,Western Australia - Wheat Belt,2015-12-01,2.9
509,Western Australia - Wheat Belt,2016-01-01,3.1
509,Western Australia - Wheat Belt,2016-02-01,3.4
509,Western Australia - Wheat Belt,2016-03-01,2.9
509,Western Australia - Wheat Belt,2016-04-01,2.7
509,Western Australia - Wheat Belt,2016-05-01,3.0
509,Western Australia - Wheat Belt,2016-06-01,2.7
509,Western Australia - Wheat Belt,2016-07-01,2.9
509,Western Australia - Wheat Belt,2016-08-01,2.8
509,Western Australia - Wheat Belt,2016-09-01,2.7
509,Western Australia - Wheat Belt,2016-10-01,2.6
509,Western Australia - Wheat Belt,2016-11-01,2.5
509,Western Australia - Wheat Belt,2016-12-01,2.6
509,Western Australia - Wheat Belt,2017-01-01,2.9
509,Western Australia - Wheat Belt,2017-02-01,2.9
509,Western Australia - Wheat Belt,2017-03-01,2.9
509,Western Australia - Wheat Belt,2017-04-01,2.6
509,Western Australia - Wheat Belt,2017-05-01,2.4
509,Western Australia - Wheat Belt,2017-06-01,2.5
509,Western Australia - Wheat Belt,2017-07-01,2.6
509,Western Australia - Wheat Belt,2017-08-01,2.7
509,Western Australia - Wheat Belt,2017-09-01,2.5
509,Western Australia - Wheat Belt,2017-10-01,2.8
509,Western Australia - Wheat Belt,2017-11-01,3.0
509,Western Australia - Wheat Belt,2017-12-01,2.7
509,Western Australia - Wheat Belt,2018-01-01,3.1
509,Western Australia - Wheat Belt,2018-02-01,3.3
509,Western Australia - Wheat Belt,2018-03-01,3.1
509,Western Australia - Wheat Belt,2018-04-01,3.3
509,Western Australia - Wheat Belt,2018-05-01,3.1
509,Western Australia - Wheat Belt,2018-06-01,3.0
509,Western Australia - Wheat Belt,2018-07-01,2.6
509,Western Australia - Wheat Belt,2018-08-01,3.3
509,Western Australia - Wheat Belt,2018-09-01,3.0
509,Western Australia - Wheat Belt,2018-10-01,2.8
509,Western Australia - Wheat Belt,2018-11-01,2.9
509,Western Australia - Wheat Belt,2018-12-01,2.8
509,Western Australia - Wheat Belt,2019-01-01,3.4
509,Western Australia - Wheat Belt,2019-02-01,3.0
509,Western Australia - Wheat Belt,2019-03-01,3.0
509,Western Australia - Wheat Belt,2019-04-01,2.8
509,Western Australia - Wheat Belt,2019-05-01,2.7
509,Western Australia - Wheat Belt,2019-06-01,2.5
509,Western Australia - Wheat Belt,2019-07-01,2.7
509,Western Australia - Wheat Belt,2019-08-01,2.8
509,Western Australia - Wheat Belt,2019-09-01,2.9
509,Western Australia - Wheat Belt,2019-10-01,2.3
509,Western Australia - Wheat Belt,2019-11-01,2.9
509,Western Australia - Wheat Belt,2019-12-01,2.7
509,Western Australia - Wheat Belt,2020-01-01,3.1
509,Western Australia - Wheat Belt,2020-02-01,2.9
509,Western Australia - Wheat Belt,2020-03-01,3.0
509,Western Australia - Wheat Belt,2020-04-01,2.7
509,Western Australia - Wheat Belt,2020-05-01,3.0
509,Western Australia - Wheat Belt,2020-06-01,3.1
509,Western Australia - Wheat Belt,2020-07-01,3.0
509,Western Australia - Wheat Belt,2020-08-01,2.8
509,Western Australia - Wheat Belt,2020-09-01,2.7
509,Western Australia - Wheat Belt,2020-10-01,2.6
509,Western Australia - Wheat Belt,2020-11-01,2.5
509,Western Australia - Wheat Belt,2020-12-01,2.5
509,Western Australia - Wheat Belt,2021-01-01,2.9
509,Western Australia - Wheat Belt,2021-02-01,2.9
509,Western Australia - Wheat Belt,2021-03-01,2.5
509,Western Australia - Wheat Belt,2021-04-01,2.6
509,Western Australia - Wheat Belt,2021-05-01,2.3
509,Western Australia - Wheat Belt,2021-06-01,2.4
509,Western Australia - Wheat Belt,2021-07-01,2.3
509,Western Australia - Wheat Belt,2021-08-01,2.3
509,Western Australia - Wheat Belt,2021-09-01,2.0
509,Western Australia - Wheat Belt,2021-10-01,1.8
509,Western Australia - Wheat Belt,2021-11-01,2.1
509,Western Australia - Wheat Belt,2021-12-01,2.0
509,Western Australia - Wheat Belt,2022-01-01,2.0
509,Western Australia - Wheat Belt,2022-02-01,2.2
509,Western Australia - Wheat Belt,2022-03-01,1.8
509,Western Australia - Wheat Belt,2022-04-01,1.8
509,Western Australia - Wheat Belt,2022-05-01,1.7
509,Western Australia - Wheat Belt,2022-06-01,2.0
509,Western Australia - Wheat Belt,2022-07-01,1.9
509,Western Australia - Wheat Belt,2022-08-01,1.8
509,Western Australia - Wheat Belt,2022-09-01,2.0
509,Western Australia - Wheat Belt,2022-10-01,1.9
509,Western Australia - Wheat Belt,2022-11-01,1.9
509,Western Australia - Wheat Belt,2022-12-01,1.9
509,Western Australia - Wheat Belt,2023-01-01,2.2
509,Western Australia - Wheat Belt,2023-02-01,2.5
509,Western Australia - Wheat Belt,2023-03-01,2.0
509,Western Australia - Wheat Belt,2023-04-01,2.0
509,Western Australia - Wheat Belt,2023-05-01,1.9
509,Western Australia - Wheat Belt,2023-06-01,2.0
509,Western Australia - Wheat Belt,2023-07-01,1.8
509,Western Australia - Wheat Belt,2023-08-01,2.3
509,Western Australia - Wheat Belt,2023-09-01,1.9
509,Western Australia - Wheat Belt,2023-10-01,2.1
509,Western Australia - Wheat Belt,2023-11-01,2.0
509,Western Australia - Wheat Belt,2023-12-01,2.1
509,Western Australia - Wheat Belt,2024-01-01,2.5
509,Western Australia - Wheat Belt,2024-02-01,2.4
509,Western Australia - Wheat Belt,2024-03-01,2.2
509,Western Australia - Wheat Belt,2024-04-01,2.2
509,Western Australia - Wheat Belt,2024-05-01,2.2
509,Western Australia - Wheat Belt,2024-06-01,2.0
509,Western Australia - Wheat Belt,2024-07-01,2.1
509,Western Australia - Wheat Belt,2024-08-01,2.4
509,Western Australia - Wheat Belt,2024-09-01,2.1
509,Western Australia - Wheat Belt,2024-10-01,2.2
509,Western Australia - Wheat Belt,2024-11-01,2.0
509,Western Australia - Wheat Belt,2024-12-01,2.0
509,Western Australia - Wheat Belt,2025-01-01,2.5
509,Western Australia - Wheat Belt,2025-02-01,2.3
509,Western Australia - Wheat Belt,2025-03-01,2.4
509,Western Australia - Wheat Belt,2025-04-01,2.5
509,Western Australia - Wheat Belt,2025-05-01,2.2
509,Western Australia - Wheat Belt,2025-06-01,2.5
509,Western Australia - Wheat Belt,2025-07-01,2.3
509,Western Australia - Wheat Belt,2025-08-01,2.5
509,Western Australia - Wheat Belt,2025-09-01,2.5
509,Western Australia - Wheat Belt,2025-10-01,2.3
509,Western Australia - Wheat Belt,2025-11-01,2.5
509,Western Australia - Wheat Belt,2025-12-01,2.2
509,Western Australia - Wheat Belt,2026-01-01,2.4
509,Western Australia - Wheat Belt,2026-02-01,2.6
509,Western Australia - Wheat Belt,2026-03-01,2.5
601,Hobart,2012-01-01,6.8
601,Hobart,2012-02-01,7.7
601,Hobart,2012-03-01,7.0
601,Hobart,2012-04-01,7.4
601,Hobart,2012-05-01,5.9
601,Hobart,2012-06-01,7.0
601,Hobart,2012-07-01,6.0
601,Hobart,2012-08-01,6.6
601,Hobart,2012-09-01,7.0
601,Hobart,2012-10-01,6.2
601,Hobart,2012-11-01,6.7
601,Hobart,2012-12-01,7.4
601,Hobart,2013-01-01,8.4
601,Hobart,2013-02-01,7.2
601,Hobart,2013-03-01,6.8
601,Hobart,2013-04-01,7.0
601,Hobart,2013-05-01,6.7
601,Hobart,2013-06-01,8.8
601,Hobart,2013-07-01,7.2
601,Hobart,2013-08-01,7.8
601,Hobart,2013-09-01,7.7
601,Hobart,2013-10-01,7.6
601,Hobart,2013-11-01,7.8
601,Hobart,2013-12-01,7.8
601,Hobart,2014-01-01,8.8
601,Hobart,2014-02-01,8.6
601,Hobart,2014-03-01,7.9
601,Hobart,2014-04-01,7.5
601,Hobart,2014-05-01,7.3
601,Hobart,2014-06-01,7.4
601,Hobart,2014-07-01,7.4
601,Hobart,2014-08-01,7.3
601,Hobart,2014-09-01,7.7
601,Hobart,2014-10-01,6.5
601,Hobart,2014-11-01,7.0
601,Hobart,2014-12-01,7.2
601,Hobart,2015-01-01,8.1
601,Hobart,2015-02-01,7.4
601,Hobart,2015-03-01,7.1
601,Hobart,2015-04-01,8.0
601,Hobart,2015-05-01,7.2
601,Hobart,2015-06-01,6.8
601,Hobart,2015-07-01,6.8
601,Hobart,2015-08-01,6.7
601,Hobart,2015-09-01,6.1
601,Hobart,2015-10-01,7.1
601,Hobart,2015-11-01,7.1
601,Hobart,2015-12-01,7.3
601,Hobart,2016-01-01,7.9
601,Hobart,2016-02-01,8.1
601,Hobart,2016-03-01,7.2
601,Hobart,2016-04-01,6.5
601,Hobart,2016-05-01,6.6
601,Hobart,2016-06-01,7.1
601,Hobart,2016-07-01,6.2
601,Hobart,2016-08-01,8.0
601,Hobart,2016-09-01,7.1
601,Hobart,2016-10-01,6.9
601,Hobart,2016-11-01,6.7
601,Hobart,2016-12-01,7.3
601,Hobart,2017-01-01,6.2
601,Hobart,2017-02-01,6.5
601,Hobart,2017-03-01,7.2
601,Hobart,2017-04-01,6.4
601,Hobart,2017-05-01,6.5
601,Hobart,2017-06-01,6.3
601,Hobart,2017-07-01,7.5
601,Hobart,2017-08-01,7.1
601,Hobart,2017-09-01,6.2
601,Hobart,2017-10-01,7.3
601,Hobart,2017-11-01,6.8
601,Hobart,2017-12-01,7.7
601,Hobart,2018-01-01,6.5
601,Hobart,2018-02-01,7.8
601,Hobart,2018-03-01,7.8
601,Hobart,2018-04-01,7.0
601,Hobart,2018-05-01,8.4
601,Hobart,2018-06-01,6.9
601,Hobart,2018-07-01,8.4
601,Hobart,2018-08-01,7.3
601,Hobart,2018-09-01,6.9
601,Hobart,2018-10-01,6.2
601,Hobart,2018-11-01,7.4
601,Hobart,2018-12-01,7.9
601,Hobart,2019-01-01,9.3
601,Hobart,2019-02-01,9.0
601,Hobart,2019-03-01,9.0
601,Hobart,2019-04-01,9.4
601,Hobart,2019-05-01,8.3
601,Hobart,2019-06-01,8.8
601,Hobart,2019-07-01,8.3
601,Hobart,2019-08-01,8.8
601,Hobart,2019-09-01,7.9
601,Hobart,2019-10-01,7.4
601,Hobart,2019-11-01,7.7
601,Hobart,2019-12-01,7.4
601,Hobart,2020-01-01,8.0
601,Hobart,2020-02-01,6.9
601,Hobart,2020-03-01,6.5
601,Hobart,2020-04-01,8.0
601,Hobart,2020-05-01,7.2
601,Hobart,2020-06-01,8.4
601,Hobart,2020-07-01,7.5
601,Hobart,2020-08-01,7.5
601,Hobart,2020-09-01,8.6
601,Hobart,2020-10-01,8.8
601,Hobart,2020-11-01,9.1
601,Hobart,2020-12-01,8.4
601,Hobart,2021-01-01,7.1
601,Hobart,2021-02-01,7.4
601,Hobart,2021-03-01,7.8
601,Hobart,2021-04-01,8.0
601,Hobart,2021-05-01,7.6
601,Hobart,2021-06-01,6.0
601,Hobart,2021-07-01,6.2
601,Hobart,2021-08-01,7.3
601,Hobart,2021-09-01,6.0
601,Hobart,2021-10-01,6.3
601,Hobart,2021-11-01,6.4
601,Hobart,2021-12-01,5.1
601,Hobart,2022-01-01,4.9
601,Hobart,2022-02-01,5.5
601,Hobart,2022-03-01,6.0
601,Hobart,2022-04-01,5.4
601,Hobart,2022-05-01,6.0
601,Hobart,2022-06-01,6.0
601,Hobart,2022-07-01,5.0
601,Hobart,2022-08-01,7.1
601,Hobart,2022-09-01,6.0
601,Hobart,2022-10-01,5.1
601,Hobart,2022-11-01,4.8
601,Hobart,2022-12-01,5.1
601,Hobart,2023-01-01,5.8
601,Hobart,2023-02-01,4.9
601,Hobart,2023-03-01,5.8
601,Hobart,2023-04-01,5.3
601,Hobart,2023-05-01,6.1
601,Hobart,2023-06-01,5.0
601,Hobart,2023-07-01,7.3
601,Hobart,2023-08-01,7.1
601,Hobart,2023-09-01,5.9
601,Hobart,2023-10-01,5.5
601,Hobart,2023-11-01,4.7
601,Hobart,2023-12-01,4.8
601,Hobart,2024-01-01,6.7
601,Hobart,2024-02-01,6.1
601,Hobart,2024-03-01,5.0
601,Hobart,2024-04-01,5.4
601,Hobart,2024-05-01,5.7
601,Hobart,2024-06-01,4.9
601,Hobart,2024-07-01,6.6
601,Hobart,2024-08-01,7.1
601,Hobart,2024-09-01,5.4
601,Hobart,2024-10-01,5.3
601,Hobart,2024-11-01,4.6
601,Hobart,2024-12-01,5.6
601,Hobart,2025-01-01,5.1
601,Hobart,2025-02-01,5.4
601,Hobart,2025-03-01,5.3
601,Hobart,2025-04-01,4.8
601,Hobart,2025-05-01,5.6
601,Hobart,2025-06-01,4.9
601,Hobart,2025-07-01,6.0
601,Hobart,2025-08-01,4.9
601,Hobart,2025-09-01,6.7
601,Hobart,2025-10-01,5.3
601,Hobart,2025-11-01,5.1
601,Hobart,2025-12-01,6.0
601,Hobart,2026-01-01,7.7
601,Hobart,2026-02-01,6.6
601,Hobart,2026-03-01,6.5
602,Launceston and North East,2012-01-01,5.7
602,Launceston and North East,2012-02-01,6.5
602,Launceston and North East,2012-03-01,5.1
602,Launceston and North East,2012-04-01,5.6
602,Launceston and North East,2012-05-01,4.8
602,Launceston and North East,2012-06-01,5.3
602,Launceston and North East,2012-07-01,4.5
602,Launceston and North East,2012-08-01,4.9
602,Launceston and North East,2012-09-01,5.6
602,Launceston and North East,2012-10-01,5.3
602,Launceston and North East,2012-11-01,5.1
602,Launceston and North East,2012-12-01,5.6
602,Launceston and North East,2013-01-01,6.3
602,Launceston and North East,2013-02-01,6.0
602,Launceston and North East,2013-03-01,5.7
602,Launceston and North East,2013-04-01,5.4
602,Launceston and North East,2013-05-01,5.6
602,Launceston and North East,2013-06-01,6.6
602,Launceston and North East,2013-07-01,5.7
602,Launceston and North East,2013-08-01,6.2
602,Launceston and North East,2013-09-01,6.0
602,Launceston and North East,2013-10-01,5.4
602,Launceston and North East,2013-11-01,5.6
602,Launceston and North East,2013-12-01,5.5
602,Launceston and North East,2014-01-01,5.7
602,Launceston and North East,2014-02-01,5.9
602,Launceston and North East,2014-03-01,5.6
602,Launceston and North East,2014-04-01,5.4
602,Launceston and North East,2014-05-01,5.1
602,Launceston and North East,2014-06-01,5.5
602,Launceston and North East,2014-07-01,5.3
602,Launceston and North East,2014-08-01,5.2
602,Launceston and North East,2014-09-01,5.6
602,Launceston and North East,2014-10-01,4.8
602,Launceston and North East,2014-11-01,5.0
602,Launceston and North East,2014-12-01,4.7
602,Launceston and North East,2015-01-01,4.8
602,Launceston and North East,2015-02-01,5.1
602,Launceston and North East,2015-03-01,4.7
602,Launceston and North East,2015-04-01,5.1
602,Launceston and North East,2015-05-01,4.7
602,Launceston and North East,2015-06-01,4.8
602,Launceston and North East,2015-07-01,4.6
602,Launceston and North East,2015-08-01,4.5
602,Launceston and North East,2015-09-01,4.2
602,Launceston and North East,2015-10-01,4.6
602,Launceston and North East,2015-11-01,4.6
602,Launceston and North East,2015-12-01,5.0
602,Launceston and North East,2016-01-01,4.8
602,Launceston and North East,2016-02-01,5.1
602,Launceston and North East,2016-03-01,5.0
602,Launceston and North East,2016-04-01,4.6
602,Launceston and North East,2016-05-01,4.3
602,Launceston and North East,2016-06-01,4.8
602,Launceston and North East,2016-07-01,4.3
602,Launceston and North East,2016-08-01,5.2
602,Launceston and North East,2016-09-01,4.4
602,Launceston and North East,2016-10-01,4.5
602,Launceston and North East,2016-11-01,4.7
602,Launceston and North East,2016-12-01,4.6
602,Launceston and North East,2017-01-01,4.4
602,Launceston and North East,2017-02-01,4.5
602,Launceston and North East,2017-03-01,4.5
602,Launceston and North East,2017-04-01,4.3
602,Launceston and North East,2017-05-01,4.4
602,Launceston and North East,2017-06-01,4.1
602,Launceston and North East,2017-07-01,4.6
602,Launceston and North East,2017-08-01,4.3
602,Launceston and North East,2017-09-01,4.1
602,Launceston and North East,2017-10-01,4.3
602,Launceston and North East,2017-11-01,4.2
602,Launceston and North East,2017-12-01,4.4
602,Launceston and North East,2018-01-01,3.8
602,Launceston and North East,2018-02-01,4.7
602,Launceston and North East,2018-03-01,4.6
602,Launceston and North East,2018-04-01,4.3
602,Launceston and North East,2018-05-01,4.6
602,Launceston and North East,2018-06-01,4.2
602,Launceston and North East,2018-07-01,5.0
602,Launceston and North East,2018-08-01,4.3
602,Launceston and North East,2018-09-01,4.1
602,Launceston and North East,2018-10-01,3.8
602,Launceston and North East,2018-11-01,4.1
602,Launceston and North East,2018-12-01,4.5
602,Launceston and North East,2019-01-01,5.4
602,Launceston and North East,2019-02-01,5.4
602,Launceston and North East,2019-03-01,5.0
602,Launceston and North East,2019-04-01,5.0
602,Launceston and North East,2019-05-01,4.6
602,Launceston and North East,2019-06-01,4.8
602,Launceston and North East,2019-07-01,4.5
602,Launceston and North East,2019-08-01,4.8
602,Launceston and North East,2019-09-01,4.5
602,Launceston and North East,2019-10-01,4.1
602,Launceston and North East,2019-11-01,4.3
602,Launceston and North East,2019-12-01,4.1
602,Launceston and North East,2020-01-01,4.7
602,Launceston and North East,2020-02-01,4.0
602,Launceston and North East,2020-03-01,3.8
602,Launceston and North East,2020-04-01,4.4
602,Launceston and North East,2020-05-01,4.7
602,Launceston and North East,2020-06-01,5.2
602,Launceston and North East,2020-07-01,5.2
602,Launceston and North East,2020-08-01,5.3
602,Launceston and North East,2020-09-01,6.3
602,Launceston and North East,2020-10-01,6.4
602,Launceston and North East,2020-11-01,6.2
602,Launceston and North East,2020-12-01,5.8
602,Launceston and North East,2021-01-01,5.4
602,Launceston and North East,2021-02-01,5.1
602,Launceston and North East,2021-03-01,4.9
602,Launceston and North East,2021-04-01,5.0
602,Launceston and North East,2021-05-01,4.3
602,Launceston and North East,2021-06-01,3.7
602,Launceston and North East,2021-07-01,4.0
602,Launceston and North East,2021-08-01,4.3
602,Launceston and North East,2021-09-01,3.8
602,Launceston and North East,2021-10-01,3.9
602,Launceston and North East,2021-11-01,4.1
602,Launceston and North East,2021-12-01,3.2
602,Launceston and North East,2022-01-01,3.1
602,Launceston and North East,2022-02-01,3.0
602,Launceston and North East,2022-03-01,3.3
602,Launceston and North East,2022-04-01,3.0
602,Launceston and North East,2022-05-01,3.5
602,Launceston and North East,2022-06-01,3.4
602,Launceston and North East,2022-07-01,2.9
602,Launceston and North East,2022-08-01,3.7
602,Launceston and North East,2022-09-01,3.3
602,Launceston and North East,2022-10-01,3.0
602,Launceston and North East,2022-11-01,2.8
602,Launceston and North East,2022-12-01,2.7
602,Launceston and North East,2023-01-01,3.4
602,Launceston and North East,2023-02-01,2.9
602,Launceston and North East,2023-03-01,3.4
602,Launceston and North East,2023-04-01,3.0
602,Launceston and North East,2023-05-01,3.2
602,Launceston and North East,2023-06-01,2.7
602,Launceston and North East,2023-07-01,3.7
602,Launceston and North East,2023-08-01,3.7
602,Launceston and North East,2023-09-01,3.2
602,Launceston and North East,2023-10-01,3.0
602,Launceston and North East,2023-11-01,2.8
602,Launceston and North East,2023-12-01,2.4
602,Launceston and North East,2024-01-01,3.9
602,Launceston and North East,2024-02-01,3.3
602,Launceston and North East,2024-03-01,2.9
602,Launceston and North East,2024-04-01,2.9
602,Launceston and North East,2024-05-01,3.1
602,Launceston and North East,2024-06-01,2.8
602,Launceston and North East,2024-07-01,3.3
602,Launceston and North East,2024-08-01,3.6
602,Launceston and North East,2024-09-01,3.1
602,Launceston and North East,2024-10-01,2.9
602,Launceston and North East,2024-11-01,2.8
602,Launceston and North East,2024-12-01,3.0
602,Launceston and North East,2025-01-01,3.0
602,Launceston and North East,2025-02-01,3.0
602,Launceston and North East,2025-03-01,3.0
602,Launceston and North East,2025-04-01,2.6
602,Launceston and North East,2025-05-01,3.0
602,Launceston and North East,2025-06-01,2.7
602,Launceston and North East,2025-07-01,2.9
602,Launceston and North East,2025-08-01,2.9
602,Launceston and North East,2025-09-01,3.3
602,Launceston and North East,2025-10-01,2.8
602,Launceston and North East,2025-11-01,2.9
602,Launceston and North East,2025-12-01,3.1
602,Launceston and North East,2026-01-01,3.8
602,Launceston and North East,2026-02-01,3.5
602,Launceston and North East,2026-03-01,3.3
603,Tasmania - South East,2012-01-01,1.2
603,Tasmania - South East,2012-02-01,1.3
603,Tasmania - South East,2012-03-01,1.1
603,Tasmania - South East,2012-04-01,1.2
603,Tasmania - South East,2012-05-01,1.1
603,Tasmania - South East,2012-06-01,1.1
603,Tasmania - South East,2012-07-01,1.0
603,Tasmania - South East,2012-08-01,1.1
603,Tasmania - South East,2012-09-01,1.1
603,Tasmania - South East,2012-10-01,1.1
603,Tasmania - South East,2012-11-01,1.1
603,Tasmania - South East,2012-12-01,1.2
603,Tasmania - South East,2013-01-01,1.2
603,Tasmania - South East,2013-02-01,1.2
603,Tasmania - South East,2013-03-01,1.2
603,Tasmania - South East,2013-04-01,1.1
603,Tasmania - South East,2013-05-01,1.2
603,Tasmania - South East,2013-06-01,1.3
603,Tasmania - South East,2013-07-01,1.2
603,Tasmania - South East,2013-08-01,1.2
603,Tasmania - South East,2013-09-01,1.3
603,Tasmania - South East,2013-10-01,1.1
603,Tasmania - South East,2013-11-01,1.1
603,Tasmania - South East,2013-12-01,1.1
603,Tasmania - South East,2014-01-01,1.2
603,Tasmania - South East,2014-02-01,1.2
603,Tasmania - South East,2014-03-01,1.2
603,Tasmania - South East,2014-04-01,1.2
603,Tasmania - South East,2014-05-01,1.1
603,Tasmania - South East,2014-06-01,1.1
603,Tasmania - South East,2014-07-01,1.1
603,Tasmania - South East,2014-08-01,1.1
603,Tasmania - South East,2014-09-01,1.1
603,Tasmania - South East,2014-10-01,1.0
603,Tasmania - South East,2014-11-01,1.1
603,Tasmania - South East,2014-12-01,1.0
603,Tasmania - South East,2015-01-01,1.1
603,Tasmania - South East,2015-02-01,1.1
603,Tasmania - South East,2015-03-01,1.0
603,Tasmania - South East,2015-04-01,1.1
603,Tasmania - South East,2015-05-01,1.0
603,Tasmania - South East,2015-06-01,1.0
603,Tasmania - South East,2015-07-01,1.0
603,Tasmania - South East,2015-08-01,1.0
603,Tasmania - South East,2015-09-01,1.0
603,Tasmania - South East,2015-10-01,1.0
603,Tasmania - South East,2015-11-01,1.0
603,Tasmania - South East,2015-12-01,1.1
603,Tasmania - South East,2016-01-01,1.1
603,Tasmania - South East,2016-02-01,1.1
603,Tasmania - South East,2016-03-01,1.1
603,Tasmania - South East,2016-04-01,1.1
603,Tasmania - South East,2016-05-01,1.0
603,Tasmania - South East,2016-06-01,1.0
603,Tasmania - South East,2016-07-01,1.0
603,Tasmania - South East,2016-08-01,1.1
603,Tasmania - South East,2016-09-01,1.0
603,Tasmania - South East,2016-10-01,1.0
603,Tasmania - South East,2016-11-01,1.0
603,Tasmania - South East,2016-12-01,1.0
603,Tasmania - South East,2017-01-01,1.0
603,Tasmania - South East,2017-02-01,1.1
603,Tasmania - South East,2017-03-01,1.0
603,Tasmania - South East,2017-04-01,1.0
603,Tasmania - South East,2017-05-01,0.9
603,Tasmania - South East,2017-06-01,0.9
603,Tasmania - South East,2017-07-01,1.0
603,Tasmania - South East,2017-08-01,1.0
603,Tasmania - South East,2017-09-01,0.9
603,Tasmania - South East,2017-10-01,0.9
603,Tasmania - South East,2017-11-01,0.9
603,Tasmania - South East,2017-12-01,1.0
603,Tasmania - South East,2018-01-01,0.9
603,Tasmania - South East,2018-02-01,1.0
603,Tasmania - South East,2018-03-01,1.0
603,Tasmania - South East,2018-04-01,1.0
603,Tasmania - South East,2018-05-01,1.0
603,Tasmania - South East,2018-06-01,0.9
603,Tasmania - South East,2018-07-01,1.0
603,Tasmania - South East,2018-08-01,0.9
603,Tasmania - South East,2018-09-01,0.9
603,Tasmania - South East,2018-10-01,0.8
603,Tasmania - South East,2018-11-01,0.9
603,Tasmania - South East,2018-12-01,0.9
603,Tasmania - South East,2019-01-01,1.1
603,Tasmania - South East,2019-02-01,1.1
603,Tasmania - South East,2019-03-01,1.0
603,Tasmania - South East,2019-04-01,1.1
603,Tasmania - South East,2019-05-01,1.0
603,Tasmania - South East,2019-06-01,1.0
603,Tasmania - South East,2019-07-01,1.0
603,Tasmania - South East,2019-08-01,1.0
603,Tasmania - South East,2019-09-01,1.0
603,Tasmania - South East,2019-10-01,0.9
603,Tasmania - South East,2019-11-01,0.9
603,Tasmania - South East,2019-12-01,0.9
603,Tasmania - South East,2020-01-01,1.0
603,Tasmania - South East,2020-02-01,0.9
603,Tasmania - South East,2020-03-01,0.9
603,Tasmania - South East,2020-04-01,1.0
603,Tasmania - South East,2020-05-01,1.2
603,Tasmania - South East,2020-06-01,1.2
603,Tasmania - South East,2020-07-01,1.3
603,Tasmania - South East,2020-08-01,1.3
603,Tasmania - South East,2020-09-01,1.5
603,Tasmania - South East,2020-10-01,1.4
603,Tasmania - South East,2020-11-01,1.5
603,Tasmania - South East,2020-12-01,1.4
603,Tasmania - South East,2021-01-01,1.3
603,Tasmania - South East,2021-02-01,1.2
603,Tasmania - South East,2021-03-01,1.2
603,Tasmania - South East,2021-04-01,1.2
603,Tasmania - South East,2021-05-01,1.1
603,Tasmania - South East,2021-06-01,1.0
603,Tasmania - South East,2021-07-01,1.0
603,Tasmania - South East,2021-08-01,1.0
603,Tasmania - South East,2021-09-01,0.9
603,Tasmania - South East,2021-10-01,0.9
603,Tasmania - South East,2021-11-01,0.9
603,Tasmania - South East,2021-12-01,0.8
603,Tasmania - South East,2022-01-01,0.8
603,Tasmania - South East,2022-02-01,0.8
603,Tasmania - South East,2022-03-01,0.9
603,Tasmania - South East,2022-04-01,0.8
603,Tasmania - South East,2022-05-01,0.8
603,Tasmania - South East,2022-06-01,0.9
603,Tasmania - South East,2022-07-01,0.8
603,Tasmania - South East,2022-08-01,0.9
603,Tasmania - South East,2022-09-01,0.9
603,Tasmania - South East,2022-10-01,0.8
603,Tasmania - South East,2022-11-01,0.8
603,Tasmania - South East,2022-12-01,0.8
603,Tasmania - South East,2023-01-01,0.8
603,Tasmania - South East,2023-02-01,0.8
603,Tasmania - South East,2023-03-01,0.9
603,Tasmania - South East,2023-04-01,0.8
603,Tasmania - South East,2023-05-01,0.8
603,Tasmania - South East,2023-06-01,0.7
603,Tasmania - South East,2023-07-01,0.9
603,Tasmania - South East,2023-08-01,0.9
603,Tasmania - South East,2023-09-01,0.9
603,Tasmania - South East,2023-10-01,0.8
603,Tasmania - South East,2023-11-01,0.7
603,Tasmania - South East,2023-12-01,0.8
603,Tasmania - South East,2024-01-01,0.9
603,Tasmania - South East,2024-02-01,0.9
603,Tasmania - South East,2024-03-01,0.8
603,Tasmania - South East,2024-04-01,0.8
603,Tasmania - South East,2024-05-01,0.8
603,Tasmania - South East,2024-06-01,0.8
603,Tasmania - South East,2024-07-01,0.9
603,Tasmania - South East,2024-08-01,1.0
603,Tasmania - South East,2024-09-01,0.8
603,Tasmania - South East,2024-10-01,0.8
603,Tasmania - South East,2024-11-01,0.7
603,Tasmania - South East,2024-12-01,0.8
603,Tasmania - South East,2025-01-01,0.8
603,Tasmania - South East,2025-02-01,0.8
603,Tasmania - South East,2025-03-01,0.8
603,Tasmania - South East,2025-04-01,0.8
603,Tasmania - South East,2025-05-01,0.8
603,Tasmania - South East,2025-06-01,0.8
603,Tasmania - South East,2025-07-01,0.8
603,Tasmania - South East,2025-08-01,0.8
603,Tasmania - South East,2025-09-01,0.9
603,Tasmania - South East,2025-10-01,0.8
603,Tasmania - South East,2025-11-01,0.8
603,Tasmania - South East,2025-12-01,0.9
603,Tasmania - South East,2026-01-01,0.9
603,Tasmania - South East,2026-02-01,0.9
603,Tasmania - South East,2026-03-01,0.9
604,Tasmania - West and North West,2012-01-01,4.4
604,Tasmania - West and North West,2012-02-01,5.1
604,Tasmania - West and North West,2012-03-01,4.3
604,Tasmania - West and North West,2012-04-01,4.4
604,Tasmania - West and North West,2012-05-01,3.9
604,Tasmania - West and North West,2012-06-01,4.0
604,Tasmania - West and North West,2012-07-01,3.5
604,Tasmania - West and North West,2012-08-01,4.1
604,Tasmania - West and North West,2012-09-01,4.4
604,Tasmania - West and North West,2012-10-01,4.1
604,Tasmania - West and North West,2012-11-01,4.2
604,Tasmania - West and North West,2012-12-01,4.6
604,Tasmania - West and North West,2013-01-01,4.7
604,Tasmania - West and North West,2013-02-01,4.9
604,Tasmania - West and North West,2013-03-01,4.6
604,Tasmania - West and North West,2013-04-01,4.2
604,Tasmania - West and North West,2013-05-01,4.4
604,Tasmania - West and North West,2013-06-01,5.3
604,Tasmania - West and North West,2013-07-01,4.8
604,Tasmania - West and North West,2013-08-01,4.9
604,Tasmania - West and North West,2013-09-01,4.9
604,Tasmania - West and North West,2013-10-01,4.6
604,Tasmania - West and North West,2013-11-01,4.7
604,Tasmania - West and North West,2013-12-01,4.7
604,Tasmania - West and North West,2014-01-01,5.2
604,Tasmania - West and North West,2014-02-01,5.1
604,Tasmania - West and North West,2014-03-01,4.7
604,Tasmania - West and North West,2014-04-01,4.6
604,Tasmania - West and North West,2014-05-01,4.2
604,Tasmania - West and North West,2014-06-01,4.4
604,Tasmania - West and North West,2014-07-01,4.3
604,Tasmania - West and North West,2014-08-01,4.3
604,Tasmania - West and North West,2014-09-01,4.5
604,Tasmania - West and North West,2014-10-01,4.1
604,Tasmania - West and North West,2014-11-01,4.3
604,Tasmania - West and North West,2014-12-01,4.2
604,Tasmania - West and North West,2015-01-01,4.4
604,Tasmania - West and North West,2015-02-01,4.0
604,Tasmania - West and North West,2015-03-01,4.0
604,Tasmania - West and North West,2015-04-01,4.3
604,Tasmania - West and North West,2015-05-01,3.9
604,Tasmania - West and North West,2015-06-01,4.0
604,Tasmania - West and North West,2015-07-01,3.8
604,Tasmania - West and North West,2015-08-01,3.9
604,Tasmania - West and North West,2015-09-01,3.5
604,Tasmania - West and North West,2015-10-01,3.6
604,Tasmania - West and North West,2015-11-01,3.8
604,Tasmania - West and North West,2015-12-01,4.0
604,Tasmania - West and North West,2016-01-01,3.9
604,Tasmania - West and North West,2016-02-01,4.0
604,Tasmania - West and North West,2016-03-01,3.8
604,Tasmania - West and North West,2016-04-01,3.5
604,Tasmania - West and North West,2016-05-01,3.6
604,Tasmania - West and North West,2016-06-01,3.6
604,Tasmania - West and North West,2016-07-01,3.5
604,Tasmania - West and North West,2016-08-01,4.1
604,Tasmania - West and North West,2016-09-01,3.6
604,Tasmania - West and North West,2016-10-01,3.3
604,Tasmania - West and North West,2016-11-01,3.6
604,Tasmania - West and North West,2016-12-01,3.7
604,Tasmania - West and North West,2017-01-01,3.3
604,Tasmania - West and North West,2017-02-01,3.4
604,Tasmania - West and North West,2017-03-01,3.4
604,Tasmania - West and North West,2017-04-01,3.2
604,Tasmania - West and North West,2017-05-01,3.2
604,Tasmania - West and North West,2017-06-01,2.9
604,Tasmania - West and North West,2017-07-01,3.4
604,Tasmania - West and North West,2017-08-01,3.5
604,Tasmania - West and North West,2017-09-01,3.1
604,Tasmania - West and North West,2017-10-01,3.2
604,Tasmania - West and North West,2017-11-01,3.2
604,Tasmania - West and North West,2017-12-01,3.4
604,Tasmania - West and North West,2018-01-01,3.0
604,Tasmania - West and North West,2018-02-01,3.5
604,Tasmania - West and North West,2018-03-01,3.5
604,Tasmania - West and North West,2018-04-01,3.2
604,Tasmania - West and North West,2018-05-01,3.4
604,Tasmania - West and North West,2018-06-01,3.2
604,Tasmania - West and North West,2018-07-01,3.5
604,Tasmania - West and North West,2018-08-01,3.4
604,Tasmania - West and North West,2018-09-01,3.2
604,Tasmania - West and North West,2018-10-01,3.0
604,Tasmania - West and North West,2018-11-01,3.0
604,Tasmania - West and North West,2018-12-01,3.3
604,Tasmania - West and North West,2019-01-01,4.1
604,Tasmania - West and North West,2019-02-01,4.0
604,Tasmania - West and North West,2019-03-01,3.9
604,Tasmania - West and North West,2019-04-01,3.6
604,Tasmania - West and North West,2019-05-01,3.4
604,Tasmania - West and North West,2019-06-01,3.8
604,Tasmania - West and North West,2019-07-01,3.6
604,Tasmania - West and North West,2019-08-01,3.6
604,Tasmania - West and North West,2019-09-01,3.5
604,Tasmania - West and North West,2019-10-01,3.2
604,Tasmania - West and North West,2019-11-01,3.5
604,Tasmania - West and North West,2019-12-01,3.3
604,Tasmania - West and North West,2020-01-01,3.6
604,Tasmania - West and North West,2020-02-01,3.1
604,Tasmania - West and North West,2020-03-01,3.0
604,Tasmania - West and North West,2020-04-01,3.5
604,Tasmania - West and North West,2020-05-01,3.7
604,Tasmania - West and North West,2020-06-01,3.9
604,Tasmania - West and North West,2020-07-01,4.0
604,Tasmania - West and North West,2020-08-01,4.1
604,Tasmania - West and North West,2020-09-01,4.8
604,Tasmania - West and North West,2020-10-01,4.7
604,Tasmania - West and North West,2020-11-01,4.6
604,Tasmania - West and North West,2020-12-01,4.4
604,Tasmania - West and North West,2021-01-01,4.2
604,Tasmania - West and North West,2021-02-01,3.9
604,Tasmania - West and North West,2021-03-01,3.7
604,Tasmania - West and North West,2021-04-01,3.8
604,Tasmania - West and North West,2021-05-01,3.4
604,Tasmania - West and North West,2021-06-01,2.9
604,Tasmania - West and North West,2021-07-01,3.1
604,Tasmania - West and North West,2021-08-01,3.4
604,Tasmania - West and North West,2021-09-01,3.0
604,Tasmania - West and North West,2021-10-01,3.0
604,Tasmania - West and North West,2021-11-01,3.1
604,Tasmania - West and North West,2021-12-01,2.5
604,Tasmania - West and North West,2022-01-01,2.5
604,Tasmania - West and North West,2022-02-01,2.5
604,Tasmania - West and North West,2022-03-01,2.8
604,Tasmania - West and North West,2022-04-01,2.4
604,Tasmania - West and North West,2022-05-01,2.7
604,Tasmania - West and North West,2022-06-01,2.6
604,Tasmania - West and North West,2022-07-01,2.6
604,Tasmania - West and North West,2022-08-01,3.0
604,Tasmania - West and North West,2022-09-01,2.6
604,Tasmania - West and North West,2022-10-01,2.6
604,Tasmania - West and North West,2022-11-01,2.3
604,Tasmania - West and North West,2022-12-01,2.1
604,Tasmania - West and North West,2023-01-01,2.8
604,Tasmania - West and North West,2023-02-01,2.4
604,Tasmania - West and North West,2023-03-01,2.7
604,Tasmania - West and North West,2023-04-01,2.5
604,Tasmania - West and North West,2023-05-01,2.4
604,Tasmania - West and North West,2023-06-01,2.3
604,Tasmania - West and North West,2023-07-01,2.9
604,Tasmania - West and North West,2023-08-01,2.9
604,Tasmania - West and North West,2023-09-01,2.7
604,Tasmania - West and North West,2023-10-01,2.4
604,Tasmania - West and North West,2023-11-01,2.2
604,Tasmania - West and North West,2023-12-01,2.2
604,Tasmania - West and North West,2024-01-01,2.8
604,Tasmania - West and North West,2024-02-01,2.7
604,Tasmania - West and North West,2024-03-01,2.3
604,Tasmania - West and North West,2024-04-01,2.4
604,Tasmania - West and North West,2024-05-01,2.4
604,Tasmania - West and North West,2024-06-01,2.2
604,Tasmania - West and North West,2024-07-01,2.7
604,Tasmania - West and North West,2024-08-01,3.0
604,Tasmania - West and North West,2024-09-01,2.5
604,Tasmania - West and North West,2024-10-01,2.4
604,Tasmania - West and North West,2024-11-01,2.2
604,Tasmania - West and North West,2024-12-01,2.2
604,Tasmania - West and North West,2025-01-01,2.4
604,Tasmania - West and North West,2025-02-01,2.6
604,Tasmania - West and North West,2025-03-01,2.3
604,Tasmania - West and North West,2025-04-01,2.2
604,Tasmania - West and North West,2025-05-01,2.4
604,Tasmania - West and North West,2025-06-01,2.4
604,Tasmania - West and North West,2025-07-01,2.6
604,Tasmania - West and North West,2025-08-01,2.2
604,Tasmania - West and North West,2025-09-01,2.7
604,Tasmania - West and North West,2025-10-01,2.4
604,Tasmania - West and North West,2025-11-01,2.3
604,Tasmania - West and North West,2025-12-01,2.6
604,Tasmania - West and North West,2026-01-01,2.9
604,Tasmania - West and North West,2026-02-01,2.8
604,Tasmania - West and North West,2026-03-01,2.7
701,Darwin,2012-01-01,2.5
701,Darwin,2012-02-01,3.1
701,Darwin,2012-03-01,2.2
701,Darwin,2012-04-01,2.3
701,Darwin,2012-05-01,2.5
701,Darwin,2012-06-01,2.5
701,Darwin,2012-07-01,1.9
701,Darwin,2012-08-01,1.8
701,Darwin,2012-09-01,1.8
701,Darwin,2012-10-01,3.3
701,Darwin,2012-11-01,1.4
701,Darwin,2012-12-01,2.0
701,Darwin,2013-01-01,2.2
701,Darwin,2013-02-01,2.2
701,Darwin,2013-03-01,2.4
701,Darwin,2013-04-01,2.4
701,Darwin,2013-05-01,2.4
701,Darwin,2013-06-01,3.0
701,Darwin,2013-07-01,2.6
701,Darwin,2013-08-01,2.5
701,Darwin,2013-09-01,2.5
701,Darwin,2013-10-01,2.2
701,Darwin,2013-11-01,2.1
701,Darwin,2013-12-01,2.0
701,Darwin,2014-01-01,2.0
701,Darwin,2014-02-01,2.4
701,Darwin,2014-03-01,2.2
701,Darwin,2014-04-01,1.9
701,Darwin,2014-05-01,1.9
701,Darwin,2014-06-01,3.1
701,Darwin,2014-07-01,2.8
701,Darwin,2014-08-01,2.7
701,Darwin,2014-09-01,2.4
701,Darwin,2014-10-01,1.8
701,Darwin,2014-11-01,2.2
701,Darwin,2014-12-01,1.9
701,Darwin,2015-01-01,2.4
701,Darwin,2015-02-01,2.5
701,Darwin,2015-03-01,2.8
701,Darwin,2015-04-01,2.8
701,Darwin,2015-05-01,2.8
701,Darwin,2015-06-01,3.0
701,Darwin,2015-07-01,2.4
701,Darwin,2015-08-01,2.5
701,Darwin,2015-09-01,2.8
701,Darwin,2015-10-01,2.1
701,Darwin,2015-11-01,2.3
701,Darwin,2015-12-01,2.1
701,Darwin,2016-01-01,2.6
701,Darwin,2016-02-01,3.8
701,Darwin,2016-03-01,3.5
701,Darwin,2016-04-01,3.2
701,Darwin,2016-05-01,2.4
701,Darwin,2016-06-01,2.4
701,Darwin,2016-07-01,2.2
701,Darwin,2016-08-01,2.6
701,Darwin,2016-09-01,2.5
701,Darwin,2016-10-01,2.8
701,Darwin,2016-11-01,3.0
701,Darwin,2016-12-01,3.2
701,Darwin,2017-01-01,3.9
701,Darwin,2017-02-01,3.3
701,Darwin,2017-03-01,4.2
701,Darwin,2017-04-01,4.5
701,Darwin,2017-05-01,2.8
701,Darwin,2017-06-01,3.3
701,Darwin,2017-07-01,3.4
701,Darwin,2017-08-01,3.3
701,Darwin,2017-09-01,3.2
701,Darwin,2017-10-01,2.7
701,Darwin,2017-11-01,3.8
701,Darwin,2017-12-01,4.2
701,Darwin,2018-01-01,3.2
701,Darwin,2018-02-01,3.9
701,Darwin,2018-03-01,4.0
701,Darwin,2018-04-01,4.2
701,Darwin,2018-05-01,3.2
701,Darwin,2018-06-01,4.3
701,Darwin,2018-07-01,4.3
701,Darwin,2018-08-01,3.4
701,Darwin,2018-09-01,3.6
701,Darwin,2018-10-01,4.3
701,Darwin,2018-11-01,3.8
701,Darwin,2018-12-01,4.0
701,Darwin,2019-01-01,4.4
701,Darwin,2019-02-01,5.0
701,Darwin,2019-03-01,3.6
701,Darwin,2019-04-01,4.2
701,Darwin,2019-05-01,4.5
701,Darwin,2019-06-01,4.0
701,Darwin,2019-07-01,4.1
701,Darwin,2019-08-01,4.4
701,Darwin,2019-09-01,4.7
701,Darwin,2019-10-01,4.3
701,Darwin,2019-11-01,4.3
701,Darwin,2019-12-01,3.5
701,Darwin,2020-01-01,4.2
701,Darwin,2020-02-01,5.7
701,Darwin,2020-03-01,5.7
701,Darwin,2020-04-01,5.8
701,Darwin,2020-05-01,7.2
701,Darwin,2020-06-01,6.2
701,Darwin,2020-07-01,7.5
701,Darwin,2020-08-01,4.9
701,Darwin,2020-09-01,4.7
701,Darwin,2020-10-01,5.5
701,Darwin,2020-11-01,4.8
701,Darwin,2020-12-01,4.0
701,Darwin,2021-01-01,4.4
701,Darwin,2021-02-01,4.6
701,Darwin,2021-03-01,5.4
701,Darwin,2021-04-01,3.5
701,Darwin,2021-05-01,3.6
701,Darwin,2021-06-01,4.2
701,Darwin,2021-07-01,4.4
701,Darwin,2021-08-01,3.6
701,Darwin,2021-09-01,3.5
701,Darwin,2021-10-01,2.9
701,Darwin,2021-11-01,2.9
701,Darwin,2021-12-01,3.5
701,Darwin,2022-01-01,3.0
701,Darwin,2022-02-01,2.7
701,Darwin,2022-03-01,3.7
701,Darwin,2022-04-01,3.5
701,Darwin,2022-05-01,3.1
701,Darwin,2022-06-01,3.2
701,Darwin,2022-07-01,2.8
701,Darwin,2022-08-01,3.0
701,Darwin,2022-09-01,2.6
701,Darwin,2022-10-01,2.3
701,Darwin,2022-11-01,2.6
701,Darwin,2022-12-01,3.2
701,Darwin,2023-01-01,3.0
701,Darwin,2023-02-01,4.4
701,Darwin,2023-03-01,3.4
701,Darwin,2023-04-01,3.0
701,Darwin,2023-05-01,2.8
701,Darwin,2023-06-01,2.9
701,Darwin,2023-07-01,3.2
701,Darwin,2023-08-01,3.7
701,Darwin,2023-09-01,2.9
701,Darwin,2023-10-01,3.0
701,Darwin,2023-11-01,3.4
701,Darwin,2023-12-01,3.0
701,Darwin,2024-01-01,3.2
701,Darwin,2024-02-01,3.6
701,Darwin,2024-03-01,2.7
701,Darwin,2024-04-01,3.0
701,Darwin,2024-05-01,2.7
701,Darwin,2024-06-01,3.5
701,Darwin,2024-07-01,3.0
701,Darwin,2024-08-01,3.0
701,Darwin,2024-09-01,2.7
701,Darwin,2024-10-01,3.2
701,Darwin,2024-11-01,2.4
701,Darwin,2024-12-01,3.2
701,Darwin,2025-01-01,3.4
701,Darwin,2025-02-01,3.2
701,Darwin,2025-03-01,2.7
701,Darwin,2025-04-01,3.0
701,Darwin,2025-05-01,2.9
701,Darwin,2025-06-01,2.9
701,Darwin,2025-07-01,3.6
701,Darwin,2025-08-01,3.5
701,Darwin,2025-09-01,2.8
701,Darwin,2025-10-01,3.5
701,Darwin,2025-11-01,2.8
701,Darwin,2025-12-01,2.7
701,Darwin,2026-01-01,3.4
701,Darwin,2026-02-01,4.6
701,Darwin,2026-03-01,3.3
702,Northern Territory - Outback,2012-01-01,4.1
702,Northern Territory - Outback,2012-02-01,3.5
702,Northern Territory - Outback,2012-03-01,2.9
702,Northern Territory - Outback,2012-04-01,3.2
702,Northern Territory - Outback,2012-05-01,3.8
702,Northern Territory - Outback,2012-06-01,3.0
702,Northern Territory - Outback,2012-07-01,3.3
702,Northern Territory - Outback,2012-08-01,3.9
702,Northern Territory - Outback,2012-09-01,2.0
702,Northern Territory - Outback,2012-10-01,3.5
702,Northern Territory - Outback,2012-11-01,2.3
702,Northern Territory - Outback,2012-12-01,3.5
702,Northern Territory - Outback,2013-01-01,4.5
702,Northern Territory - Outback,2013-02-01,4.5
702,Northern Territory - Outback,2013-03-01,4.0
702,Northern Territory - Outback,2013-04-01,5.3
702,Northern Territory - Outback,2013-05-01,5.7
702,Northern Territory - Outback,2013-06-01,5.1
702,Northern Territory - Outback,2013-07-01,4.5
702,Northern Territory - Outback,2013-08-01,5.2
702,Northern Territory - Outback,2013-09-01,4.6
702,Northern Territory - Outback,2013-10-01,4.1
702,Northern Territory - Outback,2013-11-01,3.4
702,Northern Territory - Outback,2013-12-01,3.2
702,Northern Territory - Outback,2014-01-01,3.7
702,Northern Territory - Outback,2014-02-01,3.0
702,Northern Territory - Outback,2014-03-01,3.6
702,Northern Territory - Outback,2014-04-01,3.4
702,Northern Territory - Outback,2014-05-01,2.2
702,Northern Territory - Outback,2014-06-01,3.9
702,Northern Territory - Outback,2014-07-01,4.7
702,Northern Territory - Outback,2014-08-01,2.7
702,Northern Territory - Outback,2014-09-01,2.3
702,Northern Territory - Outback,2014-10-01,2.1
702,Northern Territory - Outback,2014-11-01,2.9
702,Northern Territory - Outback,2014-12-01,2.5
702,Northern Territory - Outback,2015-01-01,3.0
702,Northern Territory - Outback,2015-02-01,3.8
702,Northern Territory - Outback,2015-03-01,3.3
702,Northern Territory - Outback,2015-04-01,3.7
702,Northern Territory - Outback,2015-05-01,3.4
702,Northern Territory - Outback,2015-06-01,3.9
702,Northern Territory - Outback,2015-07-01,3.1
702,Northern Territory - Outback,2015-08-01,4.6
702,Northern Territory - Outback,2015-09-01,4.3
702,Northern Territory - Outback,2015-10-01,2.7
702,Northern Territory - Outback,2015-11-01,2.7
702,Northern Territory - Outback,2015-12-01,2.5
702,Northern Territory - Outback,2016-01-01,3.4
702,Northern Territory - Outback,2016-02-01,3.2
702,Northern Territory - Outback,2016-03-01,3.1
702,Northern Territory - Outback,2016-04-01,2.6
702,Northern Territory - Outback,2016-05-01,2.7
702,Northern Territory - Outback,2016-06-01,2.8
702,Northern Territory - Outback,2016-07-01,2.6
702,Northern Territory - Outback,2016-08-01,2.9
702,Northern Territory - Outback,2016-09-01,2.5
702,Northern Territory - Outback,2016-10-01,2.8
702,Northern Territory - Outback,2016-11-01,2.9
702,Northern Territory - Outback,2016-12-01,2.9
702,Northern Territory - Outback,2017-01-01,3.4
702,Northern Territory - Outback,2017-02-01,3.3
702,Northern Territory - Outback,2017-03-01,3.7
702,Northern Territory - Outback,2017-04-01,3.7
702,Northern Territory - Outback,2017-05-01,3.6
702,Northern Territory - Outback,2017-06-01,4.0
702,Northern Territory - Outback,2017-07-01,3.7
702,Northern Territory - Outback,2017-08-01,3.8
702,Northern Territory - Outback,2017-09-01,4.1
702,Northern Territory - Outback,2017-10-01,3.9
702,Northern Territory - Outback,2017-11-01,4.1
702,Northern Territory - Outback,2017-12-01,4.1
702,Northern Territory - Outback,2018-01-01,3.9
702,Northern Territory - Outback,2018-02-01,4.2
702,Northern Territory - Outback,2018-03-01,4.0
702,Northern Territory - Outback,2018-04-01,3.9
702,Northern Territory - Outback,2018-05-01,4.1
702,Northern Territory - Outback,2018-06-01,3.8
702,Northern Territory - Outback,2018-07-01,3.8
702,Northern Territory - Outback,2018-08-01,3.8
702,Northern Territory - Outback,2018-09-01,3.6
702,Northern Territory - Outback,2018-10-01,3.9
702,Northern Territory - Outback,2018-11-01,3.8
702,Northern Territory - Outback,2018-12-01,3.8
702,Northern Territory - Outback,2019-01-01,3.7
702,Northern Territory - Outback,2019-02-01,4.3
702,Northern Territory - Outback,2019-03-01,3.8
702,Northern Territory - Outback,2019-04-01,4.1
702,Northern Territory - Outback,2019-05-01,4.0
702,Northern Territory - Outback,2019-06-01,4.2
702,Northern Territory - Outback,2019-07-01,4.7
702,Northern Territory - Outback,2019-08-01,4.3
702,Northern Territory - Outback,2019-09-01,5.0
702,Northern Territory - Outback,2019-10-01,4.8
702,Northern Territory - Outback,2019-11-01,4.2
702,Northern Territory - Outback,2019-12-01,4.1
702,Northern Territory - Outback,2020-01-01,4.3
702,Northern Territory - Outback,2020-02-01,4.6
702,Northern Territory - Outback,2020-03-01,4.5
702,Northern Territory - Outback,2020-04-01,4.3
702,Northern Territory - Outback,2020-05-01,4.2
702,Northern Territory - Outback,2020-06-01,3.8
702,Northern Territory - Outback,2020-07-01,4.3
702,Northern Territory - Outback,2020-08-01,3.8
702,Northern Territory - Outback,2020-09-01,3.6
702,Northern Territory - Outback,2020-10-01,3.9
702,Northern Territory - Outback,2020-11-01,3.8
702,Northern Territory - Outback,2020-12-01,3.9
702,Northern Territory - Outback,2021-01-01,4.1
702,Northern Territory - Outback,2021-02-01,4.4
702,Northern Territory - Outback,2021-03-01,4.7
702,Northern Territory - Outback,2021-04-01,4.4
702,Northern Territory - Outback,2021-05-01,4.8
702,Northern Territory - Outback,2021-06-01,4.6
702,Northern Territory - Outback,2021-07-01,4.2
702,Northern Territory - Outback,2021-08-01,4.0
702,Northern Territory - Outback,2021-09-01,3.8
702,Northern Territory - Outback,2021-10-01,3.8
702,Northern Territory - Outback,2021-11-01,3.5
702,Northern Territory - Outback,2021-12-01,3.3
702,Northern Territory - Outback,2022-01-01,3.3
702,Northern Territory - Outback,2022-02-01,3.6
702,Northern Territory - Outback,2022-03-01,3.7
702,Northern Territory - Outback,2022-04-01,3.2
702,Northern Territory - Outback,2022-05-01,3.4
702,Northern Territory - Outback,2022-06-01,3.5
702,Northern Territory - Outback,2022-07-01,3.2
702,Northern Territory - Outback,2022-08-01,3.2
702,Northern Territory - Outback,2022-09-01,2.9
702,Northern Territory - Outback,2022-10-01,3.1
702,Northern Territory - Outback,2022-11-01,2.9
702,Northern Territory - Outback,2022-12-01,3.6
702,Northern Territory - Outback,2023-01-01,3.2
702,Northern Territory - Outback,2023-02-01,4.0
702,Northern Territory - Outback,2023-03-01,3.7
702,Northern Territory - Outback,2023-04-01,3.1
702,Northern Territory - Outback,2023-05-01,3.0
702,Northern Territory - Outback,2023-06-01,3.0
702,Northern Territory - Outback,2023-07-01,3.5
702,Northern Territory - Outback,2023-08-01,3.4
702,Northern Territory - Outback,2023-09-01,3.2
702,Northern Territory - Outback,2023-10-01,3.0
702,Northern Territory - Outback,2023-11-01,3.3
702,Northern Territory - Outback,2023-12-01,3.4
702,Northern Territory - Outback,2024-01-01,3.1
702,Northern Territory - Outback,2024-02-01,3.2
702,Northern Territory - Outback,2024-03-01,3.3
702,Northern Territory - Outback,2024-04-01,3.2
702,Northern Territory - Outback,2024-05-01,3.1
702,Northern Territory - Outback,2024-06-01,3.5
702,Northern Territory - Outback,2024-07-01,3.4
702,Northern Territory - Outback,2024-08-01,3.2
702,Northern Territory - Outback,2024-09-01,3.1
702,Northern Territory - Outback,2024-10-01,3.2
702,Northern Territory - Outback,2024-11-01,2.9
702,Northern Territory - Outback,2024-12-01,3.0
702,Northern Territory - Outback,2025-01-01,3.5
702,Northern Territory - Outback,2025-02-01,3.7
702,Northern Territory - Outback,2025-03-01,3.0
702,Northern Territory - Outback,2025-04-01,3.1
702,Northern Territory - Outback,2025-05-01,3.1
702,Northern Territory - Outback,2025-06-01,2.9
702,Northern Territory - Outback,2025-07-01,3.3
702,Northern Territory - Outback,2025-08-01,3.4
702,Northern Territory - Outback,2025-09-01,3.3
702,Northern Territory - Outback,2025-10-01,3.7
702,Northern Territory - Outback,2025-11-01,3.4
702,Northern Territory - Outback,2025-12-01,3.3
702,Northern Territory - Outback,2026-01-01,3.7
702,Northern Territory - Outback,2026-02-01,3.9
702,Northern Territory - Outback,2026-03-01,3.6
801,Australian Capital Territory(a),2012-01-01,8.2
801,Australian Capital Territory(a),2012-02-01,8.8
801,Australian Capital Territory(a),2012-03-01,9.8
801,Australian Capital Territory(a),2012-04-01,6.5
801,Australian Capital Territory(a),2012-05-01,9.3
801,Australian Capital Territory(a),2012-06-01,8.4
801,Australian Capital Territory(a),2012-07-01,7.6
801,Australian Capital Territory(a),2012-08-01,7.4
801,Australian Capital Territory(a),2012-09-01,8.4
801,Australian Capital Territory(a),2012-10-01,8.6
801,Australian Capital Territory(a),2012-11-01,8.5
801,Australian Capital Territory(a),2012-12-01,9.0
801,Australian Capital Territory(a),2013-01-01,12.0
801,Australian Capital Territory(a),2013-02-01,11.6
801,Australian Capital Territory(a),2013-03-01,10.8
801,Australian Capital Territory(a),2013-04-01,10.7
801,Australian Capital Territory(a),2013-05-01,8.7
801,Australian Capital Territory(a),2013-06-01,8.1
801,Australian Capital Territory(a),2013-07-01,7.8
801,Australian Capital Territory(a),2013-08-01,8.1
801,Australian Capital Territory(a),2013-09-01,10.0
801,Australian Capital Territory(a),2013-10-01,8.8
801,Australian Capital Territory(a),2013-11-01,7.2
801,Australian Capital Territory(a),2013-12-01,7.9
801,Australian Capital Territory(a),2014-01-01,9.4
801,Australian Capital Territory(a),2014-02-01,8.1
801,Australian Capital Territory(a),2014-03-01,9.6
801,Australian Capital Territory(a),2014-04-01,8.5
801,Australian Capital Territory(a),2014-05-01,9.6
801,Australian Capital Territory(a),2014-06-01,7.5
801,Australian Capital Territory(a),2014-07-01,8.8
801,Australian Capital Territory(a),2014-08-01,11.2
801,Australian Capital Territory(a),2014-09-01,10.5
801,Australian Capital Territory(a),2014-10-01,12.4
801,Australian Capital Territory(a),2014-11-01,9.0
801,Australian Capital Territory(a),2014-12-01,9.0
801,Australian Capital Territory(a),2015-01-01,10.9
801,Australian Capital Territory(a),2015-02-01,12.2
801,Australian Capital Territory(a),2015-03-01,11.0
801,Australian Capital Territory(a),2015-04-01,9.6
801,Australian Capital Territory(a),2015-05-01,9.7
801,Australian Capital Territory(a),2015-06-01,8.0
801,Australian Capital Territory(a),2015-07-01,10.2
801,Australian Capital Territory(a),2015-08-01,12.0
801,Australian Capital Territory(a),2015-09-01,11.3
801,Australian Capital Territory(a),2015-10-01,10.9
801,Australian Capital Territory(a),2015-11-01,10.5
801,Australian Capital Territory(a),2015-12-01,11.0
801,Australian Capital Territory(a),2016-01-01,11.7
801,Australian Capital Territory(a),2016-02-01,12.2
801,Australian Capital Territory(a),2016-03-01,9.0
801,Australian Capital Territory(a),2016-04-01,9.0
801,Australian Capital Territory(a),2016-05-01,8.5
801,Australian Capital Territory(a),2016-06-01,6.9
801,Australian Capital Territory(a),2016-07-01,8.0
801,Australian Capital Territory(a),2016-08-01,8.3
801,Australian Capital Territory(a),2016-09-01,7.8
801,Australian Capital Territory(a),2016-10-01,8.2
801,Australian Capital Territory(a),2016-11-01,9.2
801,Australian Capital Territory(a),2016-12-01,8.1
801,Australian Capital Territory(a),2017-01-01,9.4
801,Australian Capital Territory(a),2017-02-01,11.0
801,Australian Capital Territory(a),2017-03-01,9.6
801,Australian Capital Territory(a),2017-04-01,8.5
801,Australian Capital Territory(a),2017-05-01,8.7
801,Australian Capital Territory(a),2017-06-01,11.2
801,Australian Capital Territory(a),2017-07-01,10.6
801,Australian Capital Territory(a),2017-08-01,9.8
801,Australian Capital Territory(a),2017-09-01,9.8
801,Australian Capital Territory(a),2017-10-01,8.4
801,Australian Capital Territory(a),2017-11-01,9.6
801,Australian Capital Territory(a),2017-12-01,10.1
801,Australian Capital Territory(a),2018-01-01,11.7
801,Australian Capital Territory(a),2018-02-01,11.5
801,Australian Capital Territory(a),2018-03-01,10.3
801,Australian Capital Territory(a),2018-04-01,8.9
801,Australian Capital Territory(a),2018-05-01,8.3
801,Australian Capital Territory(a),2018-06-01,8.1
801,Australian Capital Territory(a),2018-07-01,8.8
801,Australian Capital Territory(a),2018-08-01,9.4
801,Australian Capital Territory(a),2018-09-01,8.3
801,Australian Capital Territory(a),2018-10-01,8.3
801,Australian Capital Territory(a),2018-11-01,6.1
801,Australian Capital Territory(a),2018-12-01,8.9
801,Australian Capital Territory(a),2019-01-01,9.1
801,Australian Capital Territory(a),2019-02-01,9.1
801,Australian Capital Territory(a),2019-03-01,10.0
801,Australian Capital Territory(a),2019-04-01,11.6
801,Australian Capital Territory(a),2019-05-01,10.3
801,Australian Capital Territory(a),2019-06-01,6.3
801,Australian Capital Territory(a),2019-07-01,8.4
801,Australian Capital Territory(a),2019-08-01,10.0
801,Australian Capital Territory(a),2019-09-01,8.4
801,Australian Capital Territory(a),2019-10-01,7.3
801,Australian Capital Territory(a),2019-11-01,7.2
801,Australian Capital Territory(a),2019-12-01,7.4
801,Australian Capital Territory(a),2020-01-01,8.4
801,Australian Capital Territory(a),2020-02-01,8.4
801,Australian Capital Territory(a),2020-03-01,9.2
801,Australian Capital Territory(a),2020-04-01,10.4
801,Australian Capital Territory(a),2020-05-01,9.7
801,Australian Capital Territory(a),2020-06-01,10.8
801,Australian Capital Territory(a),2020-07-01,11.8
801,Australian Capital Territory(a),2020-08-01,11.7
801,Australian Capital Territory(a),2020-09-01,10.1
801,Australian Capital Territory(a),2020-10-01,10.1
801,Australian Capital Territory(a),2020-11-01,9.9
801,Australian Capital Territory(a),2020-12-01,9.7
801,Australian Capital Territory(a),2021-01-01,12.6
801,Australian Capital Territory(a),2021-02-01,12.9
801,Australian Capital Territory(a),2021-03-01,10.2
801,Australian Capital Territory(a),2021-04-01,9.4
801,Australian Capital Territory(a),2021-05-01,9.4
801,Australian Capital Territory(a),2021-06-01,11.4
801,Australian Capital Territory(a),2021-07-01,11.3
801,Australian Capital Territory(a),2021-08-01,9.7
801,Australian Capital Territory(a),2021-09-01,10.1
801,Australian Capital Territory(a),2021-10-01,15.5
801,Australian Capital Territory(a),2021-11-01,9.1
801,Australian Capital Territory(a),2021-12-01,11.4
801,Australian Capital Territory(a),2022-01-01,9.6
801,Australian Capital Territory(a),2022-02-01,9.4
801,Australian Capital Territory(a),2022-03-01,10.4
801,Australian Capital Territory(a),2022-04-01,8.8
801,Australian Capital Territory(a),2022-05-01,8.7
801,Australian Capital Territory(a),2022-06-01,7.9
801,Australian Capital Territory(a),2022-07-01,8.8
801,Australian Capital Territory(a),2022-08-01,7.6
801,Australian Capital Territory(a),2022-09-01,8.6
801,Australian Capital Territory(a),2022-10-01,8.3
801,Australian Capital Territory(a),2022-11-01,6.3
801,Australian Capital Territory(a),2022-12-01,7.8
801,Australian Capital Territory(a),2023-01-01,10.3
801,Australian Capital Territory(a),2023-02-01,9.7
801,Australian Capital Territory(a),2023-03-01,8.6
801,Australian Capital Territory(a),2023-04-01,8.5
801,Australian Capital Territory(a),2023-05-01,8.4
801,Australian Capital Territory(a),2023-06-01,9.9
801,Australian Capital Territory(a),2023-07-01,10.8
801,Australian Capital Territory(a),2023-08-01,9.1
801,Australian Capital Territory(a),2023-09-01,11.2
801,Australian Capital Territory(a),2023-10-01,10.7
801,Australian Capital Territory(a),2023-11-01,9.5
801,Australian Capital Territory(a),2023-12-01,11.0
801,Australian Capital Territory(a),2024-01-01,13.0
801,Australian Capital Territory(a),2024-02-01,13.7
801,Australian Capital Territory(a),2024-03-01,8.9
801,Australian Capital Territory(a),2024-04-01,10.7
801,Australian Capital Territory(a),2024-05-01,10.3
801,Australian Capital Territory(a),2024-06-01,7.7
801,Australian Capital Territory(a),2024-07-01,11.3
801,Australian Capital Territory(a),2024-08-01,11.0
801,Australian Capital Territory(a),2024-09-01,9.6
801,Australian Capital Territory(a),2024-10-01,8.4
801,Australian Capital Territory(a),2024-11-01,7.4
801,Australian Capital Territory(a),2024-12-01,8.7
801,Australian Capital Territory(a),2025-01-01,10.4
801,Australian Capital Territory(a),2025-02-01,8.8
801,Australian Capital Territory(a),2025-03-01,8.4
801,Australian Capital Territory(a),2025-04-01,11.2
801,Australian Capital Territory(a),2025-05-01,11.7
801,Australian Capital Territory(a),2025-06-01,9.3
801,Australian Capital Territory(a),2025-07-01,12.5
801,Australian Capital Territory(a),2025-08-01,13.1
801,Australian Capital Territory(a),2025-09-01,12.2
801,Australian Capital Territory(a),2025-10-01,12.7
801,Australian Capital Territory(a),2025-11-01,11.2
801,Australian Capital Territory(a),2025-12-01,9.3
801,Australian Capital Territory(a),2026-01-01,13.2
801,Australian Capital Territory(a),2026-02-01,11.1
801,Australian Capital Territory(a),2026-03-01,12.0
